student_id,timestamp,current_location,next_location,event_type,crowd_density,time_of_day
103,2026-03-15 08:00:00,canteen,lab,technical,high,morning
180,2026-03-15 08:00:00,lab,lab,technical,high,afternoon
93,2026-03-15 08:00:00,stage,canteen,cultural,medium,afternoon
15,2026-03-15 08:00:00,stage,lab,cultural,low,evening
107,2026-03-15 08:00:00,lab,canteen,technical,high,afternoon
72,2026-03-15 08:00:00,stage,lab,technical,low,morning
189,2026-03-15 08:00:00,stage,canteen,sports,high,evening
21,2026-03-15 08:00:00,lab,stage,sports,medium,morning
103,2026-03-15 08:00:00,stage,canteen,cultural,high,morning
122,2026-03-15 08:00:00,canteen,canteen,sports,low,evening
75,2026-03-15 08:00:00,lab,stage,technical,low,morning
88,2026-03-15 08:00:00,canteen,lab,technical,low,evening
117,2026-03-15 08:01:00,stage,canteen,technical,medium,morning
100,2026-03-15 08:01:00,stage,lab,technical,high,morning
104,2026-03-15 08:01:00,lab,canteen,cultural,medium,evening
152,2026-03-15 08:01:00,stage,canteen,technical,medium,morning
131,2026-03-15 08:01:00,lab,lab,technical,low,morning
150,2026-03-15 08:01:00,lab,canteen,technical,low,evening
53,2026-03-15 08:01:00,lab,lab,technical,medium,evening
2,2026-03-15 08:01:00,lab,lab,cultural,medium,evening
88,2026-03-15 08:01:00,lab,lab,cultural,high,afternoon
158,2026-03-15 08:01:00,canteen,lab,sports,low,morning
38,2026-03-15 08:01:00,lab,lab,cultural,low,evening
130,2026-03-15 08:02:00,canteen,canteen,cultural,low,morning
192,2026-03-15 08:02:00,stage,lab,cultural,high,evening
188,2026-03-15 08:02:00,lab,stage,sports,high,morning
21,2026-03-15 08:02:00,stage,canteen,technical,low,morning
161,2026-03-15 08:02:00,lab,lab,sports,low,evening
58,2026-03-15 08:02:00,canteen,lab,technical,medium,evening
22,2026-03-15 08:02:00,canteen,lab,cultural,medium,afternoon
89,2026-03-15 08:02:00,canteen,lab,technical,high,evening
49,2026-03-15 08:02:00,stage,lab,sports,low,evening
59,2026-03-15 08:02:00,lab,lab,technical,medium,evening
170,2026-03-15 08:02:00,stage,canteen,technical,medium,afternoon
188,2026-03-15 08:02:00,canteen,stage,cultural,low,morning
15,2026-03-15 08:02:00,stage,canteen,technical,low,afternoon
190,2026-03-15 08:03:00,canteen,lab,technical,medium,morning
190,2026-03-15 08:03:00,canteen,stage,cultural,low,evening
175,2026-03-15 08:03:00,canteen,stage,sports,low,evening
190,2026-03-15 08:03:00,lab,canteen,cultural,high,evening
51,2026-03-15 08:03:00,lab,lab,technical,medium,afternoon
108,2026-03-15 08:03:00,canteen,lab,cultural,medium,afternoon
55,2026-03-15 08:03:00,stage,canteen,cultural,high,evening
64,2026-03-15 08:03:00,stage,canteen,technical,high,afternoon
131,2026-03-15 08:03:00,lab,canteen,sports,medium,evening
51,2026-03-15 08:03:00,canteen,stage,cultural,medium,afternoon
135,2026-03-15 08:04:00,stage,stage,sports,low,evening
21,2026-03-15 08:04:00,canteen,lab,cultural,low,afternoon
73,2026-03-15 08:04:00,stage,lab,technical,medium,morning
167,2026-03-15 08:04:00,lab,stage,technical,low,evening
18,2026-03-15 08:04:00,canteen,stage,cultural,low,afternoon
132,2026-03-15 08:04:00,canteen,canteen,cultural,low,afternoon
89,2026-03-15 08:04:00,stage,canteen,cultural,high,evening
60,2026-03-15 08:04:00,stage,canteen,technical,medium,afternoon
14,2026-03-15 08:04:00,stage,canteen,cultural,medium,morning
9,2026-03-15 08:04:00,canteen,stage,technical,medium,morning
90,2026-03-15 08:04:00,lab,lab,cultural,low,afternoon
53,2026-03-15 08:04:00,lab,lab,technical,low,evening
130,2026-03-15 08:04:00,stage,canteen,cultural,high,afternoon
84,2026-03-15 08:04:00,lab,canteen,sports,high,afternoon
92,2026-03-15 08:05:00,stage,lab,sports,medium,morning
111,2026-03-15 08:05:00,lab,lab,technical,high,afternoon
188,2026-03-15 08:05:00,canteen,stage,cultural,high,evening
199,2026-03-15 08:05:00,stage,canteen,sports,low,morning
172,2026-03-15 08:05:00,lab,canteen,cultural,medium,afternoon
8,2026-03-15 08:05:00,canteen,stage,cultural,medium,evening
175,2026-03-15 08:05:00,lab,canteen,cultural,high,morning
35,2026-03-15 08:05:00,canteen,lab,sports,low,evening
81,2026-03-15 08:05:00,canteen,canteen,technical,high,evening
164,2026-03-15 08:05:00,lab,canteen,sports,high,evening
50,2026-03-15 08:05:00,lab,canteen,technical,medium,afternoon
104,2026-03-15 08:05:00,canteen,lab,sports,low,morning
132,2026-03-15 08:05:00,canteen,stage,cultural,high,afternoon
2,2026-03-15 08:05:00,canteen,lab,cultural,high,morning
134,2026-03-15 08:05:00,stage,stage,cultural,low,evening
54,2026-03-15 08:05:00,canteen,stage,sports,high,evening
106,2026-03-15 08:05:00,stage,canteen,sports,medium,afternoon
4,2026-03-15 08:05:00,canteen,stage,technical,high,evening
54,2026-03-15 08:05:00,stage,stage,sports,medium,evening
191,2026-03-15 08:06:00,canteen,stage,technical,medium,evening
146,2026-03-15 08:06:00,canteen,lab,sports,medium,morning
44,2026-03-15 08:06:00,canteen,lab,cultural,medium,morning
162,2026-03-15 08:06:00,lab,canteen,sports,medium,afternoon
190,2026-03-15 08:06:00,lab,lab,cultural,medium,morning
14,2026-03-15 08:06:00,canteen,stage,sports,high,evening
95,2026-03-15 08:06:00,stage,canteen,technical,low,evening
48,2026-03-15 08:06:00,stage,canteen,sports,high,evening
15,2026-03-15 08:06:00,canteen,lab,cultural,low,afternoon
200,2026-03-15 08:06:00,lab,lab,sports,high,evening
190,2026-03-15 08:06:00,stage,lab,technical,low,evening
40,2026-03-15 08:06:00,lab,stage,technical,high,afternoon
82,2026-03-15 08:06:00,stage,lab,technical,medium,morning
111,2026-03-15 08:06:00,canteen,stage,technical,low,morning
53,2026-03-15 08:06:00,lab,lab,sports,high,morning
24,2026-03-15 08:06:00,stage,canteen,technical,medium,afternoon
154,2026-03-15 08:06:00,canteen,canteen,sports,high,afternoon
188,2026-03-15 08:06:00,canteen,stage,sports,low,evening
124,2026-03-15 08:06:00,canteen,stage,sports,high,evening
41,2026-03-15 08:07:00,lab,lab,technical,high,afternoon
157,2026-03-15 08:07:00,lab,lab,technical,medium,afternoon
15,2026-03-15 08:07:00,canteen,lab,sports,medium,evening
45,2026-03-15 08:07:00,lab,lab,sports,medium,evening
65,2026-03-15 08:07:00,stage,lab,sports,low,evening
89,2026-03-15 08:07:00,canteen,canteen,cultural,medium,morning
71,2026-03-15 08:07:00,canteen,stage,cultural,low,morning
9,2026-03-15 08:07:00,lab,stage,technical,medium,evening
88,2026-03-15 08:07:00,canteen,canteen,cultural,medium,afternoon
129,2026-03-15 08:07:00,stage,canteen,sports,medium,morning
136,2026-03-15 08:07:00,lab,stage,sports,medium,evening
63,2026-03-15 08:07:00,lab,stage,technical,low,morning
139,2026-03-15 08:07:00,canteen,stage,technical,low,afternoon
81,2026-03-15 08:07:00,canteen,lab,cultural,low,afternoon
136,2026-03-15 08:07:00,canteen,stage,sports,medium,afternoon
163,2026-03-15 08:08:00,lab,canteen,technical,medium,evening
163,2026-03-15 08:08:00,canteen,lab,technical,medium,evening
33,2026-03-15 08:08:00,stage,canteen,cultural,low,morning
123,2026-03-15 08:08:00,canteen,stage,technical,high,evening
5,2026-03-15 08:08:00,canteen,canteen,cultural,high,evening
41,2026-03-15 08:08:00,lab,stage,sports,high,evening
28,2026-03-15 08:08:00,canteen,canteen,cultural,low,morning
135,2026-03-15 08:08:00,lab,stage,technical,high,evening
72,2026-03-15 08:08:00,canteen,lab,cultural,low,afternoon
12,2026-03-15 08:08:00,stage,canteen,cultural,low,evening
162,2026-03-15 08:09:00,stage,canteen,sports,medium,evening
33,2026-03-15 08:09:00,lab,canteen,cultural,medium,afternoon
48,2026-03-15 08:09:00,lab,canteen,technical,low,morning
151,2026-03-15 08:09:00,canteen,lab,technical,high,evening
62,2026-03-15 08:09:00,canteen,stage,sports,low,evening
37,2026-03-15 08:09:00,stage,canteen,sports,low,evening
99,2026-03-15 08:09:00,canteen,lab,sports,high,evening
172,2026-03-15 08:09:00,stage,canteen,technical,medium,afternoon
104,2026-03-15 08:09:00,lab,canteen,cultural,low,evening
35,2026-03-15 08:09:00,canteen,canteen,technical,medium,morning
193,2026-03-15 08:09:00,lab,stage,technical,medium,afternoon
101,2026-03-15 08:09:00,canteen,stage,sports,medium,afternoon
175,2026-03-15 08:10:00,stage,stage,sports,low,morning
131,2026-03-15 08:10:00,lab,stage,cultural,high,evening
1,2026-03-15 08:10:00,lab,canteen,cultural,high,evening
5,2026-03-15 08:10:00,canteen,lab,cultural,medium,evening
142,2026-03-15 08:10:00,lab,canteen,cultural,medium,morning
103,2026-03-15 08:10:00,stage,lab,technical,high,afternoon
27,2026-03-15 08:10:00,lab,lab,cultural,medium,evening
137,2026-03-15 08:10:00,lab,lab,technical,high,morning
15,2026-03-15 08:10:00,canteen,lab,technical,high,morning
90,2026-03-15 08:10:00,lab,canteen,cultural,low,evening
42,2026-03-15 08:10:00,canteen,stage,cultural,medium,morning
124,2026-03-15 08:10:00,canteen,lab,technical,medium,evening
179,2026-03-15 08:10:00,lab,lab,sports,low,evening
63,2026-03-15 08:10:00,stage,lab,cultural,high,evening
96,2026-03-15 08:10:00,canteen,lab,sports,medium,afternoon
52,2026-03-15 08:10:00,lab,canteen,technical,low,morning
96,2026-03-15 08:10:00,canteen,canteen,sports,high,afternoon
132,2026-03-15 08:10:00,stage,canteen,technical,low,evening
151,2026-03-15 08:11:00,stage,stage,sports,low,morning
143,2026-03-15 08:11:00,canteen,canteen,sports,low,evening
171,2026-03-15 08:11:00,stage,canteen,sports,low,morning
29,2026-03-15 08:11:00,lab,lab,technical,high,evening
36,2026-03-15 08:11:00,lab,canteen,technical,low,morning
13,2026-03-15 08:11:00,canteen,lab,technical,high,evening
160,2026-03-15 08:11:00,stage,canteen,cultural,low,evening
71,2026-03-15 08:11:00,lab,lab,technical,low,afternoon
187,2026-03-15 08:11:00,lab,stage,cultural,medium,afternoon
86,2026-03-15 08:11:00,lab,lab,technical,medium,morning
28,2026-03-15 08:11:00,canteen,lab,cultural,medium,morning
66,2026-03-15 08:12:00,canteen,stage,sports,medium,afternoon
170,2026-03-15 08:12:00,lab,stage,sports,low,evening
45,2026-03-15 08:12:00,lab,lab,technical,low,evening
62,2026-03-15 08:12:00,stage,stage,cultural,high,morning
185,2026-03-15 08:12:00,stage,canteen,sports,low,morning
134,2026-03-15 08:12:00,stage,canteen,sports,high,evening
28,2026-03-15 08:12:00,canteen,lab,cultural,low,afternoon
28,2026-03-15 08:13:00,lab,lab,technical,low,morning
108,2026-03-15 08:13:00,canteen,canteen,sports,high,evening
44,2026-03-15 08:13:00,lab,canteen,technical,medium,morning
84,2026-03-15 08:13:00,stage,lab,technical,low,afternoon
30,2026-03-15 08:13:00,stage,lab,cultural,medium,morning
190,2026-03-15 08:13:00,stage,lab,cultural,high,evening
75,2026-03-15 08:13:00,stage,canteen,sports,low,afternoon
128,2026-03-15 08:13:00,lab,canteen,cultural,high,evening
92,2026-03-15 08:13:00,stage,canteen,sports,low,afternoon
190,2026-03-15 08:13:00,lab,lab,sports,high,evening
129,2026-03-15 08:13:00,lab,stage,sports,high,morning
121,2026-03-15 08:13:00,canteen,canteen,technical,medium,afternoon
27,2026-03-15 08:13:00,stage,stage,technical,medium,afternoon
190,2026-03-15 08:13:00,stage,canteen,cultural,medium,afternoon
121,2026-03-15 08:13:00,canteen,lab,cultural,low,morning
116,2026-03-15 08:13:00,lab,stage,sports,high,afternoon
3,2026-03-15 08:13:00,stage,canteen,sports,medium,morning
103,2026-03-15 08:13:00,lab,lab,technical,low,morning
198,2026-03-15 08:13:00,canteen,stage,technical,medium,afternoon
200,2026-03-15 08:13:00,lab,lab,sports,low,evening
155,2026-03-15 08:13:00,stage,lab,sports,high,afternoon
137,2026-03-15 08:14:00,lab,lab,cultural,high,evening
62,2026-03-15 08:14:00,lab,canteen,sports,high,evening
165,2026-03-15 08:14:00,stage,stage,sports,low,afternoon
51,2026-03-15 08:14:00,stage,stage,sports,high,afternoon
172,2026-03-15 08:14:00,lab,lab,technical,low,evening
152,2026-03-15 08:14:00,lab,lab,technical,low,afternoon
59,2026-03-15 08:14:00,canteen,lab,cultural,low,afternoon
118,2026-03-15 08:15:00,stage,canteen,cultural,high,morning
160,2026-03-15 08:15:00,lab,stage,cultural,high,evening
96,2026-03-15 08:15:00,stage,canteen,sports,high,morning
180,2026-03-15 08:15:00,canteen,canteen,sports,low,afternoon
113,2026-03-15 08:15:00,lab,lab,technical,high,afternoon
62,2026-03-15 08:15:00,lab,canteen,sports,low,morning
186,2026-03-15 08:15:00,lab,canteen,sports,high,morning
52,2026-03-15 08:15:00,stage,canteen,technical,low,afternoon
12,2026-03-15 08:15:00,canteen,stage,cultural,medium,evening
39,2026-03-15 08:15:00,stage,canteen,sports,high,morning
130,2026-03-15 08:15:00,lab,stage,technical,high,evening
131,2026-03-15 08:15:00,canteen,canteen,technical,low,afternoon
113,2026-03-15 08:15:00,lab,stage,cultural,low,evening
101,2026-03-15 08:15:00,lab,stage,technical,low,evening
113,2026-03-15 08:15:00,stage,canteen,cultural,medium,afternoon
184,2026-03-15 08:15:00,lab,canteen,cultural,high,afternoon
81,2026-03-15 08:16:00,canteen,lab,cultural,low,afternoon
187,2026-03-15 08:16:00,lab,lab,cultural,medium,evening
113,2026-03-15 08:16:00,lab,lab,cultural,medium,morning
2,2026-03-15 08:16:00,stage,lab,technical,low,afternoon
130,2026-03-15 08:16:00,canteen,stage,sports,high,afternoon
54,2026-03-15 08:16:00,stage,canteen,cultural,low,morning
87,2026-03-15 08:16:00,lab,lab,cultural,low,afternoon
129,2026-03-15 08:16:00,stage,lab,sports,low,afternoon
147,2026-03-15 08:16:00,stage,canteen,sports,medium,morning
126,2026-03-15 08:16:00,stage,canteen,cultural,medium,evening
130,2026-03-15 08:17:00,stage,canteen,sports,high,evening
53,2026-03-15 08:17:00,lab,lab,cultural,medium,evening
172,2026-03-15 08:17:00,lab,lab,technical,low,afternoon
160,2026-03-15 08:17:00,canteen,canteen,sports,medium,morning
198,2026-03-15 08:17:00,stage,canteen,sports,high,evening
160,2026-03-15 08:17:00,stage,canteen,technical,low,morning
68,2026-03-15 08:17:00,canteen,canteen,sports,low,evening
183,2026-03-15 08:17:00,stage,lab,technical,medium,evening
184,2026-03-15 08:17:00,canteen,lab,cultural,medium,afternoon
123,2026-03-15 08:17:00,lab,stage,sports,high,evening
145,2026-03-15 08:17:00,canteen,lab,sports,low,evening
38,2026-03-15 08:17:00,stage,canteen,technical,high,morning
24,2026-03-15 08:17:00,canteen,lab,cultural,medium,afternoon
69,2026-03-15 08:17:00,lab,lab,cultural,low,afternoon
116,2026-03-15 08:17:00,stage,lab,technical,medium,evening
98,2026-03-15 08:17:00,lab,canteen,sports,low,afternoon
198,2026-03-15 08:17:00,lab,canteen,sports,high,morning
139,2026-03-15 08:17:00,canteen,stage,technical,low,afternoon
144,2026-03-15 08:18:00,lab,canteen,technical,medium,evening
97,2026-03-15 08:18:00,stage,stage,technical,low,afternoon
124,2026-03-15 08:18:00,lab,canteen,sports,high,afternoon
187,2026-03-15 08:18:00,lab,stage,technical,medium,evening
70,2026-03-15 08:18:00,canteen,canteen,cultural,high,afternoon
93,2026-03-15 08:18:00,lab,canteen,technical,low,afternoon
3,2026-03-15 08:18:00,canteen,lab,cultural,low,evening
148,2026-03-15 08:18:00,canteen,lab,cultural,low,evening
187,2026-03-15 08:18:00,stage,canteen,technical,low,morning
164,2026-03-15 08:18:00,stage,stage,cultural,medium,evening
147,2026-03-15 08:18:00,stage,canteen,sports,low,evening
90,2026-03-15 08:18:00,stage,canteen,technical,medium,afternoon
195,2026-03-15 08:18:00,canteen,canteen,sports,medium,evening
147,2026-03-15 08:18:00,lab,lab,sports,medium,afternoon
148,2026-03-15 08:18:00,stage,canteen,cultural,low,evening
96,2026-03-15 08:18:00,stage,canteen,sports,low,morning
199,2026-03-15 08:19:00,stage,canteen,sports,high,morning
52,2026-03-15 08:19:00,lab,lab,technical,low,afternoon
161,2026-03-15 08:19:00,stage,lab,technical,low,afternoon
168,2026-03-15 08:19:00,lab,canteen,sports,low,afternoon
128,2026-03-15 08:19:00,canteen,canteen,cultural,medium,morning
39,2026-03-15 08:19:00,canteen,canteen,cultural,high,morning
82,2026-03-15 08:19:00,canteen,stage,technical,low,evening
104,2026-03-15 08:19:00,lab,lab,technical,high,evening
129,2026-03-15 08:19:00,stage,canteen,technical,medium,afternoon
11,2026-03-15 08:19:00,stage,stage,cultural,high,morning
185,2026-03-15 08:19:00,stage,canteen,technical,high,evening
178,2026-03-15 08:19:00,stage,canteen,sports,high,morning
151,2026-03-15 08:19:00,stage,lab,cultural,high,morning
159,2026-03-15 08:19:00,lab,lab,sports,high,afternoon
42,2026-03-15 08:20:00,canteen,lab,technical,medium,morning
99,2026-03-15 08:20:00,stage,canteen,cultural,low,afternoon
7,2026-03-15 08:20:00,canteen,lab,technical,high,evening
144,2026-03-15 08:20:00,lab,canteen,cultural,medium,morning
90,2026-03-15 08:20:00,lab,lab,technical,medium,afternoon
112,2026-03-15 08:20:00,stage,stage,cultural,low,morning
60,2026-03-15 08:20:00,lab,canteen,cultural,medium,morning
113,2026-03-15 08:20:00,canteen,canteen,cultural,low,evening
2,2026-03-15 08:20:00,stage,canteen,sports,high,afternoon
129,2026-03-15 08:20:00,stage,lab,technical,medium,morning
48,2026-03-15 08:20:00,canteen,stage,technical,medium,morning
140,2026-03-15 08:20:00,stage,canteen,cultural,medium,evening
197,2026-03-15 08:20:00,stage,canteen,sports,high,morning
37,2026-03-15 08:20:00,canteen,lab,cultural,low,afternoon
160,2026-03-15 08:20:00,stage,canteen,technical,low,afternoon
9,2026-03-15 08:20:00,stage,canteen,technical,medium,afternoon
99,2026-03-15 08:20:00,canteen,lab,cultural,medium,morning
147,2026-03-15 08:20:00,lab,canteen,cultural,high,morning
48,2026-03-15 08:20:00,canteen,canteen,cultural,high,afternoon
131,2026-03-15 08:20:00,stage,canteen,technical,low,morning
148,2026-03-15 08:20:00,canteen,lab,cultural,medium,evening
152,2026-03-15 08:20:00,stage,stage,cultural,medium,afternoon
54,2026-03-15 08:21:00,stage,canteen,technical,medium,evening
120,2026-03-15 08:21:00,canteen,lab,cultural,medium,evening
161,2026-03-15 08:21:00,stage,canteen,sports,high,morning
152,2026-03-15 08:21:00,lab,canteen,technical,high,morning
116,2026-03-15 08:21:00,stage,canteen,cultural,low,afternoon
75,2026-03-15 08:21:00,canteen,stage,cultural,medium,morning
113,2026-03-15 08:21:00,lab,canteen,technical,high,evening
200,2026-03-15 08:21:00,lab,canteen,technical,medium,morning
164,2026-03-15 08:21:00,stage,lab,sports,low,afternoon
166,2026-03-15 08:21:00,canteen,canteen,cultural,medium,morning
104,2026-03-15 08:21:00,stage,lab,cultural,high,evening
84,2026-03-15 08:21:00,stage,canteen,cultural,high,evening
112,2026-03-15 08:22:00,canteen,stage,technical,low,afternoon
99,2026-03-15 08:22:00,canteen,lab,technical,low,afternoon
153,2026-03-15 08:22:00,stage,stage,technical,medium,morning
93,2026-03-15 08:22:00,lab,lab,cultural,medium,morning
146,2026-03-15 08:22:00,stage,lab,cultural,high,afternoon
128,2026-03-15 08:22:00,lab,canteen,technical,high,evening
110,2026-03-15 08:22:00,stage,canteen,sports,high,morning
82,2026-03-15 08:22:00,canteen,canteen,cultural,low,afternoon
194,2026-03-15 08:22:00,lab,canteen,sports,low,afternoon
54,2026-03-15 08:22:00,canteen,canteen,technical,low,evening
163,2026-03-15 08:22:00,canteen,canteen,cultural,medium,afternoon
189,2026-03-15 08:22:00,canteen,lab,sports,low,morning
169,2026-03-15 08:22:00,canteen,stage,cultural,medium,morning
161,2026-03-15 08:22:00,canteen,lab,sports,medium,afternoon
68,2026-03-15 08:22:00,stage,lab,cultural,medium,afternoon
33,2026-03-15 08:22:00,lab,canteen,sports,low,evening
142,2026-03-15 08:23:00,stage,lab,sports,high,evening
21,2026-03-15 08:23:00,stage,canteen,technical,low,afternoon
48,2026-03-15 08:23:00,stage,stage,technical,low,morning
148,2026-03-15 08:23:00,canteen,lab,sports,low,evening
128,2026-03-15 08:23:00,stage,canteen,cultural,medium,afternoon
136,2026-03-15 08:23:00,lab,lab,sports,high,evening
135,2026-03-15 08:23:00,stage,lab,cultural,low,evening
195,2026-03-15 08:23:00,canteen,lab,cultural,low,evening
145,2026-03-15 08:23:00,lab,lab,cultural,medium,evening
128,2026-03-15 08:23:00,lab,lab,cultural,low,evening
33,2026-03-15 08:23:00,lab,stage,technical,low,evening
176,2026-03-15 08:23:00,lab,stage,sports,medium,morning
187,2026-03-15 08:23:00,stage,canteen,cultural,low,evening
115,2026-03-15 08:23:00,canteen,canteen,technical,high,afternoon
119,2026-03-15 08:23:00,lab,canteen,cultural,medium,afternoon
22,2026-03-15 08:23:00,lab,canteen,cultural,high,evening
158,2026-03-15 08:23:00,canteen,lab,technical,low,evening
38,2026-03-15 08:23:00,stage,canteen,technical,medium,afternoon
109,2026-03-15 08:23:00,lab,lab,cultural,medium,evening
51,2026-03-15 08:23:00,stage,canteen,sports,low,afternoon
182,2026-03-15 08:23:00,stage,stage,technical,high,afternoon
8,2026-03-15 08:23:00,stage,canteen,sports,low,morning
27,2026-03-15 08:23:00,stage,canteen,cultural,medium,morning
27,2026-03-15 08:24:00,lab,lab,cultural,medium,afternoon
21,2026-03-15 08:24:00,lab,stage,cultural,medium,evening
30,2026-03-15 08:24:00,stage,canteen,cultural,low,afternoon
97,2026-03-15 08:24:00,stage,canteen,cultural,low,afternoon
28,2026-03-15 08:24:00,canteen,canteen,cultural,low,evening
111,2026-03-15 08:24:00,canteen,stage,sports,high,morning
192,2026-03-15 08:24:00,canteen,stage,technical,high,afternoon
197,2026-03-15 08:24:00,lab,lab,cultural,high,morning
61,2026-03-15 08:24:00,canteen,lab,technical,medium,evening
48,2026-03-15 08:24:00,lab,canteen,sports,high,morning
147,2026-03-15 08:24:00,lab,canteen,cultural,medium,evening
4,2026-03-15 08:24:00,lab,canteen,cultural,high,evening
35,2026-03-15 08:24:00,lab,canteen,technical,high,morning
192,2026-03-15 08:24:00,canteen,lab,technical,medium,afternoon
49,2026-03-15 08:24:00,stage,lab,technical,low,afternoon
17,2026-03-15 08:24:00,stage,canteen,cultural,high,evening
172,2026-03-15 08:24:00,stage,lab,technical,medium,morning
158,2026-03-15 08:24:00,canteen,stage,technical,low,morning
46,2026-03-15 08:25:00,stage,canteen,sports,low,morning
117,2026-03-15 08:25:00,canteen,stage,cultural,low,morning
6,2026-03-15 08:25:00,canteen,stage,cultural,medium,evening
99,2026-03-15 08:25:00,canteen,lab,cultural,high,morning
124,2026-03-15 08:25:00,stage,canteen,technical,high,morning
37,2026-03-15 08:25:00,stage,stage,sports,high,afternoon
24,2026-03-15 08:25:00,stage,lab,technical,low,evening
93,2026-03-15 08:25:00,lab,lab,cultural,high,morning
46,2026-03-15 08:25:00,canteen,lab,technical,medium,morning
181,2026-03-15 08:25:00,lab,lab,cultural,high,evening
95,2026-03-15 08:25:00,canteen,stage,technical,high,evening
99,2026-03-15 08:25:00,stage,lab,technical,high,afternoon
188,2026-03-15 08:25:00,canteen,lab,cultural,high,evening
116,2026-03-15 08:25:00,canteen,lab,technical,medium,morning
191,2026-03-15 08:25:00,lab,lab,cultural,high,afternoon
160,2026-03-15 08:26:00,canteen,canteen,technical,low,morning
161,2026-03-15 08:26:00,stage,lab,technical,high,evening
67,2026-03-15 08:26:00,canteen,canteen,technical,low,evening
128,2026-03-15 08:26:00,canteen,canteen,cultural,low,evening
18,2026-03-15 08:26:00,canteen,stage,technical,low,afternoon
25,2026-03-15 08:26:00,lab,lab,technical,medium,morning
54,2026-03-15 08:26:00,canteen,canteen,sports,low,morning
58,2026-03-15 08:26:00,canteen,canteen,sports,low,afternoon
67,2026-03-15 08:26:00,lab,canteen,cultural,high,evening
104,2026-03-15 08:26:00,lab,lab,cultural,medium,morning
174,2026-03-15 08:26:00,lab,canteen,cultural,medium,evening
24,2026-03-15 08:26:00,lab,lab,cultural,medium,evening
114,2026-03-15 08:26:00,stage,lab,technical,low,morning
32,2026-03-15 08:26:00,stage,canteen,technical,low,evening
175,2026-03-15 08:26:00,canteen,canteen,cultural,low,morning
86,2026-03-15 08:26:00,stage,canteen,cultural,high,morning
151,2026-03-15 08:26:00,canteen,lab,sports,low,afternoon
194,2026-03-15 08:26:00,stage,lab,cultural,medium,morning
127,2026-03-15 08:26:00,lab,canteen,sports,high,afternoon
155,2026-03-15 08:27:00,lab,lab,cultural,high,evening
130,2026-03-15 08:27:00,stage,canteen,cultural,medium,afternoon
17,2026-03-15 08:27:00,stage,canteen,technical,low,evening
104,2026-03-15 08:27:00,canteen,lab,cultural,high,afternoon
161,2026-03-15 08:27:00,canteen,stage,sports,medium,evening
137,2026-03-15 08:27:00,canteen,lab,technical,low,morning
43,2026-03-15 08:27:00,lab,lab,sports,high,afternoon
176,2026-03-15 08:27:00,lab,lab,cultural,high,morning
39,2026-03-15 08:27:00,lab,stage,technical,high,morning
170,2026-03-15 08:27:00,lab,canteen,sports,high,evening
26,2026-03-15 08:27:00,canteen,lab,cultural,high,evening
99,2026-03-15 08:27:00,lab,stage,sports,low,evening
50,2026-03-15 08:27:00,lab,stage,cultural,medium,evening
153,2026-03-15 08:27:00,lab,lab,sports,high,afternoon
152,2026-03-15 08:27:00,lab,canteen,cultural,medium,morning
13,2026-03-15 08:27:00,stage,lab,sports,medium,evening
60,2026-03-15 08:27:00,canteen,stage,technical,medium,morning
135,2026-03-15 08:27:00,canteen,canteen,cultural,low,afternoon
57,2026-03-15 08:28:00,lab,lab,cultural,medium,evening
36,2026-03-15 08:28:00,stage,canteen,sports,medium,afternoon
173,2026-03-15 08:28:00,canteen,lab,cultural,medium,afternoon
20,2026-03-15 08:28:00,canteen,canteen,technical,high,morning
65,2026-03-15 08:28:00,lab,lab,sports,high,morning
8,2026-03-15 08:28:00,lab,canteen,sports,medium,afternoon
144,2026-03-15 08:28:00,canteen,canteen,sports,low,afternoon
142,2026-03-15 08:28:00,canteen,stage,technical,high,evening
115,2026-03-15 08:28:00,stage,canteen,technical,high,morning
143,2026-03-15 08:29:00,canteen,canteen,cultural,medium,afternoon
92,2026-03-15 08:29:00,canteen,canteen,sports,medium,afternoon
98,2026-03-15 08:29:00,lab,canteen,technical,low,morning
66,2026-03-15 08:29:00,canteen,stage,cultural,high,afternoon
32,2026-03-15 08:29:00,lab,stage,technical,medium,evening
191,2026-03-15 08:29:00,canteen,lab,technical,high,afternoon
86,2026-03-15 08:29:00,canteen,canteen,technical,medium,afternoon
51,2026-03-15 08:29:00,canteen,lab,cultural,medium,morning
153,2026-03-15 08:29:00,stage,canteen,technical,low,morning
186,2026-03-15 08:29:00,lab,stage,technical,high,evening
63,2026-03-15 08:29:00,stage,canteen,technical,high,afternoon
190,2026-03-15 08:29:00,canteen,stage,sports,medium,evening
125,2026-03-15 08:29:00,stage,lab,technical,low,afternoon
150,2026-03-15 08:29:00,lab,lab,sports,low,afternoon
58,2026-03-15 08:29:00,canteen,canteen,technical,low,morning
58,2026-03-15 08:29:00,stage,canteen,sports,high,evening
86,2026-03-15 08:29:00,stage,canteen,technical,medium,afternoon
49,2026-03-15 08:29:00,lab,canteen,sports,medium,afternoon
180,2026-03-15 08:29:00,stage,lab,sports,low,morning
170,2026-03-15 08:29:00,lab,stage,sports,low,morning
70,2026-03-15 08:29:00,canteen,canteen,technical,low,morning
15,2026-03-15 08:30:00,canteen,canteen,cultural,high,evening
54,2026-03-15 08:30:00,stage,canteen,sports,medium,evening
188,2026-03-15 08:30:00,canteen,canteen,sports,low,afternoon
101,2026-03-15 08:30:00,canteen,lab,sports,low,evening
8,2026-03-15 08:30:00,stage,stage,sports,medium,morning
53,2026-03-15 08:30:00,canteen,canteen,sports,high,morning
60,2026-03-15 08:30:00,stage,canteen,cultural,high,evening
108,2026-03-15 08:30:00,lab,canteen,technical,high,afternoon
5,2026-03-15 08:30:00,lab,lab,cultural,medium,afternoon
103,2026-03-15 08:30:00,lab,stage,technical,high,afternoon
196,2026-03-15 08:30:00,stage,stage,cultural,low,afternoon
6,2026-03-15 08:30:00,stage,stage,technical,high,morning
109,2026-03-15 08:30:00,canteen,lab,sports,medium,evening
116,2026-03-15 08:30:00,canteen,lab,technical,high,morning
94,2026-03-15 08:30:00,canteen,lab,technical,medium,afternoon
47,2026-03-15 08:30:00,canteen,canteen,sports,medium,afternoon
99,2026-03-15 08:30:00,canteen,lab,sports,high,morning
55,2026-03-15 08:30:00,stage,canteen,technical,low,afternoon
168,2026-03-15 08:30:00,stage,lab,technical,medium,morning
52,2026-03-15 08:30:00,lab,lab,sports,high,morning
144,2026-03-15 08:30:00,lab,lab,cultural,medium,morning
13,2026-03-15 08:31:00,lab,stage,sports,high,morning
114,2026-03-15 08:31:00,lab,canteen,technical,low,afternoon
124,2026-03-15 08:31:00,stage,canteen,technical,medium,afternoon
106,2026-03-15 08:31:00,stage,lab,technical,low,afternoon
158,2026-03-15 08:31:00,stage,canteen,sports,low,evening
147,2026-03-15 08:31:00,canteen,canteen,sports,low,morning
145,2026-03-15 08:31:00,canteen,canteen,cultural,low,evening
120,2026-03-15 08:31:00,lab,canteen,technical,low,morning
63,2026-03-15 08:31:00,canteen,stage,technical,high,morning
19,2026-03-15 08:31:00,stage,lab,sports,low,afternoon
92,2026-03-15 08:31:00,lab,lab,technical,high,morning
58,2026-03-15 08:31:00,lab,lab,cultural,low,evening
183,2026-03-15 08:31:00,canteen,lab,sports,low,afternoon
90,2026-03-15 08:32:00,lab,canteen,technical,medium,afternoon
117,2026-03-15 08:32:00,canteen,canteen,sports,high,morning
62,2026-03-15 08:32:00,canteen,stage,sports,low,afternoon
23,2026-03-15 08:32:00,lab,lab,cultural,low,evening
127,2026-03-15 08:32:00,canteen,canteen,sports,low,morning
137,2026-03-15 08:32:00,canteen,canteen,technical,high,evening
140,2026-03-15 08:32:00,canteen,canteen,cultural,high,afternoon
129,2026-03-15 08:32:00,canteen,canteen,sports,high,evening
58,2026-03-15 08:32:00,lab,canteen,technical,medium,evening
122,2026-03-15 08:32:00,stage,canteen,sports,medium,afternoon
1,2026-03-15 08:32:00,stage,lab,sports,low,morning
34,2026-03-15 08:32:00,canteen,lab,cultural,high,morning
96,2026-03-15 08:32:00,canteen,canteen,cultural,high,afternoon
126,2026-03-15 08:32:00,canteen,canteen,cultural,medium,morning
118,2026-03-15 08:33:00,stage,lab,cultural,low,evening
48,2026-03-15 08:33:00,canteen,stage,technical,high,afternoon
89,2026-03-15 08:33:00,lab,lab,sports,high,afternoon
117,2026-03-15 08:33:00,lab,canteen,cultural,low,morning
129,2026-03-15 08:33:00,lab,lab,technical,medium,morning
16,2026-03-15 08:33:00,stage,canteen,cultural,medium,afternoon
189,2026-03-15 08:33:00,canteen,lab,sports,high,afternoon
192,2026-03-15 08:33:00,canteen,lab,cultural,low,afternoon
191,2026-03-15 08:33:00,canteen,stage,sports,low,afternoon
69,2026-03-15 08:34:00,stage,canteen,sports,low,evening
22,2026-03-15 08:34:00,stage,canteen,technical,high,evening
93,2026-03-15 08:34:00,stage,lab,cultural,medium,afternoon
195,2026-03-15 08:34:00,stage,canteen,cultural,medium,afternoon
76,2026-03-15 08:34:00,lab,lab,sports,medium,afternoon
154,2026-03-15 08:34:00,stage,canteen,cultural,medium,evening
144,2026-03-15 08:34:00,stage,canteen,sports,medium,morning
179,2026-03-15 08:34:00,stage,lab,technical,high,evening
86,2026-03-15 08:34:00,canteen,stage,cultural,high,afternoon
185,2026-03-15 08:34:00,canteen,canteen,sports,medium,afternoon
29,2026-03-15 08:34:00,canteen,stage,cultural,medium,afternoon
69,2026-03-15 08:34:00,lab,canteen,cultural,high,afternoon
47,2026-03-15 08:34:00,lab,lab,technical,medium,evening
94,2026-03-15 08:34:00,stage,canteen,sports,medium,morning
190,2026-03-15 08:34:00,canteen,canteen,technical,medium,afternoon
197,2026-03-15 08:34:00,lab,canteen,technical,low,afternoon
144,2026-03-15 08:34:00,canteen,stage,technical,medium,afternoon
176,2026-03-15 08:35:00,lab,canteen,sports,low,morning
85,2026-03-15 08:35:00,lab,lab,sports,medium,evening
39,2026-03-15 08:35:00,stage,lab,cultural,medium,morning
100,2026-03-15 08:35:00,stage,stage,sports,high,evening
33,2026-03-15 08:35:00,lab,stage,technical,high,afternoon
101,2026-03-15 08:35:00,stage,lab,sports,high,morning
23,2026-03-15 08:35:00,lab,canteen,cultural,low,morning
10,2026-03-15 08:35:00,lab,canteen,technical,low,afternoon
69,2026-03-15 08:35:00,canteen,lab,cultural,medium,morning
100,2026-03-15 08:35:00,stage,canteen,sports,low,afternoon
34,2026-03-15 08:35:00,stage,canteen,cultural,high,afternoon
180,2026-03-15 08:35:00,stage,lab,cultural,low,evening
138,2026-03-15 08:35:00,canteen,lab,sports,medium,evening
147,2026-03-15 08:35:00,canteen,stage,cultural,low,afternoon
186,2026-03-15 08:35:00,canteen,stage,sports,high,afternoon
96,2026-03-15 08:35:00,stage,canteen,technical,medium,morning
1,2026-03-15 08:36:00,stage,lab,cultural,low,afternoon
69,2026-03-15 08:36:00,stage,canteen,technical,medium,afternoon
4,2026-03-15 08:36:00,canteen,stage,sports,medium,morning
16,2026-03-15 08:36:00,canteen,lab,sports,low,afternoon
24,2026-03-15 08:36:00,lab,stage,cultural,medium,afternoon
80,2026-03-15 08:36:00,canteen,stage,cultural,low,evening
2,2026-03-15 08:36:00,lab,canteen,sports,high,afternoon
128,2026-03-15 08:36:00,stage,canteen,sports,high,afternoon
160,2026-03-15 08:36:00,canteen,canteen,technical,low,morning
84,2026-03-15 08:36:00,stage,lab,technical,low,evening
152,2026-03-15 08:36:00,stage,lab,cultural,medium,evening
140,2026-03-15 08:36:00,stage,canteen,cultural,low,afternoon
178,2026-03-15 08:36:00,stage,canteen,cultural,medium,evening
163,2026-03-15 08:36:00,canteen,lab,cultural,high,evening
124,2026-03-15 08:37:00,stage,canteen,cultural,low,evening
33,2026-03-15 08:37:00,lab,stage,cultural,high,morning
161,2026-03-15 08:37:00,canteen,lab,cultural,low,morning
189,2026-03-15 08:37:00,stage,canteen,cultural,high,evening
179,2026-03-15 08:37:00,canteen,stage,technical,low,evening
171,2026-03-15 08:37:00,lab,canteen,sports,low,afternoon
101,2026-03-15 08:37:00,stage,canteen,sports,medium,evening
12,2026-03-15 08:37:00,lab,stage,cultural,medium,morning
67,2026-03-15 08:37:00,stage,stage,sports,low,afternoon
65,2026-03-15 08:37:00,lab,canteen,cultural,medium,morning
161,2026-03-15 08:37:00,stage,canteen,technical,low,morning
168,2026-03-15 08:37:00,canteen,stage,cultural,low,morning
74,2026-03-15 08:37:00,stage,canteen,technical,high,morning
43,2026-03-15 08:37:00,canteen,lab,technical,medium,morning
44,2026-03-15 08:37:00,stage,lab,technical,medium,afternoon
29,2026-03-15 08:37:00,stage,canteen,cultural,high,morning
141,2026-03-15 08:37:00,lab,stage,technical,low,evening
12,2026-03-15 08:37:00,lab,canteen,cultural,medium,afternoon
95,2026-03-15 08:37:00,lab,lab,technical,low,evening
46,2026-03-15 08:37:00,stage,stage,technical,medium,afternoon
130,2026-03-15 08:37:00,stage,canteen,sports,medium,evening
35,2026-03-15 08:37:00,stage,stage,cultural,low,morning
81,2026-03-15 08:37:00,canteen,stage,sports,low,evening
90,2026-03-15 08:38:00,canteen,canteen,technical,medium,morning
8,2026-03-15 08:38:00,stage,canteen,sports,high,afternoon
93,2026-03-15 08:38:00,lab,lab,technical,high,morning
154,2026-03-15 08:38:00,lab,lab,sports,high,evening
90,2026-03-15 08:38:00,lab,canteen,sports,high,morning
162,2026-03-15 08:38:00,stage,canteen,cultural,high,morning
115,2026-03-15 08:38:00,lab,canteen,cultural,low,afternoon
105,2026-03-15 08:38:00,stage,stage,sports,medium,morning
135,2026-03-15 08:38:00,canteen,lab,sports,high,afternoon
196,2026-03-15 08:38:00,lab,lab,cultural,medium,evening
58,2026-03-15 08:39:00,canteen,stage,technical,low,afternoon
114,2026-03-15 08:39:00,lab,stage,technical,medium,evening
75,2026-03-15 08:39:00,stage,stage,technical,low,evening
157,2026-03-15 08:39:00,stage,canteen,technical,medium,morning
120,2026-03-15 08:39:00,stage,canteen,sports,medium,afternoon
164,2026-03-15 08:39:00,stage,lab,technical,low,evening
21,2026-03-15 08:39:00,lab,lab,sports,medium,morning
164,2026-03-15 08:39:00,canteen,canteen,sports,low,morning
138,2026-03-15 08:39:00,stage,canteen,technical,medium,evening
101,2026-03-15 08:39:00,lab,lab,technical,medium,morning
152,2026-03-15 08:39:00,canteen,canteen,technical,high,afternoon
192,2026-03-15 08:39:00,stage,canteen,cultural,medium,evening
177,2026-03-15 08:39:00,canteen,lab,sports,high,evening
99,2026-03-15 08:39:00,stage,canteen,technical,high,morning
36,2026-03-15 08:39:00,canteen,lab,cultural,low,evening
96,2026-03-15 08:39:00,canteen,lab,sports,low,evening
152,2026-03-15 08:40:00,stage,canteen,sports,medium,evening
151,2026-03-15 08:40:00,lab,lab,sports,low,afternoon
190,2026-03-15 08:40:00,canteen,canteen,technical,high,afternoon
37,2026-03-15 08:40:00,stage,canteen,technical,medium,afternoon
12,2026-03-15 08:40:00,canteen,canteen,sports,low,afternoon
113,2026-03-15 08:40:00,canteen,stage,sports,low,morning
183,2026-03-15 08:40:00,lab,stage,cultural,low,evening
13,2026-03-15 08:40:00,canteen,lab,cultural,high,afternoon
23,2026-03-15 08:40:00,canteen,lab,sports,low,morning
99,2026-03-15 08:41:00,stage,lab,cultural,medium,afternoon
105,2026-03-15 08:41:00,stage,canteen,sports,medium,morning
30,2026-03-15 08:41:00,lab,canteen,cultural,medium,afternoon
17,2026-03-15 08:41:00,canteen,stage,sports,high,afternoon
113,2026-03-15 08:41:00,canteen,stage,technical,low,evening
62,2026-03-15 08:41:00,canteen,lab,sports,medium,afternoon
84,2026-03-15 08:41:00,lab,canteen,technical,low,afternoon
112,2026-03-15 08:41:00,canteen,lab,sports,low,morning
86,2026-03-15 08:41:00,stage,canteen,technical,medium,evening
141,2026-03-15 08:41:00,lab,canteen,cultural,high,evening
187,2026-03-15 08:41:00,stage,lab,technical,medium,morning
19,2026-03-15 08:41:00,stage,canteen,cultural,medium,afternoon
177,2026-03-15 08:41:00,lab,canteen,sports,high,morning
100,2026-03-15 08:41:00,stage,lab,cultural,low,afternoon
140,2026-03-15 08:41:00,canteen,lab,cultural,low,afternoon
189,2026-03-15 08:41:00,lab,stage,cultural,high,evening
147,2026-03-15 08:41:00,stage,stage,sports,medium,afternoon
76,2026-03-15 08:41:00,canteen,stage,technical,high,evening
9,2026-03-15 08:42:00,canteen,canteen,cultural,medium,evening
199,2026-03-15 08:42:00,stage,lab,sports,high,morning
28,2026-03-15 08:42:00,canteen,lab,cultural,low,afternoon
128,2026-03-15 08:42:00,lab,canteen,technical,high,morning
52,2026-03-15 08:42:00,stage,lab,cultural,high,morning
83,2026-03-15 08:42:00,canteen,canteen,cultural,medium,morning
111,2026-03-15 08:42:00,canteen,canteen,cultural,medium,morning
144,2026-03-15 08:42:00,stage,lab,technical,medium,evening
117,2026-03-15 08:42:00,stage,lab,technical,high,evening
69,2026-03-15 08:42:00,stage,lab,sports,high,evening
99,2026-03-15 08:42:00,stage,canteen,cultural,medium,evening
140,2026-03-15 08:42:00,lab,lab,cultural,low,afternoon
25,2026-03-15 08:42:00,stage,canteen,cultural,medium,evening
180,2026-03-15 08:42:00,lab,lab,cultural,high,afternoon
123,2026-03-15 08:42:00,lab,lab,technical,high,morning
53,2026-03-15 08:42:00,stage,canteen,technical,medium,afternoon
151,2026-03-15 08:42:00,lab,lab,cultural,medium,evening
144,2026-03-15 08:42:00,stage,canteen,cultural,high,evening
57,2026-03-15 08:42:00,stage,stage,cultural,high,evening
39,2026-03-15 08:42:00,canteen,lab,cultural,low,morning
109,2026-03-15 08:43:00,stage,canteen,sports,medium,morning
181,2026-03-15 08:43:00,canteen,lab,sports,medium,evening
42,2026-03-15 08:43:00,lab,stage,cultural,low,morning
186,2026-03-15 08:43:00,canteen,lab,cultural,high,afternoon
167,2026-03-15 08:43:00,lab,canteen,cultural,high,afternoon
142,2026-03-15 08:43:00,stage,canteen,sports,low,afternoon
122,2026-03-15 08:43:00,lab,stage,technical,medium,afternoon
133,2026-03-15 08:43:00,lab,lab,sports,high,evening
163,2026-03-15 08:43:00,stage,canteen,sports,low,evening
75,2026-03-15 08:43:00,lab,lab,cultural,low,afternoon
146,2026-03-15 08:43:00,stage,canteen,cultural,low,afternoon
76,2026-03-15 08:43:00,canteen,canteen,technical,high,evening
9,2026-03-15 08:43:00,stage,stage,cultural,high,morning
74,2026-03-15 08:44:00,stage,canteen,cultural,low,afternoon
186,2026-03-15 08:44:00,lab,canteen,technical,low,morning
145,2026-03-15 08:44:00,canteen,lab,cultural,high,evening
7,2026-03-15 08:44:00,stage,lab,cultural,high,afternoon
174,2026-03-15 08:44:00,canteen,canteen,cultural,high,afternoon
141,2026-03-15 08:44:00,canteen,stage,sports,high,morning
168,2026-03-15 08:44:00,lab,lab,cultural,high,morning
170,2026-03-15 08:44:00,stage,stage,sports,low,morning
137,2026-03-15 08:44:00,lab,stage,cultural,high,morning
178,2026-03-15 08:44:00,stage,canteen,cultural,high,afternoon
27,2026-03-15 08:45:00,canteen,lab,sports,low,evening
122,2026-03-15 08:45:00,stage,lab,sports,low,morning
194,2026-03-15 08:45:00,stage,canteen,cultural,medium,morning
5,2026-03-15 08:45:00,canteen,stage,technical,high,evening
29,2026-03-15 08:45:00,canteen,canteen,cultural,medium,afternoon
165,2026-03-15 08:45:00,stage,canteen,sports,medium,evening
166,2026-03-15 08:45:00,lab,canteen,cultural,low,evening
83,2026-03-15 08:45:00,stage,canteen,cultural,low,morning
136,2026-03-15 08:45:00,canteen,lab,sports,medium,evening
109,2026-03-15 08:45:00,lab,lab,technical,medium,evening
65,2026-03-15 08:45:00,canteen,lab,technical,medium,afternoon
86,2026-03-15 08:45:00,canteen,lab,sports,medium,morning
145,2026-03-15 08:45:00,lab,stage,sports,high,morning
71,2026-03-15 08:45:00,canteen,stage,cultural,medium,morning
45,2026-03-15 08:46:00,canteen,canteen,sports,low,afternoon
132,2026-03-15 08:46:00,canteen,canteen,sports,medium,afternoon
36,2026-03-15 08:46:00,canteen,lab,cultural,medium,afternoon
70,2026-03-15 08:46:00,canteen,lab,cultural,low,afternoon
159,2026-03-15 08:46:00,canteen,lab,cultural,medium,morning
19,2026-03-15 08:46:00,canteen,stage,technical,low,morning
189,2026-03-15 08:46:00,canteen,lab,technical,high,evening
108,2026-03-15 08:46:00,canteen,lab,sports,high,afternoon
182,2026-03-15 08:46:00,stage,canteen,cultural,low,evening
167,2026-03-15 08:46:00,stage,lab,sports,high,afternoon
91,2026-03-15 08:46:00,canteen,canteen,sports,high,evening
90,2026-03-15 08:46:00,stage,stage,technical,high,morning
19,2026-03-15 08:46:00,lab,lab,technical,low,morning
39,2026-03-15 08:47:00,stage,canteen,sports,medium,afternoon
126,2026-03-15 08:47:00,canteen,stage,cultural,high,morning
195,2026-03-15 08:47:00,canteen,canteen,technical,medium,afternoon
173,2026-03-15 08:47:00,stage,lab,technical,medium,evening
141,2026-03-15 08:47:00,canteen,lab,technical,high,afternoon
126,2026-03-15 08:47:00,lab,lab,sports,high,evening
58,2026-03-15 08:47:00,lab,canteen,technical,medium,evening
148,2026-03-15 08:47:00,canteen,stage,cultural,high,afternoon
200,2026-03-15 08:47:00,lab,canteen,technical,low,morning
61,2026-03-15 08:47:00,lab,canteen,sports,low,evening
127,2026-03-15 08:47:00,stage,canteen,sports,high,morning
105,2026-03-15 08:47:00,lab,stage,sports,medium,evening
167,2026-03-15 08:47:00,stage,canteen,sports,high,evening
1,2026-03-15 08:47:00,canteen,canteen,cultural,low,evening
131,2026-03-15 08:47:00,stage,lab,sports,medium,evening
92,2026-03-15 08:48:00,canteen,stage,technical,high,afternoon
190,2026-03-15 08:48:00,canteen,canteen,cultural,low,evening
191,2026-03-15 08:48:00,canteen,stage,sports,medium,morning
113,2026-03-15 08:48:00,canteen,canteen,sports,low,morning
153,2026-03-15 08:48:00,canteen,stage,cultural,high,afternoon
56,2026-03-15 08:48:00,stage,lab,technical,high,evening
161,2026-03-15 08:48:00,canteen,lab,cultural,low,afternoon
166,2026-03-15 08:48:00,lab,canteen,technical,low,morning
117,2026-03-15 08:48:00,lab,stage,technical,low,evening
134,2026-03-15 08:48:00,canteen,lab,sports,low,morning
58,2026-03-15 08:48:00,lab,lab,cultural,low,afternoon
44,2026-03-15 08:48:00,stage,canteen,cultural,medium,afternoon
173,2026-03-15 08:48:00,stage,canteen,sports,high,morning
160,2026-03-15 08:48:00,canteen,lab,sports,medium,evening
173,2026-03-15 08:48:00,canteen,lab,technical,low,evening
61,2026-03-15 08:48:00,canteen,lab,sports,medium,morning
47,2026-03-15 08:48:00,lab,lab,cultural,high,morning
149,2026-03-15 08:48:00,lab,lab,sports,low,evening
80,2026-03-15 08:48:00,stage,canteen,sports,low,morning
118,2026-03-15 08:48:00,lab,lab,sports,high,afternoon
164,2026-03-15 08:49:00,stage,lab,sports,medium,evening
147,2026-03-15 08:49:00,lab,lab,sports,high,evening
20,2026-03-15 08:49:00,stage,lab,technical,high,afternoon
185,2026-03-15 08:49:00,canteen,stage,sports,medium,morning
146,2026-03-15 08:49:00,lab,canteen,sports,medium,evening
47,2026-03-15 08:49:00,stage,canteen,cultural,low,evening
49,2026-03-15 08:49:00,lab,canteen,sports,low,evening
14,2026-03-15 08:49:00,canteen,stage,cultural,low,morning
143,2026-03-15 08:49:00,stage,canteen,cultural,high,evening
159,2026-03-15 08:50:00,lab,stage,cultural,medium,morning
1,2026-03-15 08:50:00,lab,lab,cultural,medium,afternoon
117,2026-03-15 08:50:00,canteen,lab,technical,low,morning
54,2026-03-15 08:50:00,canteen,canteen,technical,high,morning
118,2026-03-15 08:50:00,stage,canteen,cultural,high,afternoon
3,2026-03-15 08:50:00,lab,lab,technical,medium,morning
144,2026-03-15 08:50:00,lab,lab,technical,medium,afternoon
185,2026-03-15 08:50:00,canteen,lab,sports,medium,evening
12,2026-03-15 08:50:00,canteen,lab,technical,medium,afternoon
74,2026-03-15 08:50:00,stage,lab,cultural,high,afternoon
16,2026-03-15 08:51:00,lab,lab,cultural,low,evening
200,2026-03-15 08:51:00,lab,lab,cultural,medium,evening
102,2026-03-15 08:51:00,stage,lab,cultural,medium,morning
152,2026-03-15 08:51:00,stage,lab,sports,medium,morning
156,2026-03-15 08:51:00,canteen,stage,technical,high,morning
117,2026-03-15 08:51:00,canteen,lab,cultural,low,evening
8,2026-03-15 08:51:00,stage,canteen,sports,high,evening
122,2026-03-15 08:51:00,stage,lab,cultural,low,evening
92,2026-03-15 08:51:00,lab,stage,technical,high,morning
164,2026-03-15 08:51:00,stage,canteen,sports,medium,evening
90,2026-03-15 08:51:00,stage,canteen,technical,medium,evening
136,2026-03-15 08:51:00,lab,canteen,sports,low,afternoon
186,2026-03-15 08:51:00,stage,stage,cultural,high,afternoon
60,2026-03-15 08:51:00,canteen,lab,cultural,low,evening
178,2026-03-15 08:51:00,canteen,stage,technical,high,morning
28,2026-03-15 08:51:00,lab,canteen,technical,medium,afternoon
101,2026-03-15 08:51:00,stage,canteen,sports,low,evening
41,2026-03-15 08:51:00,canteen,lab,technical,low,afternoon
192,2026-03-15 08:51:00,canteen,canteen,technical,medium,afternoon
155,2026-03-15 08:52:00,canteen,canteen,cultural,medium,morning
191,2026-03-15 08:52:00,canteen,canteen,cultural,medium,evening
145,2026-03-15 08:52:00,stage,canteen,cultural,medium,evening
161,2026-03-15 08:52:00,stage,stage,cultural,medium,morning
157,2026-03-15 08:52:00,stage,canteen,cultural,medium,morning
141,2026-03-15 08:52:00,stage,canteen,cultural,high,morning
46,2026-03-15 08:52:00,canteen,lab,cultural,high,evening
35,2026-03-15 08:52:00,lab,canteen,sports,low,afternoon
134,2026-03-15 08:52:00,lab,lab,cultural,high,evening
82,2026-03-15 08:52:00,canteen,stage,cultural,low,evening
115,2026-03-15 08:52:00,canteen,canteen,cultural,high,morning
197,2026-03-15 08:52:00,lab,stage,cultural,high,morning
47,2026-03-15 08:52:00,lab,stage,cultural,medium,morning
153,2026-03-15 08:52:00,canteen,canteen,technical,high,evening
194,2026-03-15 08:53:00,canteen,canteen,technical,high,morning
10,2026-03-15 08:53:00,stage,stage,cultural,high,morning
56,2026-03-15 08:53:00,stage,canteen,cultural,medium,afternoon
30,2026-03-15 08:53:00,lab,lab,cultural,medium,afternoon
109,2026-03-15 08:53:00,canteen,canteen,sports,high,morning
5,2026-03-15 08:53:00,lab,lab,cultural,low,afternoon
119,2026-03-15 08:53:00,stage,lab,sports,high,evening
33,2026-03-15 08:53:00,stage,lab,sports,medium,afternoon
118,2026-03-15 08:53:00,lab,canteen,cultural,medium,morning
65,2026-03-15 08:53:00,stage,canteen,technical,low,evening
146,2026-03-15 08:53:00,canteen,stage,cultural,medium,evening
177,2026-03-15 08:53:00,lab,canteen,cultural,medium,afternoon
11,2026-03-15 08:53:00,canteen,canteen,technical,high,morning
85,2026-03-15 08:54:00,canteen,stage,technical,low,morning
26,2026-03-15 08:54:00,stage,canteen,cultural,medium,afternoon
63,2026-03-15 08:54:00,canteen,stage,cultural,medium,afternoon
86,2026-03-15 08:54:00,lab,lab,sports,high,afternoon
59,2026-03-15 08:54:00,canteen,canteen,technical,high,morning
27,2026-03-15 08:54:00,canteen,canteen,sports,high,afternoon
177,2026-03-15 08:54:00,canteen,stage,sports,high,afternoon
161,2026-03-15 08:54:00,canteen,stage,sports,low,afternoon
98,2026-03-15 08:54:00,canteen,lab,sports,high,morning
105,2026-03-15 08:54:00,stage,lab,technical,low,evening
99,2026-03-15 08:54:00,lab,stage,technical,medium,morning
129,2026-03-15 08:54:00,stage,canteen,technical,medium,morning
149,2026-03-15 08:54:00,lab,lab,cultural,high,evening
55,2026-03-15 08:54:00,lab,stage,sports,high,morning
6,2026-03-15 08:54:00,lab,lab,cultural,high,evening
197,2026-03-15 08:54:00,lab,canteen,technical,medium,evening
95,2026-03-15 08:55:00,lab,canteen,technical,medium,evening
133,2026-03-15 08:55:00,canteen,canteen,cultural,medium,evening
102,2026-03-15 08:55:00,stage,canteen,sports,low,morning
3,2026-03-15 08:55:00,stage,canteen,technical,medium,evening
181,2026-03-15 08:55:00,canteen,lab,sports,high,afternoon
23,2026-03-15 08:55:00,lab,lab,sports,low,evening
53,2026-03-15 08:55:00,stage,canteen,technical,low,evening
165,2026-03-15 08:55:00,canteen,lab,cultural,low,morning
83,2026-03-15 08:55:00,canteen,canteen,sports,medium,afternoon
145,2026-03-15 08:55:00,stage,canteen,cultural,medium,evening
85,2026-03-15 08:55:00,stage,canteen,sports,medium,afternoon
78,2026-03-15 08:56:00,lab,lab,sports,medium,evening
110,2026-03-15 08:56:00,lab,canteen,technical,high,morning
1,2026-03-15 08:56:00,stage,canteen,cultural,low,afternoon
51,2026-03-15 08:56:00,lab,lab,sports,low,afternoon
173,2026-03-15 08:56:00,canteen,canteen,cultural,low,morning
4,2026-03-15 08:56:00,lab,stage,sports,low,morning
190,2026-03-15 08:56:00,lab,canteen,cultural,low,morning
193,2026-03-15 08:56:00,canteen,canteen,cultural,high,morning
113,2026-03-15 08:56:00,lab,lab,technical,high,afternoon
32,2026-03-15 08:56:00,canteen,lab,sports,low,morning
34,2026-03-15 08:57:00,lab,canteen,sports,low,afternoon
92,2026-03-15 08:57:00,stage,canteen,sports,medium,evening
95,2026-03-15 08:57:00,lab,lab,sports,low,evening
72,2026-03-15 08:57:00,stage,stage,technical,high,morning
39,2026-03-15 08:57:00,stage,canteen,technical,medium,morning
154,2026-03-15 08:57:00,stage,lab,sports,high,afternoon
162,2026-03-15 08:57:00,stage,canteen,cultural,medium,afternoon
182,2026-03-15 08:57:00,stage,stage,technical,medium,evening
118,2026-03-15 08:57:00,canteen,stage,cultural,low,afternoon
3,2026-03-15 08:57:00,canteen,lab,cultural,high,morning
123,2026-03-15 08:58:00,canteen,lab,cultural,high,evening
50,2026-03-15 08:58:00,stage,lab,sports,low,evening
12,2026-03-15 08:58:00,lab,canteen,technical,medium,morning
193,2026-03-15 08:58:00,canteen,lab,sports,medium,afternoon
54,2026-03-15 08:58:00,lab,lab,cultural,high,morning
133,2026-03-15 08:58:00,lab,lab,sports,low,afternoon
57,2026-03-15 08:58:00,stage,canteen,cultural,low,evening
145,2026-03-15 08:58:00,stage,stage,sports,high,morning
112,2026-03-15 08:58:00,stage,lab,sports,medium,evening
47,2026-03-15 08:58:00,canteen,stage,technical,medium,evening
151,2026-03-15 08:58:00,stage,canteen,technical,low,morning
85,2026-03-15 08:59:00,canteen,lab,cultural,medium,evening
142,2026-03-15 08:59:00,canteen,lab,cultural,medium,afternoon
66,2026-03-15 08:59:00,canteen,lab,cultural,medium,morning
75,2026-03-15 08:59:00,canteen,canteen,sports,high,afternoon
179,2026-03-15 08:59:00,stage,canteen,cultural,low,afternoon
103,2026-03-15 08:59:00,canteen,lab,technical,high,afternoon
166,2026-03-15 08:59:00,stage,stage,cultural,high,morning
192,2026-03-15 08:59:00,stage,lab,cultural,medium,afternoon
38,2026-03-15 08:59:00,canteen,stage,sports,low,morning
50,2026-03-15 08:59:00,stage,lab,technical,medium,afternoon
98,2026-03-15 08:59:00,lab,stage,cultural,low,morning
82,2026-03-15 08:59:00,stage,canteen,technical,medium,afternoon
30,2026-03-15 08:59:00,stage,lab,cultural,low,evening
79,2026-03-15 09:00:00,canteen,canteen,technical,low,afternoon
91,2026-03-15 09:00:00,canteen,lab,cultural,medium,evening
179,2026-03-15 09:00:00,stage,lab,cultural,medium,evening
191,2026-03-15 09:00:00,canteen,lab,sports,high,afternoon
52,2026-03-15 09:00:00,lab,lab,sports,high,afternoon
166,2026-03-15 09:00:00,lab,canteen,technical,low,evening
79,2026-03-15 09:00:00,canteen,stage,technical,medium,morning
30,2026-03-15 09:01:00,stage,stage,technical,medium,afternoon
106,2026-03-15 09:01:00,lab,canteen,technical,high,evening
51,2026-03-15 09:01:00,lab,stage,sports,medium,morning
81,2026-03-15 09:01:00,stage,canteen,technical,low,afternoon
133,2026-03-15 09:01:00,canteen,stage,cultural,low,morning
29,2026-03-15 09:01:00,lab,stage,cultural,low,evening
132,2026-03-15 09:01:00,stage,stage,cultural,high,afternoon
138,2026-03-15 09:01:00,stage,lab,sports,low,morning
184,2026-03-15 09:01:00,lab,lab,technical,high,afternoon
145,2026-03-15 09:01:00,canteen,canteen,cultural,high,morning
74,2026-03-15 09:02:00,lab,lab,cultural,low,morning
17,2026-03-15 09:02:00,stage,stage,sports,high,afternoon
84,2026-03-15 09:02:00,lab,lab,sports,high,afternoon
69,2026-03-15 09:02:00,canteen,lab,sports,low,afternoon
34,2026-03-15 09:02:00,stage,canteen,cultural,low,evening
6,2026-03-15 09:02:00,canteen,lab,sports,high,afternoon
53,2026-03-15 09:02:00,lab,lab,cultural,high,morning
194,2026-03-15 09:02:00,lab,canteen,technical,medium,afternoon
126,2026-03-15 09:02:00,canteen,lab,cultural,low,evening
43,2026-03-15 09:02:00,lab,stage,technical,medium,evening
115,2026-03-15 09:02:00,canteen,canteen,cultural,high,afternoon
111,2026-03-15 09:02:00,lab,stage,technical,medium,morning
151,2026-03-15 09:03:00,canteen,stage,cultural,high,evening
183,2026-03-15 09:03:00,canteen,stage,cultural,medium,morning
80,2026-03-15 09:03:00,stage,lab,cultural,high,evening
95,2026-03-15 09:03:00,stage,stage,cultural,high,evening
118,2026-03-15 09:03:00,canteen,canteen,sports,high,morning
144,2026-03-15 09:03:00,lab,canteen,cultural,low,morning
8,2026-03-15 09:03:00,lab,lab,cultural,high,evening
132,2026-03-15 09:03:00,lab,lab,sports,low,morning
104,2026-03-15 09:03:00,canteen,lab,sports,high,afternoon
132,2026-03-15 09:03:00,canteen,lab,sports,medium,afternoon
184,2026-03-15 09:03:00,canteen,lab,sports,high,evening
25,2026-03-15 09:03:00,canteen,lab,sports,high,afternoon
195,2026-03-15 09:03:00,stage,canteen,sports,medium,evening
96,2026-03-15 09:03:00,canteen,stage,sports,high,morning
195,2026-03-15 09:04:00,lab,canteen,sports,high,morning
155,2026-03-15 09:04:00,stage,canteen,sports,high,afternoon
93,2026-03-15 09:04:00,lab,canteen,sports,medium,morning
160,2026-03-15 09:04:00,canteen,canteen,sports,high,afternoon
178,2026-03-15 09:04:00,stage,canteen,technical,low,evening
61,2026-03-15 09:04:00,canteen,lab,cultural,low,afternoon
122,2026-03-15 09:04:00,stage,stage,cultural,low,afternoon
51,2026-03-15 09:04:00,lab,lab,sports,low,morning
147,2026-03-15 09:04:00,canteen,lab,sports,medium,morning
21,2026-03-15 09:04:00,canteen,lab,technical,high,morning
5,2026-03-15 09:04:00,stage,lab,sports,low,afternoon
92,2026-03-15 09:04:00,stage,lab,technical,high,morning
170,2026-03-15 09:04:00,canteen,canteen,cultural,high,evening
61,2026-03-15 09:05:00,stage,canteen,cultural,medium,afternoon
22,2026-03-15 09:05:00,canteen,canteen,sports,high,afternoon
149,2026-03-15 09:05:00,stage,lab,technical,low,afternoon
70,2026-03-15 09:05:00,lab,lab,technical,low,evening
1,2026-03-15 09:05:00,stage,lab,cultural,medium,evening
133,2026-03-15 09:05:00,lab,stage,cultural,low,morning
12,2026-03-15 09:05:00,stage,canteen,technical,low,morning
90,2026-03-15 09:05:00,stage,canteen,technical,medium,afternoon
46,2026-03-15 09:05:00,canteen,stage,cultural,medium,morning
34,2026-03-15 09:05:00,stage,canteen,technical,low,evening
177,2026-03-15 09:05:00,stage,stage,cultural,medium,morning
78,2026-03-15 09:05:00,lab,lab,technical,medium,morning
45,2026-03-15 09:05:00,stage,canteen,sports,low,afternoon
155,2026-03-15 09:06:00,canteen,canteen,cultural,low,evening
73,2026-03-15 09:06:00,lab,lab,technical,medium,evening
26,2026-03-15 09:06:00,canteen,canteen,cultural,high,evening
47,2026-03-15 09:06:00,canteen,stage,technical,high,morning
121,2026-03-15 09:06:00,canteen,canteen,sports,low,evening
56,2026-03-15 09:06:00,canteen,stage,sports,low,morning
94,2026-03-15 09:06:00,lab,stage,sports,high,afternoon
107,2026-03-15 09:06:00,stage,stage,cultural,medium,evening
63,2026-03-15 09:06:00,canteen,lab,sports,high,afternoon
48,2026-03-15 09:06:00,lab,stage,cultural,high,morning
61,2026-03-15 09:07:00,canteen,canteen,sports,low,evening
81,2026-03-15 09:07:00,stage,lab,cultural,medium,morning
26,2026-03-15 09:07:00,lab,canteen,sports,high,evening
36,2026-03-15 09:07:00,lab,lab,technical,medium,morning
1,2026-03-15 09:07:00,stage,canteen,technical,low,morning
8,2026-03-15 09:07:00,lab,canteen,cultural,high,morning
113,2026-03-15 09:07:00,stage,lab,sports,low,afternoon
99,2026-03-15 09:07:00,lab,stage,sports,high,evening
180,2026-03-15 09:07:00,lab,stage,technical,medium,morning
47,2026-03-15 09:07:00,stage,canteen,sports,low,evening
127,2026-03-15 09:07:00,stage,canteen,sports,medium,morning
56,2026-03-15 09:07:00,lab,lab,cultural,high,evening
14,2026-03-15 09:07:00,lab,lab,technical,low,morning
28,2026-03-15 09:07:00,stage,canteen,sports,medium,morning
78,2026-03-15 09:07:00,stage,canteen,sports,medium,afternoon
130,2026-03-15 09:07:00,lab,canteen,cultural,high,evening
109,2026-03-15 09:08:00,lab,lab,cultural,low,afternoon
154,2026-03-15 09:08:00,lab,lab,cultural,medium,morning
14,2026-03-15 09:08:00,stage,lab,cultural,low,afternoon
187,2026-03-15 09:08:00,lab,canteen,sports,low,afternoon
56,2026-03-15 09:08:00,canteen,lab,sports,low,afternoon
115,2026-03-15 09:08:00,stage,canteen,sports,low,afternoon
7,2026-03-15 09:08:00,lab,canteen,cultural,high,evening
3,2026-03-15 09:08:00,stage,lab,sports,medium,afternoon
111,2026-03-15 09:08:00,canteen,stage,technical,low,morning
151,2026-03-15 09:08:00,stage,lab,technical,medium,morning
107,2026-03-15 09:08:00,lab,stage,sports,medium,afternoon
18,2026-03-15 09:08:00,canteen,lab,cultural,medium,afternoon
38,2026-03-15 09:08:00,canteen,canteen,technical,high,afternoon
115,2026-03-15 09:09:00,lab,canteen,sports,low,morning
15,2026-03-15 09:09:00,lab,canteen,technical,low,afternoon
192,2026-03-15 09:09:00,lab,lab,technical,medium,evening
119,2026-03-15 09:09:00,stage,canteen,technical,medium,afternoon
28,2026-03-15 09:09:00,stage,canteen,technical,high,evening
39,2026-03-15 09:09:00,stage,stage,sports,high,afternoon
185,2026-03-15 09:09:00,lab,stage,technical,medium,morning
17,2026-03-15 09:09:00,lab,stage,sports,low,morning
86,2026-03-15 09:09:00,stage,canteen,technical,high,afternoon
126,2026-03-15 09:09:00,canteen,lab,technical,low,evening
44,2026-03-15 09:09:00,stage,lab,technical,high,morning
25,2026-03-15 09:09:00,canteen,stage,sports,low,morning
145,2026-03-15 09:09:00,lab,lab,technical,medium,morning
13,2026-03-15 09:09:00,lab,lab,technical,high,afternoon
25,2026-03-15 09:09:00,stage,canteen,cultural,medium,afternoon
68,2026-03-15 09:10:00,stage,canteen,technical,high,afternoon
138,2026-03-15 09:10:00,lab,canteen,cultural,medium,evening
67,2026-03-15 09:10:00,stage,stage,sports,high,afternoon
109,2026-03-15 09:10:00,lab,stage,technical,high,evening
146,2026-03-15 09:10:00,lab,stage,technical,high,afternoon
111,2026-03-15 09:10:00,canteen,lab,cultural,low,evening
111,2026-03-15 09:10:00,stage,stage,cultural,low,evening
34,2026-03-15 09:10:00,lab,stage,technical,high,afternoon
111,2026-03-15 09:10:00,stage,canteen,sports,medium,evening
8,2026-03-15 09:10:00,canteen,stage,cultural,medium,morning
168,2026-03-15 09:11:00,canteen,stage,technical,high,morning
113,2026-03-15 09:11:00,stage,lab,cultural,low,afternoon
83,2026-03-15 09:11:00,stage,stage,sports,low,morning
42,2026-03-15 09:11:00,lab,lab,cultural,low,afternoon
169,2026-03-15 09:11:00,canteen,canteen,technical,low,evening
101,2026-03-15 09:11:00,canteen,lab,cultural,medium,morning
6,2026-03-15 09:11:00,canteen,lab,sports,high,evening
180,2026-03-15 09:11:00,stage,canteen,technical,high,afternoon
26,2026-03-15 09:11:00,lab,lab,technical,high,afternoon
64,2026-03-15 09:11:00,stage,canteen,technical,medium,evening
187,2026-03-15 09:11:00,stage,lab,technical,low,afternoon
184,2026-03-15 09:11:00,stage,canteen,sports,low,morning
59,2026-03-15 09:11:00,lab,lab,technical,medium,afternoon
109,2026-03-15 09:11:00,stage,lab,sports,medium,morning
198,2026-03-15 09:11:00,canteen,lab,sports,high,afternoon
121,2026-03-15 09:11:00,canteen,canteen,cultural,high,morning
33,2026-03-15 09:11:00,canteen,canteen,cultural,medium,afternoon
181,2026-03-15 09:11:00,lab,lab,technical,medium,afternoon
150,2026-03-15 09:11:00,stage,lab,technical,medium,evening
21,2026-03-15 09:11:00,lab,lab,sports,low,evening
198,2026-03-15 09:12:00,stage,canteen,cultural,high,morning
70,2026-03-15 09:12:00,canteen,lab,technical,medium,evening
112,2026-03-15 09:12:00,stage,canteen,technical,medium,evening
4,2026-03-15 09:12:00,stage,canteen,sports,low,morning
94,2026-03-15 09:12:00,stage,canteen,cultural,medium,evening
75,2026-03-15 09:12:00,lab,canteen,technical,high,morning
190,2026-03-15 09:12:00,stage,lab,technical,low,morning
62,2026-03-15 09:12:00,stage,stage,technical,medium,morning
94,2026-03-15 09:12:00,stage,canteen,technical,high,morning
95,2026-03-15 09:12:00,lab,lab,technical,high,afternoon
152,2026-03-15 09:12:00,lab,stage,technical,low,afternoon
55,2026-03-15 09:12:00,lab,canteen,cultural,high,morning
137,2026-03-15 09:12:00,stage,canteen,sports,low,evening
131,2026-03-15 09:12:00,canteen,stage,sports,high,morning
31,2026-03-15 09:12:00,canteen,lab,sports,medium,morning
40,2026-03-15 09:12:00,canteen,lab,technical,low,evening
36,2026-03-15 09:12:00,stage,canteen,sports,high,morning
152,2026-03-15 09:13:00,canteen,stage,cultural,low,afternoon
6,2026-03-15 09:13:00,canteen,canteen,technical,high,morning
66,2026-03-15 09:13:00,canteen,lab,cultural,low,afternoon
75,2026-03-15 09:13:00,stage,canteen,technical,medium,evening
4,2026-03-15 09:13:00,canteen,stage,technical,low,evening
79,2026-03-15 09:13:00,canteen,canteen,sports,low,evening
134,2026-03-15 09:13:00,stage,lab,cultural,medium,afternoon
118,2026-03-15 09:13:00,lab,canteen,sports,high,morning
113,2026-03-15 09:13:00,canteen,canteen,technical,medium,evening
94,2026-03-15 09:13:00,lab,lab,cultural,low,evening
179,2026-03-15 09:13:00,canteen,lab,cultural,medium,evening
62,2026-03-15 09:13:00,stage,canteen,technical,medium,morning
185,2026-03-15 09:13:00,lab,lab,sports,low,morning
194,2026-03-15 09:14:00,lab,lab,technical,low,afternoon
79,2026-03-15 09:14:00,lab,lab,cultural,medium,afternoon
136,2026-03-15 09:14:00,lab,lab,cultural,low,morning
26,2026-03-15 09:14:00,canteen,lab,cultural,high,morning
179,2026-03-15 09:14:00,canteen,lab,technical,high,evening
173,2026-03-15 09:14:00,lab,canteen,cultural,high,evening
44,2026-03-15 09:14:00,canteen,canteen,cultural,high,afternoon
133,2026-03-15 09:14:00,lab,lab,sports,medium,evening
70,2026-03-15 09:14:00,lab,canteen,sports,medium,morning
154,2026-03-15 09:14:00,stage,canteen,cultural,medium,morning
118,2026-03-15 09:14:00,lab,canteen,sports,low,afternoon
68,2026-03-15 09:14:00,canteen,lab,technical,medium,morning
19,2026-03-15 09:15:00,lab,stage,sports,medium,afternoon
20,2026-03-15 09:15:00,stage,lab,sports,low,evening
113,2026-03-15 09:15:00,canteen,lab,sports,low,afternoon
140,2026-03-15 09:15:00,stage,canteen,sports,low,morning
47,2026-03-15 09:15:00,stage,canteen,technical,high,evening
1,2026-03-15 09:15:00,lab,canteen,sports,medium,morning
90,2026-03-15 09:15:00,stage,canteen,cultural,medium,morning
142,2026-03-15 09:15:00,stage,canteen,sports,medium,evening
64,2026-03-15 09:15:00,canteen,stage,sports,low,morning
38,2026-03-15 09:15:00,stage,lab,cultural,medium,morning
37,2026-03-15 09:15:00,lab,stage,technical,high,evening
126,2026-03-15 09:15:00,lab,lab,cultural,medium,morning
139,2026-03-15 09:15:00,lab,canteen,cultural,medium,afternoon
100,2026-03-15 09:15:00,stage,canteen,cultural,low,morning
77,2026-03-15 09:15:00,canteen,canteen,cultural,high,morning
3,2026-03-15 09:16:00,lab,lab,sports,medium,evening
161,2026-03-15 09:16:00,stage,canteen,sports,low,afternoon
134,2026-03-15 09:16:00,lab,lab,sports,high,morning
178,2026-03-15 09:16:00,lab,stage,sports,high,evening
10,2026-03-15 09:16:00,canteen,lab,technical,low,morning
5,2026-03-15 09:16:00,lab,canteen,sports,low,morning
151,2026-03-15 09:16:00,canteen,stage,sports,low,morning
138,2026-03-15 09:16:00,stage,canteen,technical,low,afternoon
172,2026-03-15 09:16:00,lab,canteen,cultural,low,evening
130,2026-03-15 09:16:00,stage,canteen,sports,low,afternoon
13,2026-03-15 09:16:00,stage,canteen,sports,medium,morning
168,2026-03-15 09:16:00,stage,canteen,cultural,low,afternoon
130,2026-03-15 09:16:00,lab,canteen,sports,low,morning
84,2026-03-15 09:16:00,canteen,stage,cultural,high,afternoon
65,2026-03-15 09:16:00,lab,lab,cultural,high,evening
63,2026-03-15 09:16:00,stage,canteen,cultural,high,afternoon
101,2026-03-15 09:17:00,canteen,canteen,sports,low,evening
73,2026-03-15 09:17:00,stage,canteen,cultural,low,morning
17,2026-03-15 09:17:00,canteen,canteen,sports,medium,evening
9,2026-03-15 09:17:00,lab,canteen,technical,medium,morning
143,2026-03-15 09:17:00,canteen,canteen,cultural,medium,afternoon
152,2026-03-15 09:17:00,lab,lab,sports,medium,afternoon
38,2026-03-15 09:17:00,stage,canteen,cultural,low,evening
163,2026-03-15 09:17:00,canteen,canteen,sports,high,afternoon
94,2026-03-15 09:17:00,stage,stage,sports,low,afternoon
95,2026-03-15 09:17:00,canteen,stage,technical,low,morning
49,2026-03-15 09:17:00,lab,lab,cultural,low,afternoon
69,2026-03-15 09:17:00,canteen,lab,sports,low,morning
62,2026-03-15 09:18:00,canteen,canteen,technical,high,evening
188,2026-03-15 09:18:00,lab,stage,sports,high,afternoon
178,2026-03-15 09:18:00,lab,lab,sports,medium,evening
78,2026-03-15 09:18:00,lab,lab,technical,low,afternoon
117,2026-03-15 09:18:00,canteen,lab,cultural,medium,evening
120,2026-03-15 09:18:00,stage,canteen,technical,high,evening
137,2026-03-15 09:18:00,canteen,lab,cultural,high,morning
162,2026-03-15 09:18:00,canteen,stage,sports,medium,afternoon
76,2026-03-15 09:18:00,stage,stage,sports,high,evening
35,2026-03-15 09:18:00,lab,stage,technical,high,morning
1,2026-03-15 09:18:00,canteen,lab,technical,low,evening
40,2026-03-15 09:18:00,stage,stage,technical,low,evening
64,2026-03-15 09:18:00,lab,canteen,sports,high,evening
150,2026-03-15 09:19:00,lab,canteen,cultural,high,afternoon
60,2026-03-15 09:19:00,canteen,canteen,technical,medium,afternoon
64,2026-03-15 09:19:00,lab,lab,cultural,medium,evening
93,2026-03-15 09:19:00,lab,stage,technical,high,evening
72,2026-03-15 09:19:00,stage,canteen,technical,low,evening
11,2026-03-15 09:19:00,stage,lab,technical,low,afternoon
105,2026-03-15 09:19:00,lab,stage,technical,medium,evening
14,2026-03-15 09:19:00,stage,canteen,sports,low,evening
60,2026-03-15 09:19:00,lab,lab,sports,low,evening
30,2026-03-15 09:19:00,canteen,lab,technical,medium,evening
35,2026-03-15 09:19:00,stage,lab,sports,medium,afternoon
165,2026-03-15 09:19:00,lab,canteen,sports,low,morning
5,2026-03-15 09:19:00,lab,lab,sports,medium,morning
83,2026-03-15 09:19:00,stage,stage,sports,high,evening
123,2026-03-15 09:19:00,stage,canteen,cultural,medium,morning
78,2026-03-15 09:19:00,canteen,stage,cultural,high,morning
154,2026-03-15 09:19:00,lab,canteen,sports,high,afternoon
62,2026-03-15 09:19:00,canteen,lab,cultural,high,evening
132,2026-03-15 09:20:00,canteen,canteen,technical,medium,afternoon
89,2026-03-15 09:20:00,canteen,lab,cultural,medium,morning
42,2026-03-15 09:20:00,stage,canteen,technical,medium,morning
89,2026-03-15 09:20:00,canteen,canteen,cultural,high,evening
146,2026-03-15 09:20:00,stage,lab,cultural,medium,evening
40,2026-03-15 09:20:00,stage,canteen,technical,low,afternoon
72,2026-03-15 09:20:00,canteen,lab,technical,low,evening
39,2026-03-15 09:20:00,canteen,canteen,sports,medium,morning
104,2026-03-15 09:20:00,lab,stage,cultural,high,afternoon
14,2026-03-15 09:20:00,canteen,canteen,technical,medium,afternoon
32,2026-03-15 09:20:00,lab,lab,sports,low,evening
179,2026-03-15 09:20:00,canteen,stage,technical,high,evening
125,2026-03-15 09:21:00,canteen,stage,sports,medium,morning
166,2026-03-15 09:21:00,canteen,stage,sports,medium,afternoon
97,2026-03-15 09:21:00,canteen,lab,technical,high,afternoon
23,2026-03-15 09:21:00,lab,lab,technical,high,afternoon
63,2026-03-15 09:21:00,lab,lab,cultural,low,afternoon
143,2026-03-15 09:21:00,canteen,canteen,cultural,medium,morning
153,2026-03-15 09:21:00,canteen,lab,sports,low,morning
145,2026-03-15 09:21:00,lab,lab,technical,low,morning
194,2026-03-15 09:21:00,stage,lab,cultural,high,evening
53,2026-03-15 09:21:00,stage,lab,sports,medium,morning
104,2026-03-15 09:21:00,stage,canteen,cultural,low,morning
104,2026-03-15 09:21:00,lab,canteen,sports,low,morning
179,2026-03-15 09:21:00,lab,lab,cultural,high,morning
39,2026-03-15 09:21:00,stage,lab,technical,medium,evening
179,2026-03-15 09:21:00,stage,stage,sports,medium,afternoon
198,2026-03-15 09:21:00,canteen,stage,sports,low,afternoon
134,2026-03-15 09:21:00,lab,lab,cultural,high,evening
67,2026-03-15 09:21:00,lab,canteen,cultural,medium,morning
135,2026-03-15 09:21:00,stage,lab,cultural,medium,afternoon
179,2026-03-15 09:21:00,stage,canteen,technical,low,afternoon
200,2026-03-15 09:22:00,lab,stage,cultural,medium,afternoon
42,2026-03-15 09:22:00,canteen,stage,cultural,medium,afternoon
192,2026-03-15 09:22:00,stage,canteen,technical,medium,morning
15,2026-03-15 09:22:00,lab,canteen,cultural,medium,afternoon
111,2026-03-15 09:22:00,lab,canteen,technical,low,evening
157,2026-03-15 09:22:00,canteen,lab,technical,medium,evening
33,2026-03-15 09:22:00,canteen,lab,cultural,medium,afternoon
155,2026-03-15 09:22:00,stage,canteen,technical,high,morning
164,2026-03-15 09:22:00,stage,canteen,cultural,low,afternoon
157,2026-03-15 09:22:00,stage,canteen,technical,medium,afternoon
38,2026-03-15 09:22:00,lab,canteen,sports,high,afternoon
185,2026-03-15 09:22:00,stage,canteen,cultural,low,evening
97,2026-03-15 09:22:00,lab,stage,sports,medium,evening
155,2026-03-15 09:22:00,stage,stage,sports,high,morning
183,2026-03-15 09:22:00,canteen,stage,sports,low,afternoon
33,2026-03-15 09:23:00,canteen,stage,sports,medium,afternoon
196,2026-03-15 09:23:00,lab,lab,cultural,high,afternoon
86,2026-03-15 09:23:00,canteen,stage,technical,low,afternoon
66,2026-03-15 09:23:00,lab,lab,cultural,high,evening
10,2026-03-15 09:23:00,lab,lab,cultural,high,morning
5,2026-03-15 09:23:00,canteen,lab,technical,medium,evening
123,2026-03-15 09:23:00,lab,lab,sports,high,afternoon
74,2026-03-15 09:23:00,canteen,canteen,technical,medium,evening
97,2026-03-15 09:23:00,stage,canteen,sports,medium,morning
118,2026-03-15 09:23:00,stage,canteen,cultural,high,afternoon
38,2026-03-15 09:23:00,canteen,lab,technical,high,afternoon
141,2026-03-15 09:24:00,canteen,lab,technical,high,evening
159,2026-03-15 09:24:00,canteen,lab,sports,high,evening
47,2026-03-15 09:24:00,canteen,canteen,technical,low,evening
109,2026-03-15 09:24:00,stage,lab,cultural,medium,morning
180,2026-03-15 09:24:00,lab,stage,technical,high,morning
184,2026-03-15 09:24:00,lab,stage,technical,low,morning
15,2026-03-15 09:24:00,stage,lab,cultural,high,afternoon
157,2026-03-15 09:24:00,lab,canteen,sports,low,afternoon
136,2026-03-15 09:24:00,stage,lab,technical,medium,evening
5,2026-03-15 09:24:00,lab,stage,sports,high,afternoon
157,2026-03-15 09:25:00,canteen,lab,technical,low,morning
47,2026-03-15 09:25:00,canteen,canteen,cultural,low,afternoon
68,2026-03-15 09:25:00,canteen,lab,sports,medium,evening
76,2026-03-15 09:25:00,stage,lab,technical,high,evening
173,2026-03-15 09:25:00,stage,lab,sports,high,evening
130,2026-03-15 09:25:00,lab,canteen,technical,medium,evening
155,2026-03-15 09:25:00,lab,lab,cultural,medium,afternoon
95,2026-03-15 09:25:00,lab,stage,cultural,medium,evening
115,2026-03-15 09:25:00,stage,stage,technical,low,afternoon
164,2026-03-15 09:25:00,lab,canteen,technical,low,evening
36,2026-03-15 09:25:00,canteen,lab,sports,medium,evening
26,2026-03-15 09:25:00,lab,canteen,technical,high,afternoon
43,2026-03-15 09:26:00,canteen,lab,sports,low,morning
27,2026-03-15 09:26:00,stage,canteen,technical,medium,morning
69,2026-03-15 09:26:00,canteen,stage,cultural,low,morning
148,2026-03-15 09:26:00,canteen,lab,sports,low,morning
11,2026-03-15 09:26:00,canteen,stage,sports,medium,evening
74,2026-03-15 09:26:00,stage,lab,cultural,high,afternoon
104,2026-03-15 09:26:00,stage,canteen,sports,high,morning
38,2026-03-15 09:26:00,stage,canteen,cultural,low,evening
134,2026-03-15 09:26:00,stage,canteen,cultural,high,afternoon
200,2026-03-15 09:26:00,lab,stage,cultural,high,evening
23,2026-03-15 09:26:00,stage,canteen,technical,medium,morning
47,2026-03-15 09:26:00,canteen,stage,cultural,medium,afternoon
90,2026-03-15 09:26:00,stage,canteen,sports,medium,afternoon
46,2026-03-15 09:26:00,lab,stage,technical,high,evening
107,2026-03-15 09:26:00,lab,canteen,cultural,high,evening
140,2026-03-15 09:26:00,lab,lab,cultural,medium,afternoon
141,2026-03-15 09:26:00,canteen,lab,cultural,high,morning
104,2026-03-15 09:26:00,stage,lab,sports,medium,morning
190,2026-03-15 09:27:00,stage,canteen,technical,low,afternoon
111,2026-03-15 09:27:00,stage,canteen,technical,low,afternoon
104,2026-03-15 09:27:00,canteen,lab,technical,high,morning
60,2026-03-15 09:27:00,canteen,canteen,sports,high,morning
171,2026-03-15 09:27:00,lab,lab,cultural,high,evening
100,2026-03-15 09:27:00,lab,stage,technical,high,evening
68,2026-03-15 09:27:00,stage,lab,cultural,low,morning
133,2026-03-15 09:27:00,canteen,lab,sports,medium,afternoon
120,2026-03-15 09:27:00,canteen,stage,technical,low,afternoon
37,2026-03-15 09:27:00,stage,lab,sports,medium,evening
72,2026-03-15 09:27:00,stage,stage,technical,high,afternoon
127,2026-03-15 09:27:00,lab,canteen,technical,medium,afternoon
106,2026-03-15 09:28:00,lab,stage,cultural,medium,afternoon
92,2026-03-15 09:28:00,lab,lab,sports,medium,afternoon
31,2026-03-15 09:28:00,stage,lab,technical,medium,evening
122,2026-03-15 09:28:00,stage,lab,technical,low,afternoon
137,2026-03-15 09:28:00,lab,stage,sports,high,morning
51,2026-03-15 09:28:00,lab,canteen,cultural,high,evening
29,2026-03-15 09:28:00,canteen,lab,sports,medium,afternoon
40,2026-03-15 09:28:00,canteen,stage,technical,high,afternoon
41,2026-03-15 09:28:00,lab,lab,sports,low,afternoon
11,2026-03-15 09:28:00,lab,stage,cultural,medium,evening
151,2026-03-15 09:28:00,canteen,stage,cultural,high,afternoon
1,2026-03-15 09:28:00,lab,canteen,cultural,high,evening
46,2026-03-15 09:28:00,canteen,lab,cultural,medium,morning
101,2026-03-15 09:28:00,canteen,stage,cultural,low,afternoon
149,2026-03-15 09:28:00,canteen,stage,cultural,medium,evening
90,2026-03-15 09:28:00,stage,canteen,cultural,medium,morning
110,2026-03-15 09:28:00,stage,canteen,technical,high,evening
164,2026-03-15 09:28:00,lab,canteen,sports,high,afternoon
182,2026-03-15 09:28:00,canteen,canteen,cultural,medium,evening
57,2026-03-15 09:28:00,stage,canteen,sports,medium,afternoon
1,2026-03-15 09:28:00,lab,canteen,sports,high,evening
63,2026-03-15 09:28:00,lab,lab,technical,medium,morning
182,2026-03-15 09:29:00,lab,lab,sports,low,afternoon
55,2026-03-15 09:29:00,lab,stage,sports,medium,morning
115,2026-03-15 09:29:00,lab,stage,cultural,low,afternoon
168,2026-03-15 09:29:00,canteen,lab,cultural,medium,evening
143,2026-03-15 09:29:00,lab,stage,sports,medium,morning
149,2026-03-15 09:29:00,canteen,stage,cultural,medium,afternoon
175,2026-03-15 09:29:00,stage,stage,technical,high,morning
53,2026-03-15 09:29:00,lab,lab,sports,high,morning
137,2026-03-15 09:29:00,stage,canteen,sports,high,afternoon
180,2026-03-15 09:29:00,canteen,lab,technical,high,evening
57,2026-03-15 09:29:00,canteen,lab,technical,high,morning
117,2026-03-15 09:29:00,stage,canteen,technical,high,afternoon
154,2026-03-15 09:29:00,lab,canteen,technical,medium,morning
169,2026-03-15 09:29:00,lab,canteen,sports,low,morning
35,2026-03-15 09:29:00,stage,canteen,cultural,high,evening
63,2026-03-15 09:29:00,stage,stage,cultural,high,afternoon
25,2026-03-15 09:29:00,stage,stage,cultural,medium,afternoon
90,2026-03-15 09:29:00,lab,stage,cultural,high,morning
75,2026-03-15 09:29:00,lab,canteen,technical,medium,evening
38,2026-03-15 09:29:00,lab,canteen,cultural,high,evening
130,2026-03-15 09:29:00,stage,lab,cultural,low,evening
135,2026-03-15 09:29:00,lab,lab,sports,high,afternoon
162,2026-03-15 09:29:00,canteen,lab,sports,high,afternoon
91,2026-03-15 09:30:00,stage,canteen,cultural,medium,morning
17,2026-03-15 09:30:00,lab,canteen,technical,high,evening
128,2026-03-15 09:30:00,stage,canteen,cultural,medium,evening
171,2026-03-15 09:30:00,canteen,stage,technical,low,afternoon
187,2026-03-15 09:30:00,canteen,stage,sports,high,morning
108,2026-03-15 09:30:00,stage,lab,technical,medium,afternoon
179,2026-03-15 09:30:00,stage,lab,cultural,low,afternoon
182,2026-03-15 09:30:00,canteen,stage,sports,low,morning
152,2026-03-15 09:30:00,stage,canteen,cultural,medium,evening
25,2026-03-15 09:30:00,canteen,canteen,cultural,medium,evening
199,2026-03-15 09:30:00,canteen,stage,technical,high,morning
180,2026-03-15 09:30:00,lab,canteen,cultural,low,evening
198,2026-03-15 09:30:00,stage,stage,cultural,low,morning
88,2026-03-15 09:31:00,stage,canteen,sports,medium,morning
161,2026-03-15 09:31:00,lab,canteen,technical,low,afternoon
177,2026-03-15 09:31:00,canteen,canteen,technical,medium,evening
29,2026-03-15 09:31:00,stage,stage,sports,high,evening
63,2026-03-15 09:31:00,lab,canteen,sports,medium,morning
150,2026-03-15 09:31:00,lab,lab,technical,high,afternoon
154,2026-03-15 09:31:00,stage,canteen,sports,medium,afternoon
156,2026-03-15 09:31:00,lab,lab,technical,high,evening
114,2026-03-15 09:31:00,canteen,lab,sports,low,morning
49,2026-03-15 09:31:00,lab,lab,technical,medium,evening
199,2026-03-15 09:31:00,canteen,lab,technical,medium,evening
81,2026-03-15 09:31:00,canteen,lab,sports,medium,afternoon
84,2026-03-15 09:31:00,stage,lab,cultural,high,afternoon
105,2026-03-15 09:32:00,lab,stage,cultural,medium,afternoon
177,2026-03-15 09:32:00,canteen,canteen,sports,medium,afternoon
148,2026-03-15 09:32:00,canteen,lab,technical,low,morning
118,2026-03-15 09:32:00,lab,lab,sports,medium,evening
86,2026-03-15 09:32:00,canteen,lab,cultural,medium,afternoon
63,2026-03-15 09:32:00,lab,lab,technical,medium,evening
189,2026-03-15 09:32:00,stage,lab,technical,medium,morning
104,2026-03-15 09:32:00,canteen,lab,technical,low,afternoon
49,2026-03-15 09:32:00,canteen,lab,cultural,medium,morning
71,2026-03-15 09:32:00,lab,canteen,cultural,medium,afternoon
1,2026-03-15 09:32:00,lab,lab,technical,low,evening
141,2026-03-15 09:32:00,lab,lab,technical,high,morning
179,2026-03-15 09:32:00,lab,lab,cultural,high,afternoon
123,2026-03-15 09:32:00,canteen,lab,cultural,low,evening
184,2026-03-15 09:32:00,stage,canteen,technical,low,evening
62,2026-03-15 09:33:00,stage,stage,sports,high,evening
32,2026-03-15 09:33:00,stage,lab,sports,medium,afternoon
158,2026-03-15 09:33:00,stage,canteen,sports,high,evening
29,2026-03-15 09:33:00,lab,canteen,cultural,medium,evening
49,2026-03-15 09:33:00,canteen,stage,sports,low,afternoon
173,2026-03-15 09:33:00,canteen,lab,sports,low,morning
30,2026-03-15 09:33:00,canteen,lab,cultural,low,evening
144,2026-03-15 09:33:00,lab,lab,sports,high,afternoon
168,2026-03-15 09:33:00,canteen,lab,technical,low,morning
19,2026-03-15 09:33:00,lab,canteen,cultural,high,evening
18,2026-03-15 09:33:00,canteen,canteen,technical,medium,afternoon
1,2026-03-15 09:33:00,stage,stage,sports,medium,afternoon
78,2026-03-15 09:33:00,lab,lab,technical,medium,evening
115,2026-03-15 09:33:00,canteen,stage,cultural,low,morning
175,2026-03-15 09:33:00,stage,canteen,sports,medium,morning
194,2026-03-15 09:33:00,stage,canteen,cultural,low,morning
113,2026-03-15 09:33:00,stage,canteen,sports,high,evening
114,2026-03-15 09:34:00,lab,lab,cultural,low,evening
166,2026-03-15 09:34:00,lab,stage,cultural,medium,morning
179,2026-03-15 09:34:00,canteen,lab,technical,low,morning
63,2026-03-15 09:34:00,stage,stage,cultural,low,morning
132,2026-03-15 09:34:00,canteen,stage,cultural,high,morning
129,2026-03-15 09:34:00,canteen,canteen,technical,low,afternoon
8,2026-03-15 09:34:00,stage,stage,sports,medium,evening
157,2026-03-15 09:34:00,canteen,lab,sports,low,morning
55,2026-03-15 09:34:00,lab,canteen,cultural,low,afternoon
103,2026-03-15 09:34:00,canteen,stage,technical,medium,morning
131,2026-03-15 09:34:00,stage,stage,sports,low,morning
32,2026-03-15 09:34:00,lab,lab,technical,high,afternoon
10,2026-03-15 09:34:00,lab,lab,cultural,medium,morning
110,2026-03-15 09:34:00,canteen,canteen,technical,medium,morning
162,2026-03-15 09:34:00,canteen,lab,cultural,low,afternoon
124,2026-03-15 09:35:00,lab,lab,sports,high,afternoon
87,2026-03-15 09:35:00,canteen,lab,sports,high,afternoon
55,2026-03-15 09:35:00,stage,canteen,sports,medium,afternoon
32,2026-03-15 09:35:00,canteen,lab,sports,medium,afternoon
178,2026-03-15 09:35:00,canteen,lab,technical,low,morning
135,2026-03-15 09:35:00,lab,lab,technical,medium,evening
93,2026-03-15 09:35:00,canteen,lab,technical,high,afternoon
8,2026-03-15 09:35:00,canteen,lab,cultural,low,evening
65,2026-03-15 09:35:00,canteen,stage,sports,low,morning
57,2026-03-15 09:35:00,stage,lab,sports,high,afternoon
67,2026-03-15 09:35:00,canteen,canteen,sports,high,evening
187,2026-03-15 09:35:00,stage,canteen,technical,medium,evening
72,2026-03-15 09:36:00,stage,stage,technical,high,evening
54,2026-03-15 09:36:00,stage,canteen,sports,low,evening
67,2026-03-15 09:36:00,stage,lab,cultural,low,evening
51,2026-03-15 09:36:00,lab,lab,technical,high,afternoon
97,2026-03-15 09:36:00,stage,stage,sports,medium,afternoon
92,2026-03-15 09:36:00,canteen,canteen,sports,low,afternoon
8,2026-03-15 09:36:00,stage,stage,sports,medium,evening
162,2026-03-15 09:36:00,canteen,lab,cultural,high,evening
35,2026-03-15 09:37:00,stage,lab,sports,medium,morning
96,2026-03-15 09:37:00,lab,stage,technical,low,evening
88,2026-03-15 09:37:00,stage,lab,cultural,high,morning
78,2026-03-15 09:37:00,stage,lab,cultural,low,morning
32,2026-03-15 09:37:00,lab,canteen,sports,low,afternoon
120,2026-03-15 09:37:00,stage,canteen,technical,high,evening
46,2026-03-15 09:37:00,canteen,canteen,technical,medium,evening
144,2026-03-15 09:37:00,stage,canteen,sports,high,morning
196,2026-03-15 09:37:00,stage,canteen,sports,low,morning
165,2026-03-15 09:37:00,stage,canteen,technical,low,evening
182,2026-03-15 09:37:00,lab,canteen,cultural,low,morning
142,2026-03-15 09:37:00,stage,stage,cultural,high,evening
55,2026-03-15 09:37:00,stage,lab,sports,high,evening
176,2026-03-15 09:37:00,canteen,canteen,sports,high,morning
7,2026-03-15 09:37:00,stage,canteen,technical,high,afternoon
74,2026-03-15 09:37:00,stage,lab,technical,medium,evening
7,2026-03-15 09:38:00,stage,canteen,technical,low,morning
161,2026-03-15 09:38:00,stage,canteen,technical,medium,morning
151,2026-03-15 09:38:00,canteen,lab,sports,low,morning
85,2026-03-15 09:38:00,canteen,lab,sports,low,evening
147,2026-03-15 09:38:00,lab,stage,technical,medium,evening
112,2026-03-15 09:38:00,stage,canteen,sports,high,evening
125,2026-03-15 09:38:00,lab,lab,sports,low,morning
147,2026-03-15 09:38:00,lab,canteen,technical,high,afternoon
36,2026-03-15 09:38:00,stage,canteen,cultural,medium,afternoon
29,2026-03-15 09:38:00,canteen,stage,cultural,low,evening
188,2026-03-15 09:38:00,canteen,stage,technical,high,evening
82,2026-03-15 09:38:00,stage,canteen,cultural,medium,evening
2,2026-03-15 09:39:00,stage,lab,sports,low,afternoon
129,2026-03-15 09:39:00,canteen,lab,cultural,medium,afternoon
47,2026-03-15 09:39:00,stage,lab,technical,high,evening
197,2026-03-15 09:39:00,stage,canteen,technical,low,morning
148,2026-03-15 09:39:00,stage,stage,cultural,low,afternoon
11,2026-03-15 09:39:00,canteen,lab,cultural,low,evening
130,2026-03-15 09:39:00,lab,canteen,sports,medium,afternoon
195,2026-03-15 09:39:00,lab,canteen,cultural,medium,morning
119,2026-03-15 09:39:00,stage,lab,cultural,medium,morning
140,2026-03-15 09:39:00,canteen,lab,cultural,medium,afternoon
20,2026-03-15 09:39:00,stage,canteen,sports,high,evening
5,2026-03-15 09:40:00,canteen,lab,cultural,medium,afternoon
37,2026-03-15 09:40:00,stage,lab,sports,medium,evening
166,2026-03-15 09:40:00,canteen,stage,sports,medium,afternoon
137,2026-03-15 09:40:00,canteen,lab,technical,high,morning
53,2026-03-15 09:40:00,lab,canteen,technical,high,afternoon
172,2026-03-15 09:40:00,stage,canteen,sports,low,evening
99,2026-03-15 09:40:00,lab,lab,sports,medium,evening
86,2026-03-15 09:40:00,lab,lab,sports,low,morning
108,2026-03-15 09:40:00,canteen,canteen,technical,low,evening
24,2026-03-15 09:40:00,stage,canteen,sports,high,evening
81,2026-03-15 09:40:00,canteen,stage,technical,high,morning
158,2026-03-15 09:41:00,canteen,lab,technical,low,evening
120,2026-03-15 09:41:00,canteen,stage,sports,low,evening
59,2026-03-15 09:41:00,stage,canteen,sports,medium,afternoon
128,2026-03-15 09:41:00,stage,stage,sports,high,afternoon
114,2026-03-15 09:41:00,canteen,canteen,technical,high,afternoon
115,2026-03-15 09:41:00,stage,stage,cultural,low,afternoon
14,2026-03-15 09:41:00,canteen,lab,sports,high,afternoon
9,2026-03-15 09:41:00,stage,canteen,cultural,low,afternoon
40,2026-03-15 09:41:00,stage,canteen,cultural,low,afternoon
194,2026-03-15 09:41:00,lab,lab,cultural,high,morning
25,2026-03-15 09:41:00,canteen,lab,cultural,medium,afternoon
103,2026-03-15 09:41:00,lab,canteen,cultural,high,evening
22,2026-03-15 09:41:00,lab,stage,technical,low,morning
4,2026-03-15 09:41:00,canteen,lab,technical,low,afternoon
154,2026-03-15 09:41:00,canteen,canteen,technical,medium,afternoon
186,2026-03-15 09:41:00,stage,lab,cultural,low,evening
29,2026-03-15 09:42:00,canteen,canteen,technical,medium,morning
109,2026-03-15 09:42:00,lab,canteen,sports,high,evening
98,2026-03-15 09:42:00,lab,canteen,cultural,medium,evening
37,2026-03-15 09:42:00,canteen,lab,sports,low,morning
75,2026-03-15 09:42:00,lab,lab,cultural,low,evening
70,2026-03-15 09:42:00,stage,stage,cultural,medium,morning
146,2026-03-15 09:42:00,lab,canteen,cultural,high,evening
128,2026-03-15 09:42:00,stage,stage,cultural,medium,morning
85,2026-03-15 09:42:00,lab,canteen,sports,low,afternoon
42,2026-03-15 09:42:00,stage,lab,cultural,high,morning
100,2026-03-15 09:42:00,stage,canteen,cultural,medium,evening
41,2026-03-15 09:42:00,canteen,lab,technical,medium,evening
166,2026-03-15 09:42:00,stage,canteen,cultural,medium,afternoon
34,2026-03-15 09:43:00,canteen,lab,cultural,low,afternoon
17,2026-03-15 09:43:00,lab,lab,cultural,low,afternoon
165,2026-03-15 09:43:00,lab,stage,cultural,low,morning
153,2026-03-15 09:43:00,lab,canteen,cultural,high,morning
122,2026-03-15 09:43:00,stage,canteen,cultural,high,morning
76,2026-03-15 09:43:00,lab,stage,sports,high,morning
87,2026-03-15 09:43:00,lab,canteen,sports,low,morning
117,2026-03-15 09:43:00,canteen,canteen,cultural,high,evening
106,2026-03-15 09:43:00,canteen,lab,sports,high,evening
86,2026-03-15 09:44:00,lab,canteen,technical,medium,evening
27,2026-03-15 09:44:00,lab,lab,technical,low,morning
57,2026-03-15 09:44:00,stage,lab,cultural,medium,afternoon
31,2026-03-15 09:44:00,stage,lab,cultural,low,evening
134,2026-03-15 09:44:00,lab,canteen,sports,low,evening
168,2026-03-15 09:44:00,canteen,canteen,technical,high,morning
98,2026-03-15 09:44:00,lab,canteen,cultural,medium,morning
12,2026-03-15 09:44:00,stage,canteen,technical,medium,morning
53,2026-03-15 09:44:00,canteen,canteen,sports,high,evening
199,2026-03-15 09:44:00,canteen,lab,cultural,medium,afternoon
138,2026-03-15 09:44:00,stage,canteen,cultural,medium,morning
173,2026-03-15 09:44:00,lab,canteen,cultural,low,morning
145,2026-03-15 09:44:00,lab,lab,technical,medium,afternoon
154,2026-03-15 09:44:00,lab,stage,sports,medium,afternoon
190,2026-03-15 09:44:00,stage,canteen,technical,low,afternoon
122,2026-03-15 09:44:00,canteen,lab,technical,high,morning
46,2026-03-15 09:44:00,stage,canteen,cultural,low,morning
64,2026-03-15 09:44:00,lab,lab,sports,high,evening
130,2026-03-15 09:44:00,stage,canteen,sports,high,evening
54,2026-03-15 09:44:00,canteen,lab,cultural,low,evening
107,2026-03-15 09:44:00,stage,canteen,sports,low,evening
193,2026-03-15 09:45:00,lab,canteen,cultural,high,evening
51,2026-03-15 09:45:00,canteen,lab,cultural,low,evening
181,2026-03-15 09:45:00,stage,canteen,sports,low,morning
36,2026-03-15 09:45:00,stage,canteen,sports,medium,evening
115,2026-03-15 09:45:00,canteen,canteen,sports,low,morning
26,2026-03-15 09:45:00,canteen,canteen,sports,low,morning
29,2026-03-15 09:45:00,lab,canteen,technical,medium,afternoon
149,2026-03-15 09:45:00,canteen,lab,cultural,high,morning
11,2026-03-15 09:45:00,lab,lab,cultural,high,morning
40,2026-03-15 09:45:00,stage,canteen,cultural,low,morning
11,2026-03-15 09:45:00,lab,canteen,cultural,low,afternoon
164,2026-03-15 09:45:00,stage,stage,technical,high,morning
113,2026-03-15 09:45:00,canteen,lab,sports,low,afternoon
187,2026-03-15 09:45:00,stage,lab,sports,high,evening
39,2026-03-15 09:45:00,canteen,canteen,sports,high,morning
54,2026-03-15 09:45:00,stage,canteen,cultural,medium,evening
98,2026-03-15 09:45:00,stage,canteen,technical,medium,morning
55,2026-03-15 09:45:00,stage,canteen,technical,low,afternoon
111,2026-03-15 09:45:00,stage,canteen,sports,low,evening
152,2026-03-15 09:45:00,lab,stage,cultural,high,morning
150,2026-03-15 09:45:00,stage,canteen,sports,low,morning
69,2026-03-15 09:45:00,lab,stage,cultural,medium,afternoon
56,2026-03-15 09:45:00,canteen,canteen,sports,high,morning
33,2026-03-15 09:45:00,canteen,lab,sports,high,evening
36,2026-03-15 09:45:00,lab,canteen,technical,low,afternoon
148,2026-03-15 09:46:00,canteen,stage,cultural,high,evening
81,2026-03-15 09:46:00,canteen,lab,technical,high,evening
190,2026-03-15 09:46:00,stage,lab,technical,high,morning
109,2026-03-15 09:46:00,stage,lab,sports,medium,morning
154,2026-03-15 09:46:00,stage,canteen,cultural,high,afternoon
194,2026-03-15 09:46:00,lab,stage,cultural,medium,afternoon
73,2026-03-15 09:46:00,lab,lab,sports,high,afternoon
40,2026-03-15 09:46:00,canteen,canteen,sports,low,evening
17,2026-03-15 09:46:00,stage,lab,sports,low,evening
129,2026-03-15 09:46:00,lab,canteen,cultural,high,evening
61,2026-03-15 09:46:00,lab,canteen,sports,low,evening
171,2026-03-15 09:46:00,stage,lab,sports,medium,morning
104,2026-03-15 09:46:00,lab,canteen,technical,high,afternoon
42,2026-03-15 09:46:00,stage,stage,sports,medium,morning
25,2026-03-15 09:46:00,canteen,stage,sports,high,morning
39,2026-03-15 09:46:00,canteen,canteen,cultural,medium,evening
35,2026-03-15 09:47:00,canteen,stage,sports,low,afternoon
131,2026-03-15 09:47:00,stage,canteen,cultural,medium,evening
108,2026-03-15 09:47:00,lab,canteen,technical,medium,evening
172,2026-03-15 09:47:00,canteen,lab,technical,low,afternoon
179,2026-03-15 09:47:00,canteen,canteen,cultural,low,afternoon
102,2026-03-15 09:47:00,canteen,lab,sports,high,morning
98,2026-03-15 09:47:00,lab,stage,cultural,high,evening
12,2026-03-15 09:47:00,lab,lab,sports,medium,evening
19,2026-03-15 09:47:00,stage,stage,sports,high,evening
101,2026-03-15 09:47:00,canteen,lab,sports,medium,afternoon
44,2026-03-15 09:47:00,lab,lab,cultural,high,evening
187,2026-03-15 09:47:00,stage,lab,technical,low,evening
49,2026-03-15 09:48:00,canteen,lab,cultural,low,evening
189,2026-03-15 09:48:00,lab,canteen,sports,low,evening
17,2026-03-15 09:48:00,lab,lab,cultural,low,morning
74,2026-03-15 09:48:00,stage,lab,technical,medium,afternoon
57,2026-03-15 09:48:00,canteen,lab,cultural,low,morning
55,2026-03-15 09:48:00,canteen,canteen,technical,low,afternoon
47,2026-03-15 09:48:00,lab,lab,technical,low,evening
12,2026-03-15 09:48:00,canteen,stage,sports,low,afternoon
62,2026-03-15 09:48:00,stage,canteen,technical,high,morning
80,2026-03-15 09:49:00,lab,stage,cultural,medium,evening
83,2026-03-15 09:49:00,lab,canteen,cultural,medium,morning
8,2026-03-15 09:49:00,stage,lab,sports,high,morning
149,2026-03-15 09:49:00,lab,lab,cultural,high,morning
81,2026-03-15 09:49:00,canteen,lab,sports,medium,afternoon
118,2026-03-15 09:49:00,canteen,lab,cultural,medium,morning
198,2026-03-15 09:49:00,lab,canteen,cultural,high,afternoon
200,2026-03-15 09:49:00,stage,canteen,technical,low,morning
25,2026-03-15 09:49:00,stage,canteen,technical,medium,morning
89,2026-03-15 09:49:00,canteen,lab,technical,high,afternoon
12,2026-03-15 09:49:00,stage,canteen,cultural,low,afternoon
143,2026-03-15 09:49:00,lab,lab,sports,low,morning
59,2026-03-15 09:49:00,lab,canteen,sports,high,morning
154,2026-03-15 09:49:00,canteen,lab,sports,medium,evening
109,2026-03-15 09:50:00,canteen,canteen,technical,medium,morning
26,2026-03-15 09:50:00,canteen,canteen,cultural,low,morning
47,2026-03-15 09:50:00,stage,lab,technical,high,evening
32,2026-03-15 09:50:00,lab,canteen,cultural,low,morning
10,2026-03-15 09:50:00,lab,lab,cultural,low,morning
16,2026-03-15 09:50:00,lab,canteen,cultural,low,afternoon
199,2026-03-15 09:50:00,canteen,canteen,technical,high,afternoon
145,2026-03-15 09:50:00,lab,lab,cultural,medium,afternoon
151,2026-03-15 09:50:00,stage,canteen,technical,low,morning
26,2026-03-15 09:50:00,stage,canteen,technical,medium,afternoon
86,2026-03-15 09:50:00,lab,canteen,cultural,medium,morning
135,2026-03-15 09:50:00,canteen,canteen,cultural,high,evening
14,2026-03-15 09:51:00,lab,lab,cultural,medium,afternoon
79,2026-03-15 09:51:00,stage,stage,technical,medium,evening
117,2026-03-15 09:51:00,stage,lab,cultural,low,morning
7,2026-03-15 09:51:00,stage,lab,cultural,high,morning
137,2026-03-15 09:51:00,lab,stage,sports,high,evening
115,2026-03-15 09:51:00,stage,canteen,sports,low,evening
176,2026-03-15 09:51:00,canteen,lab,sports,low,evening
72,2026-03-15 09:51:00,lab,stage,cultural,medium,evening
59,2026-03-15 09:51:00,lab,canteen,technical,medium,afternoon
82,2026-03-15 09:51:00,stage,canteen,sports,high,evening
116,2026-03-15 09:52:00,stage,canteen,technical,high,afternoon
167,2026-03-15 09:52:00,canteen,lab,sports,medium,evening
146,2026-03-15 09:52:00,lab,canteen,sports,low,evening
187,2026-03-15 09:52:00,stage,lab,technical,high,afternoon
103,2026-03-15 09:52:00,canteen,lab,sports,low,morning
17,2026-03-15 09:52:00,stage,canteen,technical,medium,morning
14,2026-03-15 09:52:00,lab,lab,cultural,high,morning
159,2026-03-15 09:52:00,stage,canteen,cultural,high,morning
152,2026-03-15 09:52:00,lab,lab,technical,medium,afternoon
108,2026-03-15 09:52:00,stage,canteen,technical,medium,morning
188,2026-03-15 09:52:00,lab,lab,cultural,low,afternoon
45,2026-03-15 09:53:00,canteen,canteen,technical,low,afternoon
98,2026-03-15 09:53:00,lab,canteen,cultural,medium,afternoon
131,2026-03-15 09:53:00,canteen,canteen,cultural,medium,afternoon
37,2026-03-15 09:53:00,lab,canteen,technical,medium,afternoon
171,2026-03-15 09:53:00,canteen,lab,sports,high,evening
168,2026-03-15 09:53:00,stage,canteen,technical,medium,afternoon
183,2026-03-15 09:53:00,lab,lab,cultural,high,morning
108,2026-03-15 09:53:00,stage,canteen,sports,medium,afternoon
39,2026-03-15 09:53:00,canteen,lab,sports,high,morning
15,2026-03-15 09:53:00,lab,canteen,cultural,low,afternoon
120,2026-03-15 09:53:00,lab,lab,sports,low,morning
4,2026-03-15 09:53:00,stage,lab,sports,high,afternoon
93,2026-03-15 09:53:00,lab,lab,technical,low,evening
153,2026-03-15 09:54:00,lab,canteen,cultural,low,morning
141,2026-03-15 09:54:00,stage,canteen,sports,high,morning
161,2026-03-15 09:54:00,lab,stage,cultural,medium,afternoon
16,2026-03-15 09:54:00,stage,canteen,technical,medium,morning
170,2026-03-15 09:54:00,stage,stage,technical,high,afternoon
108,2026-03-15 09:54:00,stage,canteen,technical,low,evening
126,2026-03-15 09:54:00,stage,canteen,sports,medium,evening
194,2026-03-15 09:54:00,stage,canteen,technical,medium,afternoon
55,2026-03-15 09:54:00,canteen,canteen,cultural,low,afternoon
170,2026-03-15 09:54:00,canteen,lab,technical,high,evening
34,2026-03-15 09:54:00,stage,stage,sports,high,morning
158,2026-03-15 09:54:00,canteen,lab,technical,medium,morning
13,2026-03-15 09:54:00,canteen,stage,sports,high,morning
141,2026-03-15 09:54:00,lab,stage,cultural,low,evening
18,2026-03-15 09:55:00,stage,canteen,technical,high,afternoon
160,2026-03-15 09:55:00,canteen,lab,technical,high,evening
96,2026-03-15 09:55:00,lab,canteen,cultural,high,morning
123,2026-03-15 09:55:00,lab,lab,cultural,high,afternoon
39,2026-03-15 09:55:00,stage,canteen,sports,low,afternoon
46,2026-03-15 09:55:00,stage,stage,technical,high,morning
29,2026-03-15 09:55:00,lab,lab,technical,medium,afternoon
190,2026-03-15 09:56:00,stage,stage,technical,high,morning
62,2026-03-15 09:56:00,stage,lab,technical,medium,evening
185,2026-03-15 09:56:00,lab,stage,cultural,low,afternoon
16,2026-03-15 09:56:00,lab,canteen,technical,high,morning
184,2026-03-15 09:56:00,stage,lab,technical,medium,morning
121,2026-03-15 09:56:00,canteen,lab,technical,high,evening
10,2026-03-15 09:56:00,stage,canteen,sports,high,afternoon
158,2026-03-15 09:56:00,canteen,lab,sports,medium,afternoon
153,2026-03-15 09:56:00,lab,stage,sports,low,afternoon
103,2026-03-15 09:56:00,canteen,lab,cultural,low,afternoon
84,2026-03-15 09:57:00,lab,lab,cultural,low,evening
133,2026-03-15 09:57:00,stage,canteen,cultural,low,evening
65,2026-03-15 09:57:00,stage,canteen,technical,low,afternoon
177,2026-03-15 09:57:00,lab,stage,technical,low,morning
3,2026-03-15 09:57:00,lab,canteen,cultural,high,afternoon
173,2026-03-15 09:57:00,lab,canteen,sports,high,afternoon
142,2026-03-15 09:57:00,stage,canteen,technical,medium,morning
120,2026-03-15 09:57:00,stage,lab,sports,low,afternoon
158,2026-03-15 09:57:00,canteen,stage,technical,low,morning
68,2026-03-15 09:57:00,lab,canteen,technical,low,evening
146,2026-03-15 09:57:00,canteen,lab,sports,medium,morning
190,2026-03-15 09:57:00,stage,lab,cultural,high,evening
37,2026-03-15 09:57:00,canteen,canteen,sports,high,afternoon
153,2026-03-15 09:57:00,canteen,canteen,cultural,low,morning
176,2026-03-15 09:57:00,stage,canteen,cultural,high,morning
193,2026-03-15 09:57:00,stage,canteen,technical,high,afternoon
181,2026-03-15 09:57:00,lab,stage,technical,high,evening
73,2026-03-15 09:57:00,canteen,canteen,technical,low,morning
143,2026-03-15 09:57:00,stage,stage,cultural,high,morning
49,2026-03-15 09:57:00,stage,canteen,cultural,high,afternoon
121,2026-03-15 09:57:00,canteen,canteen,sports,medium,evening
88,2026-03-15 09:57:00,stage,canteen,technical,low,afternoon
196,2026-03-15 09:58:00,lab,stage,technical,high,morning
140,2026-03-15 09:58:00,lab,lab,cultural,low,afternoon
187,2026-03-15 09:58:00,canteen,lab,technical,high,afternoon
37,2026-03-15 09:58:00,lab,stage,cultural,low,evening
61,2026-03-15 09:58:00,stage,canteen,sports,high,evening
171,2026-03-15 09:58:00,stage,canteen,sports,high,afternoon
124,2026-03-15 09:58:00,stage,stage,technical,medium,afternoon
198,2026-03-15 09:58:00,stage,canteen,sports,low,afternoon
39,2026-03-15 09:58:00,canteen,canteen,technical,high,morning
184,2026-03-15 09:58:00,lab,lab,technical,medium,evening
63,2026-03-15 09:58:00,lab,lab,cultural,medium,morning
46,2026-03-15 09:58:00,stage,canteen,cultural,low,evening
88,2026-03-15 09:58:00,canteen,canteen,technical,low,evening
11,2026-03-15 09:58:00,stage,lab,sports,medium,morning
62,2026-03-15 09:58:00,stage,lab,sports,low,morning
77,2026-03-15 09:58:00,canteen,lab,technical,low,afternoon
153,2026-03-15 09:58:00,canteen,stage,technical,low,evening
199,2026-03-15 09:58:00,stage,canteen,sports,high,evening
52,2026-03-15 09:58:00,lab,lab,sports,low,evening
4,2026-03-15 09:58:00,stage,canteen,cultural,low,afternoon
59,2026-03-15 09:58:00,lab,stage,cultural,medium,evening
72,2026-03-15 09:59:00,lab,stage,sports,medium,evening
148,2026-03-15 09:59:00,canteen,lab,cultural,medium,morning
93,2026-03-15 09:59:00,canteen,lab,cultural,low,morning
63,2026-03-15 09:59:00,stage,canteen,technical,low,afternoon
54,2026-03-15 09:59:00,lab,lab,cultural,medium,evening
117,2026-03-15 09:59:00,lab,lab,cultural,medium,afternoon
110,2026-03-15 09:59:00,stage,lab,technical,high,morning
74,2026-03-15 09:59:00,stage,canteen,sports,high,evening
107,2026-03-15 09:59:00,stage,stage,cultural,high,evening
57,2026-03-15 09:59:00,canteen,canteen,cultural,low,afternoon
169,2026-03-15 10:00:00,stage,canteen,sports,low,evening
3,2026-03-15 10:00:00,stage,canteen,cultural,medium,evening
120,2026-03-15 10:00:00,lab,stage,sports,high,morning
6,2026-03-15 10:00:00,stage,lab,technical,low,afternoon
5,2026-03-15 10:00:00,lab,canteen,sports,high,morning
5,2026-03-15 10:00:00,lab,stage,sports,high,afternoon
54,2026-03-15 10:00:00,canteen,canteen,sports,low,morning
47,2026-03-15 10:00:00,stage,canteen,technical,high,afternoon
177,2026-03-15 10:00:00,stage,canteen,sports,medium,evening
9,2026-03-15 10:00:00,lab,lab,sports,medium,evening
99,2026-03-15 10:00:00,canteen,canteen,technical,low,afternoon
20,2026-03-15 10:00:00,canteen,lab,cultural,high,afternoon
122,2026-03-15 10:00:00,stage,canteen,cultural,medium,afternoon
61,2026-03-15 10:00:00,lab,stage,sports,high,afternoon
123,2026-03-15 10:00:00,stage,canteen,technical,medium,evening
163,2026-03-15 10:00:00,stage,lab,technical,medium,afternoon
178,2026-03-15 10:01:00,stage,stage,sports,high,evening
82,2026-03-15 10:01:00,stage,canteen,sports,low,evening
62,2026-03-15 10:01:00,lab,lab,cultural,low,afternoon
145,2026-03-15 10:01:00,canteen,canteen,cultural,low,evening
3,2026-03-15 10:01:00,stage,canteen,sports,high,afternoon
160,2026-03-15 10:01:00,stage,lab,technical,high,evening
13,2026-03-15 10:01:00,stage,canteen,sports,high,afternoon
120,2026-03-15 10:01:00,stage,stage,technical,low,afternoon
125,2026-03-15 10:01:00,canteen,lab,cultural,high,morning
89,2026-03-15 10:01:00,canteen,lab,sports,low,morning
73,2026-03-15 10:01:00,canteen,canteen,technical,medium,afternoon
68,2026-03-15 10:01:00,canteen,canteen,cultural,low,morning
142,2026-03-15 10:01:00,stage,lab,sports,low,evening
101,2026-03-15 10:01:00,lab,lab,sports,low,afternoon
98,2026-03-15 10:01:00,canteen,canteen,cultural,high,afternoon
11,2026-03-15 10:02:00,canteen,stage,sports,low,afternoon
105,2026-03-15 10:02:00,stage,canteen,cultural,medium,morning
184,2026-03-15 10:02:00,stage,lab,technical,medium,morning
67,2026-03-15 10:02:00,stage,lab,sports,medium,evening
123,2026-03-15 10:02:00,stage,lab,cultural,medium,morning
29,2026-03-15 10:02:00,lab,lab,cultural,medium,morning
137,2026-03-15 10:02:00,lab,lab,technical,medium,evening
195,2026-03-15 10:02:00,canteen,canteen,sports,low,afternoon
153,2026-03-15 10:02:00,lab,lab,cultural,high,afternoon
76,2026-03-15 10:02:00,canteen,lab,cultural,high,evening
170,2026-03-15 10:02:00,canteen,canteen,cultural,medium,morning
9,2026-03-15 10:02:00,lab,stage,sports,low,evening
40,2026-03-15 10:03:00,canteen,lab,sports,medium,evening
25,2026-03-15 10:03:00,stage,canteen,technical,medium,afternoon
5,2026-03-15 10:03:00,canteen,canteen,technical,medium,morning
139,2026-03-15 10:03:00,stage,canteen,technical,medium,afternoon
187,2026-03-15 10:03:00,lab,lab,sports,high,afternoon
124,2026-03-15 10:03:00,lab,canteen,cultural,high,evening
38,2026-03-15 10:03:00,canteen,lab,sports,low,afternoon
72,2026-03-15 10:03:00,stage,canteen,sports,low,afternoon
133,2026-03-15 10:03:00,canteen,stage,sports,medium,afternoon
176,2026-03-15 10:03:00,lab,canteen,technical,high,morning
90,2026-03-15 10:03:00,canteen,lab,cultural,medium,morning
146,2026-03-15 10:03:00,canteen,lab,sports,high,afternoon
198,2026-03-15 10:03:00,stage,lab,technical,high,evening
37,2026-03-15 10:03:00,lab,lab,sports,low,evening
60,2026-03-15 10:03:00,canteen,stage,cultural,low,afternoon
176,2026-03-15 10:03:00,stage,stage,technical,high,morning
28,2026-03-15 10:03:00,canteen,lab,sports,low,evening
197,2026-03-15 10:04:00,stage,canteen,technical,medium,evening
81,2026-03-15 10:04:00,stage,lab,cultural,high,morning
114,2026-03-15 10:04:00,canteen,lab,cultural,high,morning
40,2026-03-15 10:04:00,lab,lab,technical,high,evening
45,2026-03-15 10:04:00,lab,canteen,sports,medium,afternoon
62,2026-03-15 10:04:00,stage,canteen,cultural,high,evening
93,2026-03-15 10:04:00,lab,canteen,cultural,low,morning
115,2026-03-15 10:04:00,stage,canteen,sports,medium,morning
186,2026-03-15 10:04:00,lab,lab,technical,high,morning
67,2026-03-15 10:04:00,canteen,canteen,technical,medium,morning
56,2026-03-15 10:04:00,lab,canteen,sports,medium,afternoon
40,2026-03-15 10:04:00,stage,canteen,cultural,low,evening
98,2026-03-15 10:04:00,stage,stage,cultural,low,morning
40,2026-03-15 10:04:00,lab,canteen,sports,low,morning
91,2026-03-15 10:04:00,canteen,canteen,sports,high,morning
33,2026-03-15 10:05:00,stage,stage,technical,high,evening
6,2026-03-15 10:05:00,stage,canteen,technical,low,morning
147,2026-03-15 10:05:00,stage,canteen,sports,low,evening
80,2026-03-15 10:05:00,stage,canteen,cultural,high,afternoon
168,2026-03-15 10:05:00,stage,stage,technical,low,morning
92,2026-03-15 10:05:00,canteen,canteen,sports,medium,afternoon
97,2026-03-15 10:05:00,lab,lab,cultural,medium,evening
59,2026-03-15 10:05:00,canteen,lab,technical,medium,afternoon
59,2026-03-15 10:05:00,canteen,lab,sports,high,morning
48,2026-03-15 10:05:00,stage,canteen,sports,low,afternoon
169,2026-03-15 10:05:00,canteen,canteen,cultural,medium,afternoon
13,2026-03-15 10:05:00,stage,lab,cultural,high,afternoon
107,2026-03-15 10:05:00,canteen,canteen,sports,low,afternoon
45,2026-03-15 10:06:00,stage,canteen,cultural,low,afternoon
89,2026-03-15 10:06:00,stage,canteen,sports,medium,evening
181,2026-03-15 10:06:00,canteen,canteen,cultural,low,evening
170,2026-03-15 10:06:00,canteen,lab,cultural,low,morning
100,2026-03-15 10:06:00,lab,stage,technical,medium,evening
191,2026-03-15 10:06:00,lab,canteen,technical,medium,evening
155,2026-03-15 10:06:00,lab,canteen,cultural,low,morning
166,2026-03-15 10:06:00,canteen,canteen,sports,high,evening
188,2026-03-15 10:06:00,canteen,stage,cultural,high,morning
7,2026-03-15 10:06:00,stage,canteen,technical,medium,morning
133,2026-03-15 10:06:00,lab,lab,sports,low,evening
45,2026-03-15 10:06:00,stage,lab,cultural,medium,afternoon
58,2026-03-15 10:06:00,stage,canteen,cultural,high,morning
31,2026-03-15 10:06:00,stage,lab,cultural,high,afternoon
23,2026-03-15 10:07:00,stage,canteen,cultural,low,morning
170,2026-03-15 10:07:00,lab,canteen,technical,medium,evening
138,2026-03-15 10:07:00,stage,lab,technical,medium,afternoon
160,2026-03-15 10:07:00,canteen,lab,technical,high,morning
107,2026-03-15 10:07:00,canteen,lab,technical,medium,evening
181,2026-03-15 10:07:00,canteen,stage,sports,medium,afternoon
158,2026-03-15 10:07:00,lab,canteen,sports,medium,evening
39,2026-03-15 10:07:00,stage,lab,sports,low,evening
159,2026-03-15 10:07:00,lab,canteen,cultural,high,afternoon
82,2026-03-15 10:08:00,stage,canteen,sports,medium,morning
100,2026-03-15 10:08:00,lab,lab,technical,low,morning
2,2026-03-15 10:08:00,lab,lab,technical,medium,evening
77,2026-03-15 10:08:00,stage,canteen,cultural,medium,morning
12,2026-03-15 10:08:00,lab,lab,sports,high,afternoon
39,2026-03-15 10:08:00,stage,stage,cultural,low,afternoon
194,2026-03-15 10:08:00,canteen,lab,cultural,medium,evening
13,2026-03-15 10:08:00,canteen,lab,sports,high,evening
46,2026-03-15 10:08:00,canteen,stage,cultural,low,afternoon
155,2026-03-15 10:08:00,lab,lab,sports,medium,afternoon
113,2026-03-15 10:08:00,canteen,canteen,sports,high,evening
17,2026-03-15 10:08:00,stage,stage,cultural,medium,evening
104,2026-03-15 10:08:00,canteen,canteen,technical,medium,afternoon
98,2026-03-15 10:08:00,canteen,stage,sports,low,evening
188,2026-03-15 10:08:00,lab,canteen,technical,high,morning
192,2026-03-15 10:08:00,stage,canteen,technical,low,afternoon
88,2026-03-15 10:08:00,lab,lab,sports,medium,afternoon
109,2026-03-15 10:09:00,lab,lab,technical,high,evening
163,2026-03-15 10:09:00,stage,canteen,cultural,medium,evening
70,2026-03-15 10:09:00,lab,stage,cultural,medium,afternoon
158,2026-03-15 10:09:00,stage,lab,technical,medium,evening
199,2026-03-15 10:09:00,canteen,lab,cultural,high,morning
74,2026-03-15 10:09:00,stage,stage,sports,medium,evening
63,2026-03-15 10:09:00,stage,lab,sports,high,afternoon
156,2026-03-15 10:09:00,stage,canteen,technical,medium,evening
60,2026-03-15 10:09:00,lab,lab,cultural,low,afternoon
79,2026-03-15 10:09:00,stage,canteen,technical,high,morning
37,2026-03-15 10:10:00,stage,canteen,cultural,medium,afternoon
22,2026-03-15 10:10:00,stage,lab,sports,low,morning
196,2026-03-15 10:10:00,canteen,canteen,cultural,high,morning
148,2026-03-15 10:10:00,stage,stage,cultural,low,morning
96,2026-03-15 10:10:00,lab,lab,technical,medium,morning
68,2026-03-15 10:10:00,stage,lab,sports,low,morning
192,2026-03-15 10:10:00,stage,canteen,cultural,medium,evening
17,2026-03-15 10:10:00,canteen,canteen,sports,medium,morning
12,2026-03-15 10:10:00,stage,stage,cultural,high,evening
150,2026-03-15 10:10:00,lab,lab,sports,medium,evening
145,2026-03-15 10:10:00,stage,stage,cultural,medium,evening
138,2026-03-15 10:10:00,lab,stage,sports,high,afternoon
118,2026-03-15 10:10:00,canteen,canteen,cultural,high,afternoon
193,2026-03-15 10:10:00,stage,canteen,sports,medium,morning
22,2026-03-15 10:10:00,canteen,stage,cultural,medium,evening
120,2026-03-15 10:11:00,stage,canteen,cultural,high,afternoon
50,2026-03-15 10:11:00,lab,stage,sports,high,evening
14,2026-03-15 10:11:00,canteen,stage,technical,low,afternoon
192,2026-03-15 10:11:00,stage,stage,cultural,low,evening
175,2026-03-15 10:11:00,lab,canteen,cultural,low,afternoon
29,2026-03-15 10:11:00,canteen,lab,technical,high,morning
164,2026-03-15 10:11:00,stage,lab,cultural,high,morning
180,2026-03-15 10:11:00,canteen,canteen,sports,high,morning
125,2026-03-15 10:11:00,stage,canteen,technical,low,evening
7,2026-03-15 10:11:00,lab,stage,cultural,medium,morning
29,2026-03-15 10:11:00,lab,stage,sports,medium,morning
139,2026-03-15 10:11:00,canteen,canteen,sports,medium,afternoon
33,2026-03-15 10:11:00,canteen,canteen,technical,high,afternoon
134,2026-03-15 10:11:00,stage,canteen,technical,medium,afternoon
111,2026-03-15 10:11:00,lab,lab,technical,medium,morning
79,2026-03-15 10:11:00,stage,canteen,sports,high,afternoon
160,2026-03-15 10:12:00,lab,stage,cultural,high,afternoon
179,2026-03-15 10:12:00,canteen,lab,sports,high,morning
58,2026-03-15 10:12:00,stage,canteen,sports,high,afternoon
26,2026-03-15 10:12:00,stage,canteen,technical,high,evening
174,2026-03-15 10:12:00,lab,canteen,cultural,low,afternoon
29,2026-03-15 10:12:00,lab,lab,sports,high,evening
4,2026-03-15 10:12:00,lab,lab,technical,medium,afternoon
99,2026-03-15 10:12:00,canteen,lab,technical,medium,afternoon
141,2026-03-15 10:12:00,stage,canteen,cultural,low,evening
39,2026-03-15 10:12:00,lab,canteen,cultural,high,morning
15,2026-03-15 10:12:00,canteen,canteen,technical,medium,evening
119,2026-03-15 10:13:00,lab,lab,cultural,medium,morning
29,2026-03-15 10:13:00,stage,canteen,cultural,high,afternoon
157,2026-03-15 10:13:00,lab,stage,sports,low,morning
75,2026-03-15 10:13:00,stage,canteen,cultural,high,morning
116,2026-03-15 10:13:00,canteen,stage,technical,high,evening
32,2026-03-15 10:13:00,canteen,canteen,cultural,high,morning
130,2026-03-15 10:13:00,lab,lab,sports,high,morning
175,2026-03-15 10:13:00,stage,canteen,cultural,high,evening
84,2026-03-15 10:14:00,stage,stage,sports,low,morning
22,2026-03-15 10:14:00,stage,lab,cultural,medium,morning
27,2026-03-15 10:14:00,lab,lab,cultural,high,evening
195,2026-03-15 10:14:00,stage,lab,technical,medium,evening
81,2026-03-15 10:14:00,stage,canteen,technical,medium,evening
126,2026-03-15 10:14:00,stage,lab,cultural,high,morning
184,2026-03-15 10:14:00,stage,canteen,cultural,medium,afternoon
92,2026-03-15 10:14:00,lab,canteen,sports,high,evening
21,2026-03-15 10:14:00,lab,stage,sports,high,evening
47,2026-03-15 10:14:00,stage,canteen,technical,high,morning
101,2026-03-15 10:14:00,stage,stage,cultural,low,afternoon
187,2026-03-15 10:14:00,canteen,lab,cultural,high,afternoon
84,2026-03-15 10:14:00,canteen,stage,sports,high,morning
6,2026-03-15 10:14:00,stage,canteen,cultural,medium,evening
147,2026-03-15 10:14:00,stage,canteen,cultural,low,morning
185,2026-03-15 10:14:00,canteen,canteen,cultural,medium,afternoon
197,2026-03-15 10:14:00,canteen,lab,sports,medium,evening
131,2026-03-15 10:14:00,stage,stage,sports,high,afternoon
1,2026-03-15 10:15:00,lab,lab,sports,low,afternoon
58,2026-03-15 10:15:00,lab,canteen,cultural,low,afternoon
124,2026-03-15 10:15:00,stage,canteen,sports,high,afternoon
166,2026-03-15 10:15:00,stage,canteen,technical,low,evening
15,2026-03-15 10:15:00,canteen,lab,technical,high,evening
162,2026-03-15 10:15:00,canteen,lab,sports,low,evening
189,2026-03-15 10:15:00,lab,lab,sports,low,morning
163,2026-03-15 10:15:00,stage,canteen,cultural,high,evening
64,2026-03-15 10:15:00,canteen,canteen,sports,low,afternoon
25,2026-03-15 10:15:00,lab,lab,sports,low,afternoon
24,2026-03-15 10:15:00,lab,lab,technical,low,evening
12,2026-03-15 10:15:00,lab,stage,technical,medium,evening
18,2026-03-15 10:15:00,canteen,canteen,technical,high,morning
15,2026-03-15 10:16:00,canteen,lab,technical,medium,evening
27,2026-03-15 10:16:00,stage,canteen,sports,low,morning
72,2026-03-15 10:16:00,stage,canteen,technical,low,evening
60,2026-03-15 10:16:00,lab,canteen,cultural,medium,morning
174,2026-03-15 10:16:00,lab,lab,cultural,low,evening
145,2026-03-15 10:16:00,canteen,lab,sports,low,evening
93,2026-03-15 10:16:00,canteen,canteen,cultural,high,evening
53,2026-03-15 10:16:00,stage,canteen,technical,low,morning
8,2026-03-15 10:16:00,stage,canteen,technical,high,afternoon
79,2026-03-15 10:16:00,stage,stage,cultural,high,morning
27,2026-03-15 10:16:00,canteen,lab,sports,medium,evening
174,2026-03-15 10:16:00,lab,canteen,technical,medium,afternoon
50,2026-03-15 10:16:00,stage,canteen,technical,low,morning
199,2026-03-15 10:16:00,stage,canteen,cultural,medium,morning
131,2026-03-15 10:16:00,canteen,lab,sports,high,afternoon
93,2026-03-15 10:16:00,stage,canteen,sports,medium,evening
192,2026-03-15 10:17:00,lab,canteen,cultural,high,afternoon
172,2026-03-15 10:17:00,canteen,lab,technical,medium,evening
181,2026-03-15 10:17:00,stage,canteen,cultural,low,afternoon
24,2026-03-15 10:17:00,stage,lab,cultural,medium,morning
60,2026-03-15 10:17:00,canteen,canteen,cultural,low,morning
122,2026-03-15 10:17:00,canteen,lab,technical,medium,morning
131,2026-03-15 10:17:00,stage,lab,technical,high,evening
148,2026-03-15 10:17:00,lab,lab,cultural,medium,evening
46,2026-03-15 10:17:00,canteen,lab,sports,medium,afternoon
15,2026-03-15 10:18:00,lab,lab,cultural,high,evening
153,2026-03-15 10:18:00,stage,canteen,technical,high,evening
199,2026-03-15 10:18:00,lab,canteen,sports,medium,afternoon
17,2026-03-15 10:18:00,stage,canteen,sports,high,evening
126,2026-03-15 10:18:00,stage,lab,technical,high,afternoon
84,2026-03-15 10:18:00,stage,canteen,technical,medium,evening
9,2026-03-15 10:18:00,stage,canteen,cultural,low,evening
166,2026-03-15 10:18:00,lab,stage,technical,medium,morning
176,2026-03-15 10:18:00,stage,canteen,sports,medium,evening
188,2026-03-15 10:18:00,stage,canteen,cultural,low,afternoon
63,2026-03-15 10:18:00,lab,canteen,cultural,medium,afternoon
117,2026-03-15 10:18:00,canteen,lab,sports,medium,morning
130,2026-03-15 10:18:00,lab,lab,technical,high,afternoon
88,2026-03-15 10:19:00,lab,stage,cultural,medium,morning
72,2026-03-15 10:19:00,lab,stage,sports,low,evening
139,2026-03-15 10:19:00,stage,canteen,sports,low,morning
64,2026-03-15 10:19:00,stage,canteen,sports,high,evening
72,2026-03-15 10:19:00,stage,canteen,technical,medium,afternoon
21,2026-03-15 10:19:00,canteen,canteen,technical,medium,morning
18,2026-03-15 10:19:00,stage,canteen,technical,medium,afternoon
64,2026-03-15 10:19:00,canteen,stage,technical,medium,afternoon
82,2026-03-15 10:19:00,stage,canteen,sports,low,afternoon
110,2026-03-15 10:19:00,lab,lab,cultural,low,afternoon
95,2026-03-15 10:19:00,stage,canteen,sports,high,afternoon
166,2026-03-15 10:19:00,canteen,lab,cultural,medium,morning
32,2026-03-15 10:19:00,canteen,lab,cultural,low,afternoon
11,2026-03-15 10:19:00,stage,canteen,cultural,medium,morning
45,2026-03-15 10:19:00,lab,lab,technical,low,morning
33,2026-03-15 10:19:00,stage,canteen,sports,low,morning
102,2026-03-15 10:19:00,stage,canteen,cultural,high,afternoon
169,2026-03-15 10:20:00,stage,canteen,sports,medium,afternoon
136,2026-03-15 10:20:00,lab,lab,technical,high,morning
11,2026-03-15 10:20:00,canteen,stage,cultural,high,afternoon
179,2026-03-15 10:20:00,lab,lab,technical,high,morning
88,2026-03-15 10:20:00,canteen,stage,technical,high,afternoon
41,2026-03-15 10:20:00,canteen,lab,sports,high,afternoon
145,2026-03-15 10:20:00,canteen,canteen,cultural,high,morning
76,2026-03-15 10:20:00,lab,lab,technical,high,afternoon
121,2026-03-15 10:20:00,stage,canteen,sports,medium,morning
46,2026-03-15 10:20:00,stage,canteen,cultural,high,morning
160,2026-03-15 10:21:00,stage,canteen,cultural,medium,afternoon
80,2026-03-15 10:21:00,stage,lab,technical,medium,afternoon
54,2026-03-15 10:21:00,stage,stage,technical,low,morning
86,2026-03-15 10:21:00,lab,lab,technical,high,morning
92,2026-03-15 10:21:00,lab,lab,technical,medium,morning
148,2026-03-15 10:21:00,lab,lab,cultural,low,evening
161,2026-03-15 10:21:00,lab,canteen,technical,low,afternoon
168,2026-03-15 10:21:00,lab,canteen,technical,high,evening
160,2026-03-15 10:21:00,lab,lab,technical,high,morning
97,2026-03-15 10:21:00,lab,canteen,cultural,high,evening
2,2026-03-15 10:21:00,stage,canteen,sports,high,morning
33,2026-03-15 10:21:00,canteen,stage,sports,medium,evening
158,2026-03-15 10:21:00,lab,stage,cultural,medium,evening
161,2026-03-15 10:21:00,canteen,lab,sports,high,afternoon
77,2026-03-15 10:22:00,lab,lab,cultural,high,afternoon
116,2026-03-15 10:22:00,lab,lab,technical,medium,evening
154,2026-03-15 10:22:00,stage,stage,sports,high,morning
150,2026-03-15 10:22:00,canteen,canteen,cultural,low,afternoon
103,2026-03-15 10:22:00,stage,canteen,cultural,medium,evening
194,2026-03-15 10:22:00,stage,canteen,technical,low,morning
166,2026-03-15 10:22:00,canteen,lab,cultural,low,afternoon
103,2026-03-15 10:22:00,stage,lab,sports,low,evening
90,2026-03-15 10:23:00,lab,stage,technical,low,morning
174,2026-03-15 10:23:00,lab,lab,cultural,high,morning
122,2026-03-15 10:23:00,lab,canteen,technical,high,evening
143,2026-03-15 10:23:00,lab,lab,cultural,high,morning
106,2026-03-15 10:23:00,lab,stage,sports,high,evening
119,2026-03-15 10:23:00,stage,canteen,sports,medium,morning
172,2026-03-15 10:23:00,stage,canteen,technical,high,evening
49,2026-03-15 10:23:00,lab,canteen,cultural,medium,afternoon
104,2026-03-15 10:23:00,lab,stage,technical,low,morning
61,2026-03-15 10:23:00,stage,canteen,technical,medium,evening
195,2026-03-15 10:23:00,canteen,stage,sports,high,evening
123,2026-03-15 10:23:00,stage,canteen,technical,low,morning
134,2026-03-15 10:24:00,stage,stage,cultural,low,afternoon
9,2026-03-15 10:24:00,stage,canteen,sports,high,evening
6,2026-03-15 10:24:00,stage,stage,cultural,low,afternoon
73,2026-03-15 10:24:00,stage,canteen,technical,low,morning
103,2026-03-15 10:24:00,canteen,stage,sports,low,afternoon
160,2026-03-15 10:24:00,lab,lab,cultural,medium,morning
41,2026-03-15 10:24:00,lab,lab,cultural,low,evening
114,2026-03-15 10:24:00,canteen,stage,technical,low,afternoon
8,2026-03-15 10:24:00,lab,lab,cultural,medium,morning
72,2026-03-15 10:24:00,lab,stage,technical,high,evening
178,2026-03-15 10:24:00,lab,lab,technical,medium,afternoon
92,2026-03-15 10:24:00,canteen,canteen,technical,medium,morning
62,2026-03-15 10:25:00,canteen,stage,technical,high,afternoon
84,2026-03-15 10:25:00,lab,canteen,sports,high,evening
62,2026-03-15 10:25:00,lab,stage,cultural,medium,evening
111,2026-03-15 10:25:00,lab,canteen,cultural,low,morning
127,2026-03-15 10:25:00,stage,canteen,sports,high,afternoon
7,2026-03-15 10:25:00,stage,canteen,technical,low,afternoon
84,2026-03-15 10:25:00,stage,canteen,technical,high,evening
132,2026-03-15 10:25:00,canteen,stage,technical,low,afternoon
134,2026-03-15 10:25:00,lab,canteen,technical,medium,afternoon
58,2026-03-15 10:25:00,canteen,stage,sports,medium,afternoon
22,2026-03-15 10:25:00,canteen,lab,cultural,medium,morning
154,2026-03-15 10:25:00,canteen,stage,technical,medium,evening
127,2026-03-15 10:25:00,lab,lab,technical,high,morning
3,2026-03-15 10:25:00,stage,canteen,technical,medium,evening
127,2026-03-15 10:25:00,lab,canteen,cultural,low,morning
41,2026-03-15 10:26:00,lab,lab,cultural,medium,morning
188,2026-03-15 10:26:00,canteen,canteen,sports,medium,morning
106,2026-03-15 10:26:00,canteen,canteen,cultural,medium,afternoon
14,2026-03-15 10:26:00,canteen,lab,cultural,medium,evening
12,2026-03-15 10:26:00,stage,canteen,technical,high,morning
87,2026-03-15 10:26:00,stage,canteen,cultural,high,afternoon
12,2026-03-15 10:26:00,stage,canteen,technical,high,morning
141,2026-03-15 10:26:00,lab,lab,sports,low,afternoon
25,2026-03-15 10:26:00,canteen,stage,technical,low,morning
45,2026-03-15 10:26:00,lab,canteen,sports,medium,evening
122,2026-03-15 10:26:00,stage,stage,cultural,low,evening
147,2026-03-15 10:26:00,canteen,stage,sports,low,morning
55,2026-03-15 10:26:00,stage,canteen,technical,low,morning
100,2026-03-15 10:27:00,canteen,lab,cultural,low,morning
173,2026-03-15 10:27:00,canteen,lab,cultural,high,morning
136,2026-03-15 10:27:00,lab,stage,technical,high,afternoon
119,2026-03-15 10:27:00,lab,canteen,cultural,low,evening
53,2026-03-15 10:27:00,stage,canteen,technical,low,afternoon
183,2026-03-15 10:27:00,lab,stage,sports,high,evening
32,2026-03-15 10:27:00,lab,lab,sports,medium,morning
51,2026-03-15 10:27:00,lab,lab,cultural,high,evening
44,2026-03-15 10:27:00,canteen,lab,technical,low,morning
82,2026-03-15 10:27:00,lab,stage,technical,low,morning
198,2026-03-15 10:27:00,stage,canteen,sports,low,afternoon
146,2026-03-15 10:28:00,canteen,lab,technical,high,evening
150,2026-03-15 10:28:00,canteen,lab,cultural,low,afternoon
37,2026-03-15 10:28:00,lab,lab,cultural,high,afternoon
96,2026-03-15 10:28:00,canteen,stage,sports,medium,afternoon
56,2026-03-15 10:28:00,stage,canteen,technical,low,afternoon
105,2026-03-15 10:28:00,stage,canteen,cultural,low,evening
59,2026-03-15 10:28:00,canteen,stage,cultural,medium,evening
131,2026-03-15 10:28:00,lab,canteen,cultural,high,afternoon
156,2026-03-15 10:28:00,lab,lab,technical,low,evening
35,2026-03-15 10:28:00,canteen,stage,sports,low,morning
189,2026-03-15 10:28:00,stage,canteen,sports,low,evening
93,2026-03-15 10:28:00,canteen,lab,cultural,low,afternoon
182,2026-03-15 10:28:00,lab,canteen,sports,medium,morning
191,2026-03-15 10:28:00,lab,lab,cultural,high,morning
97,2026-03-15 10:29:00,canteen,canteen,cultural,medium,morning
135,2026-03-15 10:29:00,stage,canteen,technical,high,morning
76,2026-03-15 10:29:00,canteen,lab,cultural,medium,morning
49,2026-03-15 10:29:00,stage,lab,cultural,medium,afternoon
94,2026-03-15 10:29:00,stage,stage,technical,high,afternoon
159,2026-03-15 10:29:00,canteen,lab,technical,low,morning
186,2026-03-15 10:29:00,canteen,stage,sports,low,afternoon
189,2026-03-15 10:29:00,stage,stage,technical,medium,evening
24,2026-03-15 10:29:00,stage,canteen,cultural,medium,afternoon
148,2026-03-15 10:29:00,stage,canteen,technical,medium,evening
37,2026-03-15 10:30:00,stage,lab,technical,low,afternoon
4,2026-03-15 10:30:00,lab,lab,sports,high,evening
108,2026-03-15 10:30:00,canteen,lab,technical,low,evening
126,2026-03-15 10:30:00,stage,canteen,cultural,medium,morning
20,2026-03-15 10:30:00,canteen,canteen,cultural,low,afternoon
188,2026-03-15 10:30:00,stage,canteen,cultural,low,morning
152,2026-03-15 10:30:00,canteen,lab,technical,low,evening
50,2026-03-15 10:30:00,canteen,lab,technical,high,afternoon
177,2026-03-15 10:30:00,stage,lab,cultural,medium,afternoon
179,2026-03-15 10:30:00,stage,lab,technical,low,morning
96,2026-03-15 10:30:00,canteen,stage,sports,low,afternoon
105,2026-03-15 10:30:00,canteen,lab,sports,medium,afternoon
164,2026-03-15 10:31:00,canteen,lab,sports,low,afternoon
117,2026-03-15 10:31:00,lab,lab,sports,low,evening
98,2026-03-15 10:31:00,stage,canteen,cultural,low,morning
66,2026-03-15 10:31:00,lab,canteen,technical,low,evening
79,2026-03-15 10:31:00,lab,lab,sports,medium,morning
162,2026-03-15 10:31:00,stage,canteen,cultural,low,evening
164,2026-03-15 10:31:00,stage,canteen,sports,high,evening
6,2026-03-15 10:31:00,lab,canteen,technical,low,evening
39,2026-03-15 10:31:00,stage,canteen,sports,high,evening
170,2026-03-15 10:31:00,canteen,canteen,sports,medium,morning
115,2026-03-15 10:31:00,canteen,canteen,sports,low,afternoon
186,2026-03-15 10:31:00,lab,canteen,sports,high,morning
125,2026-03-15 10:32:00,lab,canteen,technical,high,afternoon
12,2026-03-15 10:32:00,stage,canteen,cultural,low,morning
131,2026-03-15 10:32:00,stage,canteen,sports,low,morning
18,2026-03-15 10:32:00,lab,stage,cultural,medium,morning
40,2026-03-15 10:32:00,lab,stage,technical,medium,morning
21,2026-03-15 10:32:00,canteen,lab,technical,low,evening
143,2026-03-15 10:32:00,canteen,lab,sports,medium,morning
99,2026-03-15 10:32:00,stage,canteen,cultural,medium,morning
26,2026-03-15 10:32:00,canteen,stage,sports,medium,afternoon
8,2026-03-15 10:32:00,stage,canteen,technical,medium,evening
100,2026-03-15 10:32:00,stage,canteen,sports,low,evening
87,2026-03-15 10:32:00,stage,lab,sports,low,morning
42,2026-03-15 10:32:00,canteen,lab,cultural,high,morning
172,2026-03-15 10:32:00,lab,canteen,technical,medium,evening
14,2026-03-15 10:32:00,lab,canteen,sports,low,evening
78,2026-03-15 10:32:00,canteen,canteen,sports,high,morning
2,2026-03-15 10:32:00,lab,stage,sports,medium,morning
119,2026-03-15 10:33:00,stage,stage,cultural,high,morning
37,2026-03-15 10:33:00,lab,stage,technical,medium,afternoon
69,2026-03-15 10:33:00,canteen,lab,sports,low,evening
166,2026-03-15 10:33:00,lab,canteen,sports,high,afternoon
41,2026-03-15 10:33:00,stage,stage,sports,low,evening
62,2026-03-15 10:33:00,stage,canteen,technical,medium,evening
60,2026-03-15 10:33:00,canteen,canteen,cultural,medium,evening
125,2026-03-15 10:33:00,canteen,canteen,cultural,medium,evening
111,2026-03-15 10:33:00,canteen,stage,sports,high,evening
14,2026-03-15 10:33:00,stage,canteen,sports,high,morning
84,2026-03-15 10:33:00,lab,lab,cultural,high,afternoon
130,2026-03-15 10:33:00,lab,stage,cultural,low,afternoon
70,2026-03-15 10:33:00,canteen,canteen,cultural,high,evening
145,2026-03-15 10:33:00,lab,canteen,sports,medium,afternoon
123,2026-03-15 10:34:00,lab,canteen,sports,low,afternoon
89,2026-03-15 10:34:00,canteen,canteen,cultural,medium,morning
28,2026-03-15 10:34:00,canteen,lab,cultural,medium,evening
66,2026-03-15 10:34:00,stage,lab,technical,high,morning
163,2026-03-15 10:34:00,stage,canteen,sports,high,afternoon
5,2026-03-15 10:34:00,stage,canteen,technical,high,evening
193,2026-03-15 10:34:00,stage,canteen,cultural,medium,evening
168,2026-03-15 10:34:00,lab,canteen,sports,low,evening
184,2026-03-15 10:34:00,lab,canteen,sports,high,evening
164,2026-03-15 10:34:00,stage,canteen,technical,high,evening
45,2026-03-15 10:34:00,stage,canteen,technical,low,evening
151,2026-03-15 10:34:00,canteen,canteen,technical,medium,morning
47,2026-03-15 10:34:00,lab,lab,technical,medium,morning
31,2026-03-15 10:34:00,lab,lab,sports,low,afternoon
139,2026-03-15 10:34:00,stage,stage,cultural,high,evening
10,2026-03-15 10:34:00,lab,stage,cultural,low,evening
195,2026-03-15 10:34:00,canteen,lab,cultural,high,morning
118,2026-03-15 10:34:00,canteen,canteen,technical,low,afternoon
14,2026-03-15 10:35:00,lab,lab,cultural,medium,afternoon
80,2026-03-15 10:35:00,stage,stage,technical,medium,evening
93,2026-03-15 10:35:00,lab,canteen,technical,medium,afternoon
10,2026-03-15 10:35:00,canteen,canteen,cultural,medium,afternoon
76,2026-03-15 10:35:00,stage,lab,cultural,low,evening
94,2026-03-15 10:35:00,lab,stage,cultural,low,evening
105,2026-03-15 10:35:00,stage,canteen,sports,high,evening
1,2026-03-15 10:35:00,stage,canteen,technical,low,morning
133,2026-03-15 10:35:00,canteen,lab,sports,high,evening
20,2026-03-15 10:35:00,stage,lab,cultural,low,afternoon
8,2026-03-15 10:35:00,lab,lab,sports,low,morning
171,2026-03-15 10:35:00,stage,lab,sports,low,afternoon
1,2026-03-15 10:35:00,stage,stage,cultural,low,morning
57,2026-03-15 10:35:00,lab,stage,cultural,medium,evening
64,2026-03-15 10:36:00,canteen,stage,technical,low,afternoon
118,2026-03-15 10:36:00,canteen,canteen,technical,high,morning
28,2026-03-15 10:36:00,lab,lab,sports,medium,afternoon
121,2026-03-15 10:36:00,lab,lab,cultural,low,evening
107,2026-03-15 10:36:00,canteen,stage,technical,low,morning
165,2026-03-15 10:36:00,stage,canteen,technical,high,afternoon
175,2026-03-15 10:36:00,lab,lab,sports,medium,morning
165,2026-03-15 10:36:00,stage,canteen,sports,medium,evening
49,2026-03-15 10:36:00,lab,stage,sports,medium,morning
120,2026-03-15 10:36:00,canteen,canteen,cultural,medium,morning
44,2026-03-15 10:36:00,stage,canteen,technical,high,afternoon
56,2026-03-15 10:36:00,stage,canteen,technical,low,morning
156,2026-03-15 10:36:00,lab,canteen,technical,low,evening
111,2026-03-15 10:36:00,stage,stage,sports,medium,afternoon
134,2026-03-15 10:36:00,lab,lab,cultural,high,morning
108,2026-03-15 10:36:00,canteen,canteen,sports,low,evening
189,2026-03-15 10:36:00,stage,canteen,sports,medium,evening
148,2026-03-15 10:36:00,lab,lab,cultural,medium,morning
114,2026-03-15 10:36:00,stage,canteen,cultural,high,morning
78,2026-03-15 10:37:00,lab,stage,sports,high,afternoon
130,2026-03-15 10:37:00,lab,lab,cultural,high,evening
37,2026-03-15 10:37:00,lab,canteen,sports,medium,evening
20,2026-03-15 10:37:00,canteen,lab,technical,high,evening
26,2026-03-15 10:37:00,stage,canteen,cultural,medium,morning
29,2026-03-15 10:37:00,canteen,stage,technical,low,morning
1,2026-03-15 10:37:00,lab,canteen,cultural,medium,morning
119,2026-03-15 10:37:00,lab,stage,sports,medium,afternoon
35,2026-03-15 10:37:00,canteen,lab,sports,low,evening
198,2026-03-15 10:37:00,canteen,lab,sports,high,evening
59,2026-03-15 10:37:00,stage,lab,sports,high,morning
69,2026-03-15 10:37:00,lab,lab,sports,medium,afternoon
161,2026-03-15 10:37:00,canteen,stage,sports,medium,afternoon
179,2026-03-15 10:37:00,lab,lab,cultural,low,afternoon
12,2026-03-15 10:37:00,lab,lab,cultural,high,afternoon
20,2026-03-15 10:38:00,stage,canteen,technical,low,afternoon
181,2026-03-15 10:38:00,stage,lab,cultural,medium,morning
43,2026-03-15 10:38:00,stage,canteen,cultural,medium,morning
126,2026-03-15 10:38:00,canteen,canteen,technical,low,morning
50,2026-03-15 10:38:00,lab,lab,technical,low,evening
29,2026-03-15 10:38:00,canteen,canteen,sports,high,afternoon
185,2026-03-15 10:38:00,canteen,stage,technical,low,afternoon
39,2026-03-15 10:38:00,stage,canteen,technical,high,evening
184,2026-03-15 10:38:00,lab,canteen,cultural,high,afternoon
171,2026-03-15 10:38:00,lab,stage,sports,low,afternoon
178,2026-03-15 10:38:00,stage,stage,technical,low,afternoon
151,2026-03-15 10:38:00,lab,lab,sports,high,afternoon
172,2026-03-15 10:38:00,stage,canteen,sports,low,afternoon
38,2026-03-15 10:39:00,canteen,lab,technical,high,morning
84,2026-03-15 10:39:00,canteen,canteen,technical,high,afternoon
151,2026-03-15 10:39:00,stage,canteen,technical,medium,morning
128,2026-03-15 10:39:00,canteen,canteen,technical,high,morning
126,2026-03-15 10:39:00,canteen,lab,sports,medium,morning
45,2026-03-15 10:39:00,stage,canteen,cultural,low,morning
52,2026-03-15 10:39:00,canteen,lab,sports,high,evening
80,2026-03-15 10:39:00,lab,lab,sports,high,morning
178,2026-03-15 10:39:00,canteen,lab,sports,low,evening
124,2026-03-15 10:39:00,stage,lab,technical,low,evening
119,2026-03-15 10:39:00,lab,canteen,technical,low,morning
8,2026-03-15 10:39:00,lab,canteen,cultural,high,afternoon
85,2026-03-15 10:39:00,canteen,lab,cultural,low,afternoon
129,2026-03-15 10:39:00,lab,lab,cultural,low,morning
8,2026-03-15 10:39:00,stage,lab,sports,medium,morning
157,2026-03-15 10:39:00,lab,lab,cultural,medium,evening
96,2026-03-15 10:40:00,canteen,lab,sports,high,evening
102,2026-03-15 10:40:00,canteen,canteen,technical,low,afternoon
5,2026-03-15 10:40:00,lab,lab,sports,low,evening
86,2026-03-15 10:40:00,stage,canteen,technical,medium,evening
175,2026-03-15 10:40:00,stage,canteen,technical,high,morning
34,2026-03-15 10:40:00,canteen,canteen,cultural,low,evening
193,2026-03-15 10:40:00,canteen,lab,technical,high,evening
55,2026-03-15 10:40:00,stage,lab,cultural,medium,evening
119,2026-03-15 10:40:00,lab,canteen,cultural,low,afternoon
171,2026-03-15 10:40:00,lab,lab,cultural,medium,morning
158,2026-03-15 10:41:00,lab,canteen,sports,medium,afternoon
114,2026-03-15 10:41:00,lab,lab,cultural,medium,morning
145,2026-03-15 10:41:00,stage,canteen,cultural,low,morning
26,2026-03-15 10:41:00,canteen,stage,technical,high,evening
136,2026-03-15 10:41:00,canteen,canteen,sports,low,afternoon
47,2026-03-15 10:41:00,lab,lab,cultural,medium,afternoon
113,2026-03-15 10:41:00,stage,stage,cultural,high,evening
76,2026-03-15 10:41:00,stage,canteen,cultural,medium,afternoon
72,2026-03-15 10:42:00,lab,lab,technical,low,morning
89,2026-03-15 10:42:00,lab,lab,technical,high,morning
46,2026-03-15 10:42:00,lab,stage,technical,low,morning
196,2026-03-15 10:42:00,canteen,lab,cultural,high,evening
33,2026-03-15 10:42:00,lab,lab,cultural,medium,afternoon
1,2026-03-15 10:42:00,canteen,stage,cultural,medium,morning
147,2026-03-15 10:42:00,stage,stage,cultural,medium,evening
31,2026-03-15 10:42:00,stage,canteen,cultural,low,morning
142,2026-03-15 10:42:00,canteen,lab,technical,low,morning
53,2026-03-15 10:42:00,canteen,stage,cultural,medium,afternoon
48,2026-03-15 10:42:00,canteen,stage,sports,medium,evening
69,2026-03-15 10:42:00,canteen,lab,cultural,high,morning
105,2026-03-15 10:42:00,lab,lab,technical,high,morning
90,2026-03-15 10:42:00,stage,lab,cultural,low,evening
190,2026-03-15 10:43:00,lab,lab,sports,high,evening
194,2026-03-15 10:43:00,canteen,stage,cultural,low,afternoon
192,2026-03-15 10:43:00,lab,lab,sports,low,morning
198,2026-03-15 10:43:00,lab,canteen,sports,high,afternoon
63,2026-03-15 10:43:00,stage,canteen,technical,high,morning
73,2026-03-15 10:43:00,lab,lab,sports,high,afternoon
161,2026-03-15 10:43:00,stage,canteen,cultural,medium,morning
169,2026-03-15 10:43:00,canteen,lab,sports,medium,evening
89,2026-03-15 10:43:00,lab,canteen,cultural,high,afternoon
176,2026-03-15 10:43:00,canteen,stage,cultural,medium,evening
13,2026-03-15 10:43:00,stage,lab,cultural,low,morning
73,2026-03-15 10:43:00,canteen,lab,cultural,medium,evening
77,2026-03-15 10:43:00,canteen,lab,technical,medium,afternoon
159,2026-03-15 10:43:00,stage,canteen,cultural,medium,afternoon
68,2026-03-15 10:44:00,canteen,lab,technical,low,evening
98,2026-03-15 10:44:00,canteen,stage,sports,low,morning
125,2026-03-15 10:44:00,canteen,canteen,cultural,high,afternoon
102,2026-03-15 10:44:00,lab,canteen,sports,medium,morning
132,2026-03-15 10:44:00,canteen,stage,technical,medium,afternoon
102,2026-03-15 10:44:00,stage,canteen,cultural,low,morning
19,2026-03-15 10:44:00,lab,canteen,cultural,medium,morning
198,2026-03-15 10:44:00,lab,canteen,technical,low,evening
82,2026-03-15 10:44:00,stage,stage,sports,medium,morning
141,2026-03-15 10:44:00,canteen,lab,technical,high,afternoon
23,2026-03-15 10:44:00,lab,lab,sports,low,evening
83,2026-03-15 10:44:00,lab,canteen,sports,low,afternoon
109,2026-03-15 10:45:00,lab,lab,sports,low,evening
75,2026-03-15 10:45:00,canteen,stage,cultural,medium,evening
129,2026-03-15 10:45:00,lab,lab,technical,high,morning
88,2026-03-15 10:45:00,stage,stage,cultural,low,morning
54,2026-03-15 10:45:00,canteen,canteen,technical,high,afternoon
199,2026-03-15 10:45:00,stage,canteen,sports,low,afternoon
89,2026-03-15 10:45:00,stage,lab,cultural,high,morning
143,2026-03-15 10:45:00,lab,canteen,cultural,medium,afternoon
65,2026-03-15 10:45:00,lab,lab,cultural,medium,afternoon
76,2026-03-15 10:45:00,lab,lab,sports,high,morning
199,2026-03-15 10:45:00,stage,lab,technical,high,evening
143,2026-03-15 10:45:00,canteen,canteen,sports,medium,morning
149,2026-03-15 10:45:00,lab,canteen,cultural,high,afternoon
147,2026-03-15 10:45:00,lab,lab,cultural,high,evening
60,2026-03-15 10:45:00,stage,stage,sports,high,morning
93,2026-03-15 10:45:00,canteen,stage,cultural,low,evening
161,2026-03-15 10:46:00,stage,stage,cultural,high,afternoon
49,2026-03-15 10:46:00,lab,lab,technical,low,evening
35,2026-03-15 10:46:00,stage,stage,technical,medium,afternoon
172,2026-03-15 10:46:00,lab,lab,technical,medium,morning
102,2026-03-15 10:46:00,canteen,canteen,technical,medium,evening
11,2026-03-15 10:46:00,stage,stage,technical,high,evening
99,2026-03-15 10:46:00,lab,canteen,technical,medium,evening
200,2026-03-15 10:46:00,lab,stage,cultural,low,afternoon
110,2026-03-15 10:46:00,lab,lab,cultural,low,morning
74,2026-03-15 10:46:00,lab,lab,technical,high,morning
194,2026-03-15 10:46:00,stage,canteen,sports,low,afternoon
174,2026-03-15 10:46:00,lab,stage,technical,low,evening
9,2026-03-15 10:46:00,stage,canteen,cultural,medium,afternoon
3,2026-03-15 10:46:00,lab,lab,sports,low,afternoon
85,2026-03-15 10:46:00,stage,canteen,sports,medium,morning
26,2026-03-15 10:47:00,stage,lab,sports,medium,afternoon
72,2026-03-15 10:47:00,lab,canteen,cultural,low,evening
48,2026-03-15 10:47:00,lab,lab,sports,low,afternoon
194,2026-03-15 10:47:00,lab,canteen,cultural,high,afternoon
198,2026-03-15 10:47:00,lab,stage,cultural,high,afternoon
156,2026-03-15 10:47:00,canteen,lab,technical,low,evening
117,2026-03-15 10:47:00,lab,lab,cultural,medium,afternoon
154,2026-03-15 10:47:00,lab,lab,sports,medium,morning
153,2026-03-15 10:47:00,lab,canteen,cultural,high,afternoon
12,2026-03-15 10:47:00,stage,canteen,cultural,medium,afternoon
133,2026-03-15 10:47:00,lab,canteen,technical,high,morning
48,2026-03-15 10:47:00,stage,lab,technical,medium,morning
37,2026-03-15 10:47:00,stage,stage,cultural,low,morning
44,2026-03-15 10:47:00,stage,lab,cultural,low,morning
15,2026-03-15 10:47:00,stage,canteen,cultural,medium,morning
43,2026-03-15 10:47:00,canteen,lab,technical,high,morning
176,2026-03-15 10:47:00,lab,lab,technical,low,evening
87,2026-03-15 10:47:00,stage,canteen,sports,high,afternoon
70,2026-03-15 10:47:00,lab,canteen,sports,low,evening
46,2026-03-15 10:48:00,stage,lab,sports,medium,evening
108,2026-03-15 10:48:00,canteen,canteen,sports,low,morning
123,2026-03-15 10:48:00,stage,canteen,technical,medium,afternoon
171,2026-03-15 10:48:00,lab,lab,technical,high,evening
21,2026-03-15 10:48:00,lab,stage,cultural,low,afternoon
151,2026-03-15 10:48:00,canteen,lab,sports,high,afternoon
107,2026-03-15 10:48:00,lab,stage,cultural,high,morning
80,2026-03-15 10:48:00,lab,lab,cultural,medium,afternoon
47,2026-03-15 10:48:00,stage,canteen,technical,high,evening
117,2026-03-15 10:48:00,lab,lab,cultural,low,evening
124,2026-03-15 10:48:00,stage,canteen,cultural,medium,morning
143,2026-03-15 10:48:00,canteen,canteen,technical,medium,evening
25,2026-03-15 10:48:00,lab,canteen,technical,medium,morning
36,2026-03-15 10:49:00,stage,canteen,technical,high,evening
51,2026-03-15 10:49:00,lab,lab,technical,low,evening
15,2026-03-15 10:49:00,stage,lab,sports,low,morning
68,2026-03-15 10:49:00,canteen,canteen,sports,low,afternoon
21,2026-03-15 10:49:00,stage,canteen,sports,medium,morning
141,2026-03-15 10:49:00,lab,lab,cultural,medium,afternoon
19,2026-03-15 10:49:00,stage,canteen,sports,low,afternoon
34,2026-03-15 10:49:00,lab,canteen,technical,high,morning
78,2026-03-15 10:49:00,canteen,canteen,sports,medium,morning
125,2026-03-15 10:49:00,stage,canteen,technical,low,morning
196,2026-03-15 10:49:00,lab,canteen,sports,high,afternoon
117,2026-03-15 10:49:00,lab,lab,sports,medium,afternoon
52,2026-03-15 10:50:00,lab,canteen,technical,medium,afternoon
27,2026-03-15 10:50:00,stage,canteen,technical,medium,afternoon
157,2026-03-15 10:50:00,stage,lab,cultural,low,morning
156,2026-03-15 10:50:00,stage,canteen,cultural,medium,morning
35,2026-03-15 10:50:00,canteen,lab,cultural,medium,afternoon
136,2026-03-15 10:50:00,lab,stage,sports,high,evening
144,2026-03-15 10:50:00,lab,lab,sports,low,morning
106,2026-03-15 10:50:00,canteen,canteen,technical,high,evening
164,2026-03-15 10:50:00,canteen,lab,technical,medium,evening
158,2026-03-15 10:50:00,stage,lab,cultural,low,evening
146,2026-03-15 10:50:00,stage,canteen,technical,low,afternoon
2,2026-03-15 10:50:00,stage,canteen,sports,medium,morning
177,2026-03-15 10:51:00,stage,canteen,technical,low,evening
77,2026-03-15 10:51:00,stage,stage,technical,low,afternoon
132,2026-03-15 10:51:00,stage,lab,technical,high,morning
90,2026-03-15 10:51:00,canteen,stage,technical,low,afternoon
89,2026-03-15 10:51:00,canteen,lab,technical,low,morning
94,2026-03-15 10:51:00,canteen,stage,cultural,high,morning
7,2026-03-15 10:51:00,lab,lab,cultural,medium,afternoon
95,2026-03-15 10:51:00,lab,stage,sports,high,evening
108,2026-03-15 10:51:00,stage,canteen,cultural,medium,morning
74,2026-03-15 10:51:00,canteen,lab,technical,medium,morning
39,2026-03-15 10:51:00,lab,canteen,cultural,medium,evening
141,2026-03-15 10:51:00,lab,canteen,sports,high,morning
159,2026-03-15 10:51:00,canteen,canteen,cultural,medium,evening
71,2026-03-15 10:51:00,lab,canteen,sports,high,morning
191,2026-03-15 10:51:00,lab,canteen,sports,high,evening
56,2026-03-15 10:51:00,canteen,canteen,sports,medium,morning
170,2026-03-15 10:52:00,lab,lab,technical,medium,morning
189,2026-03-15 10:52:00,canteen,stage,sports,high,morning
42,2026-03-15 10:52:00,lab,lab,cultural,high,evening
184,2026-03-15 10:52:00,canteen,canteen,cultural,medium,morning
36,2026-03-15 10:52:00,lab,stage,cultural,medium,afternoon
84,2026-03-15 10:52:00,lab,canteen,sports,medium,afternoon
196,2026-03-15 10:52:00,canteen,lab,sports,high,afternoon
118,2026-03-15 10:52:00,lab,stage,technical,high,morning
7,2026-03-15 10:52:00,canteen,lab,sports,high,evening
54,2026-03-15 10:52:00,canteen,canteen,cultural,medium,evening
129,2026-03-15 10:52:00,lab,stage,technical,low,morning
172,2026-03-15 10:52:00,stage,lab,cultural,low,afternoon
120,2026-03-15 10:52:00,lab,canteen,technical,low,evening
173,2026-03-15 10:52:00,stage,canteen,sports,low,morning
106,2026-03-15 10:52:00,stage,lab,technical,low,evening
47,2026-03-15 10:52:00,lab,lab,sports,high,afternoon
123,2026-03-15 10:52:00,stage,lab,sports,medium,afternoon
141,2026-03-15 10:52:00,canteen,lab,cultural,medium,evening
119,2026-03-15 10:53:00,canteen,lab,sports,medium,morning
150,2026-03-15 10:53:00,stage,lab,sports,medium,morning
118,2026-03-15 10:53:00,canteen,stage,sports,medium,evening
21,2026-03-15 10:53:00,lab,lab,cultural,low,afternoon
137,2026-03-15 10:53:00,canteen,lab,sports,medium,morning
26,2026-03-15 10:53:00,stage,stage,cultural,medium,evening
9,2026-03-15 10:53:00,lab,canteen,technical,low,evening
15,2026-03-15 10:53:00,canteen,stage,cultural,medium,afternoon
10,2026-03-15 10:53:00,lab,lab,cultural,low,afternoon
122,2026-03-15 10:53:00,stage,canteen,sports,low,morning
121,2026-03-15 10:53:00,canteen,lab,cultural,high,morning
125,2026-03-15 10:53:00,lab,stage,technical,medium,morning
170,2026-03-15 10:53:00,lab,lab,cultural,medium,afternoon
72,2026-03-15 10:53:00,canteen,stage,sports,medium,evening
152,2026-03-15 10:53:00,lab,lab,technical,low,morning
49,2026-03-15 10:53:00,lab,lab,sports,high,morning
154,2026-03-15 10:53:00,stage,canteen,sports,medium,morning
91,2026-03-15 10:53:00,stage,lab,cultural,low,evening
37,2026-03-15 10:53:00,stage,lab,sports,low,morning
68,2026-03-15 10:54:00,stage,stage,technical,low,morning
50,2026-03-15 10:54:00,stage,canteen,technical,low,afternoon
152,2026-03-15 10:54:00,stage,canteen,technical,high,afternoon
19,2026-03-15 10:54:00,canteen,canteen,technical,high,afternoon
100,2026-03-15 10:54:00,stage,canteen,cultural,low,evening
60,2026-03-15 10:54:00,lab,lab,technical,medium,afternoon
167,2026-03-15 10:54:00,canteen,canteen,cultural,high,morning
89,2026-03-15 10:54:00,lab,canteen,sports,medium,morning
146,2026-03-15 10:54:00,stage,lab,sports,medium,evening
147,2026-03-15 10:54:00,stage,canteen,cultural,high,evening
164,2026-03-15 10:54:00,lab,stage,sports,medium,morning
183,2026-03-15 10:55:00,lab,stage,sports,high,evening
69,2026-03-15 10:55:00,lab,lab,technical,high,morning
175,2026-03-15 10:55:00,canteen,lab,sports,medium,afternoon
49,2026-03-15 10:55:00,stage,canteen,sports,medium,morning
108,2026-03-15 10:55:00,lab,canteen,cultural,low,evening
161,2026-03-15 10:55:00,stage,lab,technical,high,afternoon
119,2026-03-15 10:55:00,lab,lab,sports,medium,morning
149,2026-03-15 10:55:00,stage,lab,sports,high,evening
150,2026-03-15 10:55:00,canteen,lab,cultural,low,evening
176,2026-03-15 10:55:00,stage,canteen,sports,low,afternoon
37,2026-03-15 10:55:00,lab,canteen,technical,low,morning
143,2026-03-15 10:55:00,stage,canteen,technical,low,morning
163,2026-03-15 10:55:00,canteen,canteen,technical,low,evening
199,2026-03-15 10:56:00,canteen,lab,cultural,low,afternoon
160,2026-03-15 10:56:00,stage,lab,technical,low,morning
11,2026-03-15 10:56:00,lab,lab,technical,low,afternoon
138,2026-03-15 10:56:00,canteen,canteen,technical,high,evening
78,2026-03-15 10:56:00,canteen,stage,technical,medium,morning
77,2026-03-15 10:56:00,stage,stage,technical,high,evening
185,2026-03-15 10:56:00,canteen,canteen,technical,high,morning
153,2026-03-15 10:56:00,canteen,canteen,cultural,medium,evening
2,2026-03-15 10:56:00,lab,lab,technical,medium,morning
64,2026-03-15 10:56:00,lab,stage,sports,low,afternoon
35,2026-03-15 10:56:00,lab,lab,cultural,medium,morning
7,2026-03-15 10:56:00,stage,canteen,sports,high,morning
85,2026-03-15 10:56:00,canteen,lab,sports,low,evening
146,2026-03-15 10:56:00,stage,canteen,technical,high,morning
67,2026-03-15 10:56:00,canteen,stage,sports,medium,morning
42,2026-03-15 10:57:00,canteen,lab,sports,high,morning
118,2026-03-15 10:57:00,canteen,lab,sports,high,evening
125,2026-03-15 10:57:00,lab,canteen,technical,low,morning
167,2026-03-15 10:57:00,stage,canteen,technical,low,afternoon
169,2026-03-15 10:57:00,stage,stage,technical,high,afternoon
24,2026-03-15 10:57:00,canteen,lab,cultural,medium,evening
188,2026-03-15 10:57:00,stage,lab,technical,low,morning
46,2026-03-15 10:57:00,lab,stage,technical,high,evening
19,2026-03-15 10:57:00,stage,canteen,sports,low,morning
68,2026-03-15 10:57:00,canteen,lab,technical,low,evening
102,2026-03-15 10:57:00,lab,canteen,sports,medium,morning
42,2026-03-15 10:57:00,lab,lab,technical,high,morning
32,2026-03-15 10:57:00,canteen,canteen,technical,high,evening
167,2026-03-15 10:57:00,stage,canteen,technical,high,evening
109,2026-03-15 10:57:00,canteen,canteen,technical,high,evening
36,2026-03-15 10:58:00,stage,canteen,technical,high,morning
97,2026-03-15 10:58:00,stage,stage,technical,low,evening
164,2026-03-15 10:58:00,lab,lab,technical,low,morning
131,2026-03-15 10:58:00,canteen,lab,sports,low,afternoon
73,2026-03-15 10:58:00,lab,lab,cultural,low,afternoon
136,2026-03-15 10:58:00,canteen,lab,cultural,medium,morning
97,2026-03-15 10:58:00,canteen,stage,technical,medium,morning
123,2026-03-15 10:58:00,lab,stage,cultural,high,evening
70,2026-03-15 10:58:00,canteen,lab,sports,medium,morning
169,2026-03-15 10:58:00,canteen,canteen,sports,low,morning
196,2026-03-15 10:58:00,stage,canteen,sports,low,afternoon
13,2026-03-15 10:58:00,canteen,stage,cultural,low,evening
49,2026-03-15 10:58:00,canteen,stage,cultural,low,evening
60,2026-03-15 10:59:00,lab,canteen,cultural,low,morning
130,2026-03-15 10:59:00,lab,lab,technical,high,evening
188,2026-03-15 10:59:00,canteen,lab,sports,high,afternoon
5,2026-03-15 10:59:00,stage,lab,sports,low,afternoon
172,2026-03-15 10:59:00,stage,lab,technical,high,afternoon
27,2026-03-15 10:59:00,lab,lab,cultural,medium,morning
160,2026-03-15 10:59:00,canteen,canteen,sports,medium,morning
149,2026-03-15 10:59:00,canteen,stage,cultural,low,afternoon
8,2026-03-15 10:59:00,stage,lab,technical,high,afternoon
200,2026-03-15 10:59:00,stage,canteen,cultural,low,evening
50,2026-03-15 10:59:00,stage,canteen,technical,high,evening
67,2026-03-15 10:59:00,lab,canteen,cultural,low,evening
44,2026-03-15 10:59:00,canteen,canteen,technical,low,evening
125,2026-03-15 10:59:00,lab,canteen,sports,low,afternoon
58,2026-03-15 10:59:00,canteen,stage,technical,medium,evening
3,2026-03-15 10:59:00,lab,canteen,cultural,high,afternoon
86,2026-03-15 10:59:00,canteen,lab,sports,high,afternoon
70,2026-03-15 10:59:00,stage,canteen,cultural,medium,morning
130,2026-03-15 10:59:00,stage,lab,cultural,medium,evening
172,2026-03-15 10:59:00,stage,canteen,technical,high,afternoon
2,2026-03-15 10:59:00,lab,stage,technical,high,morning
102,2026-03-15 10:59:00,stage,canteen,cultural,low,morning
35,2026-03-15 10:59:00,canteen,canteen,technical,low,afternoon
98,2026-03-15 11:00:00,lab,lab,cultural,high,afternoon
30,2026-03-15 11:00:00,canteen,lab,technical,high,evening
116,2026-03-15 11:00:00,lab,lab,technical,low,evening
8,2026-03-15 11:00:00,canteen,lab,cultural,medium,afternoon
150,2026-03-15 11:00:00,canteen,canteen,sports,high,afternoon
44,2026-03-15 11:00:00,lab,canteen,technical,high,morning
186,2026-03-15 11:00:00,lab,lab,cultural,medium,morning
36,2026-03-15 11:00:00,stage,stage,sports,medium,morning
197,2026-03-15 11:00:00,stage,canteen,technical,medium,morning
77,2026-03-15 11:00:00,canteen,stage,technical,high,morning
31,2026-03-15 11:00:00,canteen,canteen,cultural,high,evening
47,2026-03-15 11:00:00,canteen,stage,technical,high,morning
55,2026-03-15 11:00:00,lab,stage,cultural,low,afternoon
106,2026-03-15 11:00:00,lab,lab,cultural,medium,evening
190,2026-03-15 11:00:00,stage,canteen,technical,medium,morning
158,2026-03-15 11:00:00,canteen,lab,sports,low,morning
121,2026-03-15 11:00:00,stage,canteen,technical,low,morning
55,2026-03-15 11:01:00,lab,stage,sports,low,afternoon
144,2026-03-15 11:01:00,lab,canteen,technical,low,morning
12,2026-03-15 11:01:00,lab,stage,sports,medium,afternoon
145,2026-03-15 11:01:00,stage,lab,technical,low,afternoon
144,2026-03-15 11:01:00,lab,lab,sports,low,morning
140,2026-03-15 11:01:00,canteen,stage,sports,medium,morning
136,2026-03-15 11:01:00,stage,canteen,technical,medium,evening
3,2026-03-15 11:01:00,lab,lab,technical,medium,evening
144,2026-03-15 11:01:00,stage,canteen,cultural,medium,evening
30,2026-03-15 11:01:00,stage,lab,sports,high,afternoon
23,2026-03-15 11:01:00,lab,canteen,technical,high,morning
92,2026-03-15 11:02:00,lab,canteen,cultural,high,evening
115,2026-03-15 11:02:00,stage,lab,technical,high,afternoon
104,2026-03-15 11:02:00,stage,canteen,sports,medium,evening
118,2026-03-15 11:02:00,lab,lab,technical,high,evening
5,2026-03-15 11:02:00,canteen,lab,technical,low,morning
104,2026-03-15 11:02:00,stage,canteen,cultural,low,morning
108,2026-03-15 11:02:00,stage,canteen,technical,low,afternoon
65,2026-03-15 11:02:00,canteen,canteen,cultural,high,morning
121,2026-03-15 11:02:00,lab,canteen,sports,high,evening
30,2026-03-15 11:02:00,lab,lab,sports,low,afternoon
149,2026-03-15 11:02:00,canteen,canteen,technical,high,afternoon
84,2026-03-15 11:02:00,lab,canteen,cultural,medium,afternoon
198,2026-03-15 11:02:00,lab,lab,sports,high,afternoon
150,2026-03-15 11:02:00,stage,lab,technical,low,morning
200,2026-03-15 11:02:00,stage,canteen,technical,low,evening
32,2026-03-15 11:02:00,stage,canteen,technical,high,morning
161,2026-03-15 11:02:00,canteen,lab,technical,high,morning
16,2026-03-15 11:02:00,lab,lab,technical,low,afternoon
38,2026-03-15 11:02:00,lab,lab,cultural,low,morning
142,2026-03-15 11:02:00,stage,canteen,technical,high,morning
36,2026-03-15 11:03:00,stage,canteen,technical,high,evening
151,2026-03-15 11:03:00,canteen,lab,technical,low,afternoon
114,2026-03-15 11:03:00,lab,lab,technical,low,morning
66,2026-03-15 11:03:00,canteen,lab,technical,low,afternoon
105,2026-03-15 11:03:00,lab,stage,technical,low,evening
85,2026-03-15 11:03:00,canteen,canteen,technical,low,morning
2,2026-03-15 11:03:00,stage,canteen,sports,low,evening
193,2026-03-15 11:03:00,canteen,lab,sports,low,evening
75,2026-03-15 11:03:00,canteen,lab,technical,high,afternoon
67,2026-03-15 11:03:00,stage,canteen,cultural,medium,afternoon
180,2026-03-15 11:03:00,lab,stage,technical,medium,afternoon
190,2026-03-15 11:03:00,lab,lab,cultural,high,morning
151,2026-03-15 11:03:00,stage,stage,cultural,medium,afternoon
154,2026-03-15 11:03:00,canteen,lab,cultural,high,morning
196,2026-03-15 11:04:00,canteen,lab,cultural,high,evening
55,2026-03-15 11:04:00,canteen,canteen,cultural,high,afternoon
6,2026-03-15 11:04:00,lab,canteen,sports,high,evening
163,2026-03-15 11:04:00,canteen,lab,technical,medium,afternoon
150,2026-03-15 11:04:00,lab,canteen,sports,high,evening
171,2026-03-15 11:04:00,canteen,stage,sports,low,morning
143,2026-03-15 11:04:00,stage,lab,technical,high,evening
86,2026-03-15 11:04:00,stage,lab,sports,medium,morning
60,2026-03-15 11:04:00,lab,lab,technical,medium,afternoon
101,2026-03-15 11:04:00,lab,stage,technical,medium,afternoon
12,2026-03-15 11:04:00,stage,stage,technical,medium,afternoon
49,2026-03-15 11:04:00,stage,stage,technical,low,morning
42,2026-03-15 11:04:00,canteen,stage,cultural,high,afternoon
166,2026-03-15 11:05:00,stage,lab,cultural,low,morning
82,2026-03-15 11:05:00,lab,canteen,sports,high,morning
173,2026-03-15 11:05:00,stage,canteen,technical,high,evening
35,2026-03-15 11:05:00,lab,canteen,technical,low,afternoon
158,2026-03-15 11:05:00,lab,canteen,technical,low,evening
158,2026-03-15 11:05:00,canteen,lab,technical,medium,morning
134,2026-03-15 11:05:00,canteen,stage,cultural,high,evening
67,2026-03-15 11:05:00,canteen,canteen,cultural,high,afternoon
80,2026-03-15 11:05:00,canteen,canteen,cultural,high,morning
7,2026-03-15 11:05:00,stage,stage,sports,high,evening
180,2026-03-15 11:05:00,canteen,canteen,technical,high,afternoon
14,2026-03-15 11:05:00,stage,canteen,cultural,high,afternoon
73,2026-03-15 11:05:00,canteen,lab,cultural,medium,evening
143,2026-03-15 11:05:00,canteen,lab,technical,high,morning
149,2026-03-15 11:06:00,lab,canteen,cultural,medium,afternoon
163,2026-03-15 11:06:00,stage,stage,technical,high,morning
66,2026-03-15 11:06:00,lab,lab,technical,high,afternoon
91,2026-03-15 11:06:00,canteen,stage,cultural,low,morning
130,2026-03-15 11:06:00,stage,canteen,sports,high,morning
163,2026-03-15 11:06:00,canteen,lab,technical,low,afternoon
20,2026-03-15 11:06:00,lab,stage,sports,low,evening
10,2026-03-15 11:06:00,stage,lab,cultural,low,evening
25,2026-03-15 11:06:00,lab,lab,technical,medium,evening
194,2026-03-15 11:06:00,canteen,lab,technical,low,morning
25,2026-03-15 11:06:00,canteen,canteen,cultural,low,evening
54,2026-03-15 11:06:00,canteen,lab,sports,low,evening
33,2026-03-15 11:06:00,stage,lab,cultural,high,afternoon
164,2026-03-15 11:06:00,lab,canteen,cultural,medium,morning
95,2026-03-15 11:06:00,lab,lab,cultural,medium,evening
14,2026-03-15 11:06:00,canteen,stage,sports,medium,afternoon
65,2026-03-15 11:07:00,lab,stage,technical,medium,morning
110,2026-03-15 11:07:00,stage,lab,technical,high,afternoon
80,2026-03-15 11:07:00,canteen,lab,cultural,low,evening
54,2026-03-15 11:07:00,canteen,lab,cultural,high,morning
125,2026-03-15 11:07:00,canteen,lab,sports,medium,morning
180,2026-03-15 11:07:00,stage,stage,cultural,high,evening
131,2026-03-15 11:07:00,canteen,stage,sports,high,afternoon
169,2026-03-15 11:07:00,canteen,lab,sports,medium,morning
134,2026-03-15 11:07:00,canteen,stage,sports,low,morning
25,2026-03-15 11:07:00,canteen,lab,cultural,high,morning
141,2026-03-15 11:07:00,lab,canteen,technical,medium,evening
117,2026-03-15 11:07:00,canteen,stage,sports,high,afternoon
136,2026-03-15 11:07:00,stage,canteen,technical,high,evening
149,2026-03-15 11:07:00,canteen,canteen,sports,high,morning
196,2026-03-15 11:07:00,canteen,lab,cultural,low,afternoon
25,2026-03-15 11:08:00,lab,lab,sports,high,afternoon
79,2026-03-15 11:08:00,canteen,lab,sports,high,evening
68,2026-03-15 11:08:00,lab,canteen,technical,low,evening
173,2026-03-15 11:08:00,stage,canteen,cultural,high,morning
188,2026-03-15 11:08:00,lab,stage,sports,high,evening
12,2026-03-15 11:08:00,canteen,canteen,cultural,low,evening
32,2026-03-15 11:08:00,stage,stage,technical,medium,evening
128,2026-03-15 11:08:00,canteen,stage,cultural,high,evening
96,2026-03-15 11:08:00,lab,canteen,cultural,medium,evening
92,2026-03-15 11:08:00,stage,canteen,technical,medium,morning
141,2026-03-15 11:08:00,stage,stage,sports,medium,afternoon
31,2026-03-15 11:08:00,lab,lab,sports,low,evening
78,2026-03-15 11:08:00,lab,canteen,cultural,low,afternoon
20,2026-03-15 11:08:00,stage,stage,sports,high,afternoon
146,2026-03-15 11:08:00,stage,lab,technical,medium,evening
60,2026-03-15 11:08:00,lab,stage,cultural,low,evening
191,2026-03-15 11:08:00,canteen,lab,cultural,low,afternoon
134,2026-03-15 11:08:00,stage,stage,sports,medium,morning
160,2026-03-15 11:08:00,lab,lab,sports,low,afternoon
93,2026-03-15 11:08:00,canteen,stage,sports,medium,morning
43,2026-03-15 11:09:00,stage,lab,cultural,low,afternoon
130,2026-03-15 11:09:00,stage,canteen,sports,medium,evening
60,2026-03-15 11:09:00,lab,lab,cultural,low,morning
151,2026-03-15 11:09:00,canteen,canteen,sports,low,afternoon
31,2026-03-15 11:09:00,stage,stage,cultural,low,morning
5,2026-03-15 11:09:00,canteen,lab,cultural,low,evening
162,2026-03-15 11:09:00,canteen,stage,cultural,medium,morning
10,2026-03-15 11:09:00,stage,lab,sports,high,evening
89,2026-03-15 11:09:00,canteen,stage,sports,high,evening
130,2026-03-15 11:09:00,stage,canteen,technical,low,morning
126,2026-03-15 11:09:00,canteen,lab,cultural,high,evening
11,2026-03-15 11:10:00,stage,canteen,sports,low,evening
178,2026-03-15 11:10:00,lab,canteen,technical,high,evening
159,2026-03-15 11:10:00,stage,lab,technical,low,morning
56,2026-03-15 11:10:00,stage,lab,sports,high,evening
83,2026-03-15 11:10:00,stage,lab,cultural,high,afternoon
137,2026-03-15 11:10:00,canteen,canteen,technical,low,evening
99,2026-03-15 11:10:00,lab,canteen,technical,high,afternoon
149,2026-03-15 11:10:00,canteen,canteen,cultural,low,morning
73,2026-03-15 11:10:00,canteen,canteen,sports,high,afternoon
156,2026-03-15 11:10:00,stage,lab,cultural,medium,evening
190,2026-03-15 11:10:00,canteen,canteen,cultural,medium,evening
115,2026-03-15 11:10:00,stage,canteen,sports,medium,evening
7,2026-03-15 11:10:00,lab,canteen,technical,low,evening
80,2026-03-15 11:11:00,canteen,lab,cultural,low,evening
144,2026-03-15 11:11:00,canteen,lab,technical,low,evening
97,2026-03-15 11:11:00,canteen,lab,technical,medium,morning
4,2026-03-15 11:11:00,stage,canteen,technical,high,evening
4,2026-03-15 11:11:00,stage,lab,sports,low,afternoon
103,2026-03-15 11:11:00,canteen,lab,technical,medium,afternoon
40,2026-03-15 11:11:00,canteen,stage,cultural,low,afternoon
17,2026-03-15 11:11:00,lab,stage,cultural,low,morning
101,2026-03-15 11:12:00,lab,stage,cultural,high,afternoon
103,2026-03-15 11:12:00,lab,canteen,sports,low,afternoon
124,2026-03-15 11:12:00,lab,lab,cultural,low,afternoon
52,2026-03-15 11:12:00,lab,canteen,sports,high,morning
52,2026-03-15 11:12:00,stage,canteen,technical,low,afternoon
164,2026-03-15 11:12:00,lab,lab,technical,low,afternoon
124,2026-03-15 11:12:00,lab,lab,sports,high,morning
166,2026-03-15 11:12:00,canteen,lab,sports,low,evening
178,2026-03-15 11:13:00,stage,canteen,sports,low,afternoon
63,2026-03-15 11:13:00,lab,stage,technical,medium,evening
116,2026-03-15 11:13:00,lab,stage,sports,high,afternoon
191,2026-03-15 11:13:00,lab,stage,technical,medium,morning
62,2026-03-15 11:13:00,canteen,canteen,technical,high,evening
7,2026-03-15 11:13:00,canteen,lab,cultural,low,morning
155,2026-03-15 11:13:00,canteen,stage,technical,medium,evening
92,2026-03-15 11:13:00,lab,stage,sports,medium,morning
14,2026-03-15 11:13:00,canteen,stage,sports,medium,evening
199,2026-03-15 11:13:00,lab,lab,sports,medium,evening
86,2026-03-15 11:13:00,stage,canteen,technical,high,evening
133,2026-03-15 11:13:00,lab,lab,technical,low,afternoon
183,2026-03-15 11:13:00,canteen,canteen,cultural,low,evening
130,2026-03-15 11:13:00,stage,canteen,cultural,medium,evening
62,2026-03-15 11:13:00,lab,stage,sports,low,afternoon
149,2026-03-15 11:14:00,stage,canteen,technical,low,afternoon
79,2026-03-15 11:14:00,stage,lab,sports,high,morning
149,2026-03-15 11:14:00,stage,lab,sports,low,morning
138,2026-03-15 11:14:00,lab,lab,sports,low,afternoon
58,2026-03-15 11:14:00,canteen,lab,cultural,low,afternoon
120,2026-03-15 11:14:00,lab,lab,sports,low,afternoon
167,2026-03-15 11:14:00,canteen,stage,cultural,medium,afternoon
133,2026-03-15 11:15:00,lab,lab,technical,high,afternoon
65,2026-03-15 11:15:00,lab,stage,sports,high,morning
13,2026-03-15 11:15:00,lab,lab,cultural,high,afternoon
181,2026-03-15 11:15:00,canteen,canteen,technical,low,afternoon
82,2026-03-15 11:15:00,lab,canteen,cultural,medium,morning
173,2026-03-15 11:15:00,stage,canteen,sports,high,evening
160,2026-03-15 11:15:00,lab,canteen,technical,medium,morning
164,2026-03-15 11:15:00,stage,canteen,technical,high,morning
188,2026-03-15 11:15:00,canteen,canteen,technical,medium,afternoon
139,2026-03-15 11:15:00,canteen,canteen,cultural,low,evening
191,2026-03-15 11:16:00,lab,lab,cultural,low,morning
149,2026-03-15 11:16:00,lab,lab,cultural,high,evening
52,2026-03-15 11:16:00,lab,canteen,technical,high,morning
183,2026-03-15 11:16:00,stage,canteen,sports,high,afternoon
117,2026-03-15 11:16:00,canteen,lab,sports,low,morning
26,2026-03-15 11:16:00,stage,canteen,technical,low,morning
196,2026-03-15 11:16:00,stage,canteen,sports,high,morning
34,2026-03-15 11:16:00,lab,canteen,technical,high,evening
52,2026-03-15 11:16:00,lab,lab,sports,low,evening
112,2026-03-15 11:16:00,stage,stage,sports,high,afternoon
82,2026-03-15 11:16:00,stage,stage,sports,high,evening
180,2026-03-15 11:16:00,lab,canteen,cultural,high,evening
157,2026-03-15 11:16:00,lab,canteen,cultural,low,evening
166,2026-03-15 11:16:00,stage,canteen,technical,low,afternoon
42,2026-03-15 11:16:00,lab,canteen,cultural,medium,afternoon
21,2026-03-15 11:17:00,lab,canteen,technical,medium,afternoon
42,2026-03-15 11:17:00,stage,stage,cultural,medium,afternoon
141,2026-03-15 11:17:00,stage,stage,sports,medium,morning
113,2026-03-15 11:17:00,canteen,lab,cultural,high,afternoon
105,2026-03-15 11:17:00,stage,lab,cultural,low,afternoon
192,2026-03-15 11:17:00,lab,canteen,cultural,low,morning
17,2026-03-15 11:17:00,stage,stage,technical,medium,morning
120,2026-03-15 11:17:00,stage,stage,technical,high,evening
137,2026-03-15 11:18:00,stage,canteen,sports,low,evening
169,2026-03-15 11:18:00,canteen,lab,sports,low,afternoon
129,2026-03-15 11:18:00,canteen,canteen,sports,high,evening
130,2026-03-15 11:18:00,lab,lab,cultural,high,morning
60,2026-03-15 11:18:00,canteen,lab,sports,medium,evening
48,2026-03-15 11:18:00,stage,lab,technical,medium,evening
29,2026-03-15 11:18:00,canteen,stage,sports,high,afternoon
97,2026-03-15 11:18:00,stage,canteen,sports,low,morning
10,2026-03-15 11:18:00,canteen,stage,sports,high,morning
58,2026-03-15 11:18:00,canteen,lab,sports,high,evening
188,2026-03-15 11:18:00,canteen,lab,sports,low,evening
21,2026-03-15 11:19:00,stage,canteen,technical,low,evening
28,2026-03-15 11:19:00,canteen,stage,cultural,medium,afternoon
34,2026-03-15 11:19:00,stage,canteen,sports,high,evening
8,2026-03-15 11:19:00,stage,canteen,cultural,medium,evening
187,2026-03-15 11:19:00,lab,lab,sports,high,afternoon
200,2026-03-15 11:19:00,canteen,canteen,cultural,high,morning
177,2026-03-15 11:19:00,lab,stage,technical,low,afternoon
79,2026-03-15 11:19:00,lab,lab,cultural,high,evening
145,2026-03-15 11:19:00,stage,canteen,sports,high,evening
188,2026-03-15 11:19:00,canteen,canteen,cultural,low,morning
87,2026-03-15 11:19:00,stage,stage,cultural,low,afternoon
88,2026-03-15 11:19:00,stage,lab,sports,low,evening
173,2026-03-15 11:19:00,canteen,lab,cultural,high,morning
69,2026-03-15 11:19:00,stage,lab,sports,low,evening
160,2026-03-15 11:20:00,canteen,canteen,technical,high,morning
172,2026-03-15 11:20:00,canteen,lab,sports,medium,evening
193,2026-03-15 11:20:00,stage,lab,technical,low,evening
87,2026-03-15 11:20:00,stage,canteen,cultural,medium,morning
101,2026-03-15 11:20:00,lab,lab,sports,medium,morning
8,2026-03-15 11:20:00,stage,canteen,cultural,low,evening
77,2026-03-15 11:20:00,canteen,canteen,technical,low,morning
200,2026-03-15 11:20:00,lab,stage,technical,high,evening
87,2026-03-15 11:20:00,canteen,lab,cultural,low,evening
43,2026-03-15 11:21:00,lab,lab,sports,medium,afternoon
129,2026-03-15 11:21:00,stage,lab,sports,medium,evening
109,2026-03-15 11:21:00,stage,stage,sports,medium,evening
179,2026-03-15 11:21:00,stage,canteen,sports,high,morning
152,2026-03-15 11:21:00,canteen,stage,technical,high,afternoon
152,2026-03-15 11:21:00,lab,lab,sports,low,morning
17,2026-03-15 11:21:00,canteen,stage,cultural,low,morning
133,2026-03-15 11:21:00,lab,lab,technical,low,evening
148,2026-03-15 11:21:00,stage,canteen,cultural,medium,evening
21,2026-03-15 11:21:00,canteen,canteen,cultural,medium,evening
58,2026-03-15 11:21:00,stage,lab,cultural,medium,morning
159,2026-03-15 11:21:00,canteen,canteen,technical,low,morning
110,2026-03-15 11:21:00,stage,stage,sports,low,evening
139,2026-03-15 11:21:00,canteen,canteen,cultural,medium,morning
180,2026-03-15 11:21:00,canteen,stage,cultural,low,afternoon
143,2026-03-15 11:21:00,lab,lab,sports,high,afternoon
135,2026-03-15 11:21:00,stage,canteen,sports,low,afternoon
28,2026-03-15 11:22:00,lab,canteen,sports,medium,morning
51,2026-03-15 11:22:00,lab,lab,sports,low,afternoon
186,2026-03-15 11:22:00,stage,stage,cultural,high,evening
5,2026-03-15 11:22:00,canteen,lab,technical,medium,evening
5,2026-03-15 11:22:00,lab,lab,sports,low,evening
94,2026-03-15 11:22:00,stage,lab,sports,low,afternoon
96,2026-03-15 11:22:00,canteen,canteen,cultural,low,afternoon
8,2026-03-15 11:22:00,lab,canteen,sports,low,morning
64,2026-03-15 11:22:00,lab,stage,cultural,high,evening
138,2026-03-15 11:22:00,lab,lab,cultural,low,morning
38,2026-03-15 11:22:00,canteen,canteen,cultural,low,afternoon
111,2026-03-15 11:22:00,lab,canteen,cultural,medium,morning
112,2026-03-15 11:22:00,canteen,lab,sports,high,evening
81,2026-03-15 11:22:00,lab,stage,technical,medium,morning
136,2026-03-15 11:23:00,stage,stage,sports,high,morning
104,2026-03-15 11:23:00,lab,stage,technical,low,afternoon
153,2026-03-15 11:23:00,stage,canteen,sports,high,afternoon
73,2026-03-15 11:23:00,stage,stage,cultural,medium,afternoon
194,2026-03-15 11:23:00,stage,canteen,sports,low,afternoon
178,2026-03-15 11:24:00,canteen,canteen,cultural,medium,evening
195,2026-03-15 11:24:00,stage,canteen,sports,medium,evening
49,2026-03-15 11:24:00,lab,lab,cultural,high,morning
36,2026-03-15 11:24:00,canteen,stage,technical,low,evening
126,2026-03-15 11:24:00,stage,canteen,cultural,medium,morning
68,2026-03-15 11:24:00,canteen,canteen,sports,medium,afternoon
78,2026-03-15 11:24:00,canteen,canteen,cultural,high,morning
105,2026-03-15 11:24:00,canteen,lab,technical,medium,morning
169,2026-03-15 11:24:00,lab,stage,technical,low,evening
122,2026-03-15 11:24:00,stage,canteen,sports,low,morning
119,2026-03-15 11:24:00,canteen,lab,cultural,high,evening
190,2026-03-15 11:24:00,canteen,lab,sports,medium,morning
114,2026-03-15 11:24:00,canteen,canteen,cultural,high,evening
10,2026-03-15 11:24:00,stage,canteen,technical,high,afternoon
149,2026-03-15 11:25:00,canteen,lab,sports,medium,evening
164,2026-03-15 11:25:00,canteen,lab,technical,low,afternoon
140,2026-03-15 11:25:00,lab,stage,cultural,high,evening
91,2026-03-15 11:25:00,stage,stage,technical,low,afternoon
2,2026-03-15 11:25:00,lab,canteen,cultural,low,afternoon
118,2026-03-15 11:25:00,stage,canteen,sports,medium,evening
13,2026-03-15 11:25:00,stage,canteen,cultural,medium,afternoon
181,2026-03-15 11:25:00,stage,canteen,cultural,low,morning
160,2026-03-15 11:25:00,lab,stage,sports,low,morning
95,2026-03-15 11:25:00,lab,stage,sports,low,afternoon
144,2026-03-15 11:25:00,lab,lab,technical,high,afternoon
32,2026-03-15 11:25:00,lab,stage,cultural,low,afternoon
32,2026-03-15 11:26:00,canteen,stage,cultural,high,evening
124,2026-03-15 11:26:00,canteen,stage,technical,medium,morning
11,2026-03-15 11:26:00,canteen,lab,cultural,medium,afternoon
10,2026-03-15 11:26:00,stage,lab,cultural,low,afternoon
15,2026-03-15 11:26:00,canteen,lab,sports,medium,evening
17,2026-03-15 11:26:00,stage,stage,sports,low,morning
168,2026-03-15 11:26:00,lab,lab,sports,high,afternoon
146,2026-03-15 11:26:00,stage,canteen,technical,low,morning
183,2026-03-15 11:26:00,stage,canteen,sports,medium,evening
153,2026-03-15 11:26:00,canteen,lab,technical,low,morning
59,2026-03-15 11:26:00,lab,lab,sports,medium,afternoon
78,2026-03-15 11:26:00,lab,lab,cultural,high,afternoon
124,2026-03-15 11:26:00,canteen,lab,cultural,medium,morning
114,2026-03-15 11:26:00,lab,lab,sports,medium,evening
22,2026-03-15 11:26:00,lab,canteen,sports,medium,evening
158,2026-03-15 11:26:00,lab,canteen,technical,medium,evening
172,2026-03-15 11:26:00,canteen,stage,cultural,medium,evening
32,2026-03-15 11:26:00,lab,lab,sports,medium,afternoon
179,2026-03-15 11:26:00,stage,canteen,sports,low,morning
174,2026-03-15 11:26:00,stage,lab,cultural,high,afternoon
113,2026-03-15 11:27:00,lab,canteen,sports,low,morning
120,2026-03-15 11:27:00,canteen,canteen,cultural,high,morning
149,2026-03-15 11:27:00,canteen,stage,sports,low,evening
122,2026-03-15 11:27:00,canteen,canteen,cultural,high,evening
32,2026-03-15 11:27:00,lab,lab,technical,high,morning
119,2026-03-15 11:27:00,lab,stage,sports,low,morning
39,2026-03-15 11:27:00,stage,canteen,sports,low,morning
12,2026-03-15 11:27:00,canteen,stage,sports,high,afternoon
175,2026-03-15 11:27:00,stage,canteen,technical,medium,morning
18,2026-03-15 11:27:00,stage,canteen,sports,high,afternoon
149,2026-03-15 11:27:00,canteen,canteen,sports,medium,morning
141,2026-03-15 11:27:00,lab,lab,cultural,high,evening
149,2026-03-15 11:27:00,lab,canteen,sports,medium,morning
126,2026-03-15 11:27:00,stage,canteen,sports,low,morning
136,2026-03-15 11:27:00,stage,canteen,cultural,low,afternoon
46,2026-03-15 11:27:00,stage,stage,technical,medium,morning
104,2026-03-15 11:27:00,stage,canteen,technical,medium,afternoon
135,2026-03-15 11:27:00,canteen,canteen,cultural,medium,afternoon
151,2026-03-15 11:28:00,stage,canteen,technical,medium,evening
86,2026-03-15 11:28:00,stage,canteen,technical,low,evening
150,2026-03-15 11:28:00,lab,canteen,sports,high,evening
89,2026-03-15 11:28:00,lab,lab,sports,low,evening
22,2026-03-15 11:28:00,lab,lab,sports,high,afternoon
92,2026-03-15 11:28:00,canteen,stage,technical,low,morning
29,2026-03-15 11:28:00,canteen,canteen,sports,medium,afternoon
13,2026-03-15 11:28:00,lab,canteen,technical,low,evening
2,2026-03-15 11:28:00,lab,stage,sports,low,morning
29,2026-03-15 11:28:00,stage,lab,technical,medium,afternoon
180,2026-03-15 11:28:00,stage,lab,cultural,medium,morning
27,2026-03-15 11:28:00,canteen,canteen,cultural,low,afternoon
50,2026-03-15 11:28:00,canteen,canteen,sports,low,morning
95,2026-03-15 11:28:00,stage,stage,technical,high,morning
151,2026-03-15 11:28:00,lab,lab,cultural,high,evening
88,2026-03-15 11:28:00,stage,lab,cultural,low,evening
44,2026-03-15 11:28:00,canteen,lab,sports,high,morning
22,2026-03-15 11:28:00,canteen,canteen,sports,medium,morning
171,2026-03-15 11:29:00,stage,canteen,technical,low,evening
165,2026-03-15 11:29:00,stage,canteen,cultural,low,afternoon
189,2026-03-15 11:29:00,stage,canteen,technical,high,morning
97,2026-03-15 11:29:00,canteen,canteen,technical,low,afternoon
184,2026-03-15 11:29:00,lab,canteen,sports,low,evening
3,2026-03-15 11:29:00,stage,canteen,technical,medium,morning
191,2026-03-15 11:29:00,canteen,lab,technical,low,afternoon
118,2026-03-15 11:29:00,canteen,stage,cultural,high,evening
19,2026-03-15 11:29:00,canteen,lab,technical,medium,morning
23,2026-03-15 11:29:00,stage,canteen,cultural,high,afternoon
157,2026-03-15 11:29:00,stage,canteen,cultural,low,morning
30,2026-03-15 11:29:00,lab,lab,technical,high,afternoon
39,2026-03-15 11:29:00,canteen,canteen,technical,high,afternoon
108,2026-03-15 11:29:00,stage,lab,cultural,medium,morning
111,2026-03-15 11:29:00,canteen,stage,technical,low,evening
25,2026-03-15 11:30:00,canteen,stage,cultural,medium,morning
128,2026-03-15 11:30:00,lab,lab,technical,low,evening
111,2026-03-15 11:30:00,stage,lab,cultural,medium,afternoon
136,2026-03-15 11:30:00,stage,lab,cultural,low,afternoon
106,2026-03-15 11:30:00,canteen,lab,sports,medium,afternoon
186,2026-03-15 11:30:00,canteen,canteen,technical,low,evening
144,2026-03-15 11:30:00,lab,canteen,cultural,medium,afternoon
72,2026-03-15 11:30:00,lab,lab,cultural,high,morning
129,2026-03-15 11:30:00,lab,canteen,technical,medium,afternoon
108,2026-03-15 11:30:00,lab,lab,technical,high,evening
5,2026-03-15 11:30:00,lab,canteen,technical,medium,evening
3,2026-03-15 11:30:00,lab,lab,sports,high,morning
193,2026-03-15 11:30:00,canteen,canteen,technical,low,morning
132,2026-03-15 11:30:00,lab,lab,sports,high,evening
104,2026-03-15 11:30:00,canteen,lab,technical,low,evening
64,2026-03-15 11:30:00,canteen,lab,sports,high,morning
106,2026-03-15 11:30:00,stage,stage,technical,low,morning
98,2026-03-15 11:30:00,canteen,lab,sports,high,morning
10,2026-03-15 11:31:00,canteen,lab,cultural,medium,morning
149,2026-03-15 11:31:00,lab,lab,sports,low,evening
128,2026-03-15 11:31:00,canteen,lab,sports,low,afternoon
46,2026-03-15 11:31:00,lab,stage,cultural,high,evening
155,2026-03-15 11:31:00,lab,stage,technical,medium,morning
66,2026-03-15 11:31:00,lab,canteen,cultural,low,evening
169,2026-03-15 11:31:00,stage,stage,cultural,low,morning
112,2026-03-15 11:31:00,lab,lab,cultural,medium,evening
13,2026-03-15 11:31:00,canteen,stage,sports,medium,morning
137,2026-03-15 11:31:00,lab,canteen,cultural,medium,morning
164,2026-03-15 11:31:00,lab,stage,technical,low,evening
86,2026-03-15 11:31:00,lab,canteen,sports,high,morning
90,2026-03-15 11:31:00,stage,canteen,sports,high,afternoon
58,2026-03-15 11:31:00,canteen,stage,cultural,low,morning
54,2026-03-15 11:31:00,stage,canteen,sports,low,morning
12,2026-03-15 11:31:00,canteen,canteen,technical,low,morning
14,2026-03-15 11:31:00,stage,lab,sports,low,afternoon
121,2026-03-15 11:31:00,canteen,stage,cultural,medium,evening
162,2026-03-15 11:31:00,stage,canteen,cultural,low,afternoon
181,2026-03-15 11:32:00,lab,lab,cultural,low,afternoon
121,2026-03-15 11:32:00,stage,lab,sports,low,afternoon
20,2026-03-15 11:32:00,stage,lab,cultural,medium,evening
75,2026-03-15 11:32:00,lab,lab,sports,medium,morning
144,2026-03-15 11:32:00,lab,canteen,cultural,medium,afternoon
70,2026-03-15 11:32:00,canteen,lab,cultural,low,morning
56,2026-03-15 11:32:00,canteen,stage,cultural,medium,afternoon
101,2026-03-15 11:32:00,canteen,canteen,technical,low,afternoon
186,2026-03-15 11:32:00,stage,lab,technical,low,afternoon
132,2026-03-15 11:32:00,canteen,canteen,cultural,high,afternoon
111,2026-03-15 11:32:00,stage,canteen,cultural,medium,afternoon
125,2026-03-15 11:32:00,stage,canteen,sports,high,afternoon
132,2026-03-15 11:32:00,canteen,canteen,sports,high,evening
20,2026-03-15 11:32:00,canteen,lab,technical,medium,morning
138,2026-03-15 11:33:00,stage,canteen,sports,medium,morning
24,2026-03-15 11:33:00,lab,canteen,sports,high,evening
154,2026-03-15 11:33:00,lab,lab,sports,low,afternoon
37,2026-03-15 11:33:00,stage,canteen,sports,high,evening
54,2026-03-15 11:33:00,canteen,lab,technical,medium,evening
103,2026-03-15 11:33:00,stage,canteen,technical,low,evening
149,2026-03-15 11:33:00,stage,canteen,sports,high,morning
38,2026-03-15 11:33:00,canteen,lab,sports,high,evening
174,2026-03-15 11:33:00,lab,lab,technical,high,afternoon
4,2026-03-15 11:33:00,stage,canteen,cultural,medium,evening
188,2026-03-15 11:33:00,lab,stage,sports,high,morning
57,2026-03-15 11:33:00,lab,lab,cultural,medium,morning
173,2026-03-15 11:33:00,canteen,stage,sports,low,afternoon
20,2026-03-15 11:33:00,stage,lab,technical,low,evening
17,2026-03-15 11:33:00,stage,canteen,sports,high,afternoon
119,2026-03-15 11:33:00,lab,lab,cultural,medium,evening
71,2026-03-15 11:33:00,lab,lab,technical,high,afternoon
4,2026-03-15 11:33:00,canteen,stage,sports,low,afternoon
14,2026-03-15 11:33:00,lab,lab,sports,medium,afternoon
3,2026-03-15 11:33:00,canteen,lab,technical,low,morning
80,2026-03-15 11:34:00,stage,lab,sports,low,morning
186,2026-03-15 11:34:00,canteen,canteen,technical,medium,evening
55,2026-03-15 11:34:00,lab,lab,sports,medium,morning
132,2026-03-15 11:34:00,stage,lab,technical,medium,afternoon
120,2026-03-15 11:34:00,canteen,lab,sports,high,morning
24,2026-03-15 11:34:00,stage,lab,technical,high,morning
162,2026-03-15 11:34:00,canteen,canteen,technical,medium,evening
158,2026-03-15 11:34:00,lab,lab,sports,medium,afternoon
82,2026-03-15 11:34:00,lab,canteen,technical,high,morning
147,2026-03-15 11:34:00,stage,stage,sports,medium,morning
159,2026-03-15 11:34:00,stage,canteen,sports,low,evening
188,2026-03-15 11:34:00,stage,stage,sports,medium,evening
60,2026-03-15 11:34:00,canteen,stage,technical,high,afternoon
147,2026-03-15 11:34:00,lab,canteen,sports,medium,evening
49,2026-03-15 11:34:00,stage,stage,technical,medium,afternoon
63,2026-03-15 11:34:00,stage,canteen,cultural,low,afternoon
110,2026-03-15 11:34:00,stage,stage,cultural,medium,morning
150,2026-03-15 11:35:00,canteen,stage,cultural,high,morning
152,2026-03-15 11:35:00,stage,stage,sports,high,morning
109,2026-03-15 11:35:00,stage,stage,technical,low,morning
76,2026-03-15 11:35:00,canteen,canteen,sports,low,morning
30,2026-03-15 11:35:00,canteen,lab,technical,high,afternoon
58,2026-03-15 11:35:00,stage,lab,cultural,medium,morning
117,2026-03-15 11:35:00,stage,lab,cultural,high,morning
159,2026-03-15 11:35:00,canteen,lab,cultural,low,morning
100,2026-03-15 11:35:00,lab,stage,sports,high,afternoon
192,2026-03-15 11:35:00,canteen,canteen,sports,low,evening
19,2026-03-15 11:35:00,lab,stage,technical,high,evening
176,2026-03-15 11:35:00,stage,lab,technical,medium,morning
173,2026-03-15 11:35:00,stage,stage,cultural,medium,evening
94,2026-03-15 11:35:00,lab,lab,sports,low,afternoon
183,2026-03-15 11:35:00,canteen,stage,sports,medium,morning
113,2026-03-15 11:35:00,stage,canteen,technical,low,afternoon
183,2026-03-15 11:35:00,lab,lab,technical,medium,afternoon
146,2026-03-15 11:35:00,canteen,lab,sports,high,morning
63,2026-03-15 11:35:00,lab,lab,sports,medium,afternoon
116,2026-03-15 11:36:00,canteen,lab,technical,high,morning
113,2026-03-15 11:36:00,canteen,lab,sports,low,afternoon
47,2026-03-15 11:36:00,canteen,lab,sports,medium,evening
57,2026-03-15 11:36:00,canteen,lab,cultural,medium,evening
118,2026-03-15 11:36:00,lab,canteen,sports,high,evening
45,2026-03-15 11:36:00,lab,lab,sports,low,afternoon
161,2026-03-15 11:36:00,lab,lab,sports,medium,morning
145,2026-03-15 11:36:00,lab,canteen,technical,low,evening
198,2026-03-15 11:36:00,lab,lab,cultural,low,morning
4,2026-03-15 11:36:00,canteen,lab,technical,medium,evening
148,2026-03-15 11:36:00,stage,canteen,cultural,high,evening
47,2026-03-15 11:36:00,stage,canteen,cultural,low,afternoon
143,2026-03-15 11:37:00,lab,canteen,sports,low,evening
198,2026-03-15 11:37:00,lab,lab,cultural,medium,morning
47,2026-03-15 11:37:00,stage,canteen,cultural,low,morning
78,2026-03-15 11:37:00,canteen,stage,sports,medium,evening
124,2026-03-15 11:37:00,lab,canteen,sports,low,morning
75,2026-03-15 11:37:00,canteen,stage,cultural,high,morning
103,2026-03-15 11:37:00,stage,lab,technical,high,morning
137,2026-03-15 11:37:00,stage,canteen,cultural,high,morning
90,2026-03-15 11:37:00,lab,canteen,technical,high,morning
144,2026-03-15 11:37:00,canteen,lab,technical,medium,evening
69,2026-03-15 11:37:00,lab,stage,cultural,medium,morning
61,2026-03-15 11:37:00,stage,canteen,technical,medium,morning
138,2026-03-15 11:37:00,canteen,canteen,cultural,medium,evening
50,2026-03-15 11:38:00,lab,canteen,technical,medium,afternoon
3,2026-03-15 11:38:00,lab,canteen,technical,high,morning
107,2026-03-15 11:38:00,lab,lab,cultural,low,afternoon
113,2026-03-15 11:38:00,stage,lab,sports,low,afternoon
94,2026-03-15 11:38:00,lab,lab,sports,high,evening
118,2026-03-15 11:38:00,canteen,lab,cultural,high,afternoon
198,2026-03-15 11:38:00,lab,canteen,cultural,medium,afternoon
81,2026-03-15 11:38:00,stage,canteen,sports,medium,afternoon
109,2026-03-15 11:38:00,lab,canteen,sports,low,evening
51,2026-03-15 11:38:00,stage,lab,technical,low,morning
147,2026-03-15 11:38:00,stage,canteen,technical,medium,evening
170,2026-03-15 11:38:00,canteen,stage,technical,medium,evening
35,2026-03-15 11:38:00,canteen,canteen,sports,high,evening
46,2026-03-15 11:38:00,lab,canteen,cultural,medium,morning
154,2026-03-15 11:38:00,stage,canteen,technical,high,afternoon
69,2026-03-15 11:38:00,stage,lab,cultural,medium,morning
93,2026-03-15 11:39:00,canteen,canteen,sports,low,afternoon
64,2026-03-15 11:39:00,canteen,lab,technical,high,morning
165,2026-03-15 11:39:00,lab,canteen,sports,low,evening
49,2026-03-15 11:39:00,stage,canteen,cultural,high,evening
149,2026-03-15 11:39:00,canteen,lab,technical,high,afternoon
74,2026-03-15 11:39:00,lab,lab,cultural,low,evening
192,2026-03-15 11:39:00,stage,stage,cultural,low,evening
5,2026-03-15 11:39:00,stage,canteen,technical,medium,morning
100,2026-03-15 11:39:00,canteen,canteen,technical,high,afternoon
70,2026-03-15 11:39:00,lab,canteen,sports,medium,morning
90,2026-03-15 11:39:00,canteen,lab,technical,high,morning
4,2026-03-15 11:39:00,lab,lab,technical,medium,evening
126,2026-03-15 11:39:00,stage,stage,technical,low,morning
39,2026-03-15 11:39:00,lab,canteen,technical,low,afternoon
163,2026-03-15 11:40:00,lab,stage,technical,medium,evening
129,2026-03-15 11:40:00,lab,lab,sports,low,afternoon
24,2026-03-15 11:40:00,lab,lab,cultural,medium,afternoon
57,2026-03-15 11:40:00,lab,canteen,sports,high,afternoon
100,2026-03-15 11:40:00,canteen,stage,cultural,high,afternoon
70,2026-03-15 11:40:00,lab,lab,technical,low,morning
41,2026-03-15 11:40:00,lab,lab,sports,low,evening
182,2026-03-15 11:40:00,stage,canteen,cultural,low,morning
174,2026-03-15 11:40:00,lab,lab,cultural,high,evening
60,2026-03-15 11:40:00,stage,lab,technical,medium,morning
108,2026-03-15 11:40:00,canteen,lab,technical,low,evening
188,2026-03-15 11:40:00,canteen,lab,cultural,medium,afternoon
57,2026-03-15 11:40:00,lab,canteen,sports,low,afternoon
31,2026-03-15 11:40:00,canteen,lab,cultural,low,morning
84,2026-03-15 11:40:00,lab,canteen,sports,low,morning
152,2026-03-15 11:40:00,canteen,canteen,sports,medium,afternoon
36,2026-03-15 11:40:00,lab,stage,cultural,medium,morning
158,2026-03-15 11:40:00,lab,canteen,sports,medium,morning
152,2026-03-15 11:40:00,stage,canteen,cultural,high,evening
108,2026-03-15 11:41:00,stage,canteen,cultural,high,evening
106,2026-03-15 11:41:00,stage,canteen,technical,high,evening
158,2026-03-15 11:41:00,stage,canteen,cultural,medium,morning
86,2026-03-15 11:41:00,lab,canteen,cultural,high,afternoon
135,2026-03-15 11:41:00,canteen,canteen,technical,low,afternoon
163,2026-03-15 11:41:00,lab,lab,technical,medium,afternoon
183,2026-03-15 11:41:00,stage,canteen,sports,low,afternoon
14,2026-03-15 11:41:00,stage,lab,sports,low,evening
120,2026-03-15 11:41:00,canteen,canteen,technical,medium,evening
138,2026-03-15 11:41:00,stage,canteen,technical,low,morning
80,2026-03-15 11:41:00,lab,stage,technical,medium,afternoon
144,2026-03-15 11:41:00,lab,lab,cultural,high,morning
182,2026-03-15 11:42:00,lab,lab,cultural,medium,afternoon
106,2026-03-15 11:42:00,lab,lab,cultural,medium,afternoon
70,2026-03-15 11:42:00,lab,lab,technical,low,morning
44,2026-03-15 11:42:00,canteen,canteen,sports,low,evening
73,2026-03-15 11:42:00,lab,lab,sports,low,morning
45,2026-03-15 11:42:00,stage,canteen,cultural,low,morning
184,2026-03-15 11:42:00,stage,canteen,cultural,low,afternoon
107,2026-03-15 11:42:00,stage,canteen,technical,low,evening
84,2026-03-15 11:42:00,stage,lab,technical,low,morning
82,2026-03-15 11:42:00,canteen,lab,sports,low,evening
107,2026-03-15 11:42:00,stage,canteen,sports,low,evening
185,2026-03-15 11:42:00,canteen,canteen,technical,medium,evening
21,2026-03-15 11:42:00,stage,stage,sports,low,evening
196,2026-03-15 11:42:00,canteen,lab,sports,low,afternoon
178,2026-03-15 11:43:00,canteen,canteen,cultural,medium,afternoon
161,2026-03-15 11:43:00,canteen,lab,technical,high,afternoon
7,2026-03-15 11:43:00,stage,canteen,technical,high,afternoon
70,2026-03-15 11:43:00,canteen,lab,technical,medium,afternoon
127,2026-03-15 11:43:00,lab,lab,cultural,high,morning
143,2026-03-15 11:43:00,lab,stage,technical,low,evening
160,2026-03-15 11:43:00,stage,lab,sports,low,afternoon
148,2026-03-15 11:43:00,lab,lab,cultural,low,evening
143,2026-03-15 11:43:00,lab,lab,cultural,high,afternoon
176,2026-03-15 11:43:00,lab,canteen,technical,medium,afternoon
199,2026-03-15 11:44:00,stage,canteen,sports,low,morning
149,2026-03-15 11:44:00,stage,stage,technical,medium,evening
170,2026-03-15 11:44:00,lab,lab,sports,medium,afternoon
154,2026-03-15 11:44:00,stage,lab,technical,low,afternoon
120,2026-03-15 11:44:00,canteen,lab,sports,medium,morning
128,2026-03-15 11:44:00,lab,lab,sports,medium,evening
142,2026-03-15 11:44:00,stage,canteen,sports,low,evening
57,2026-03-15 11:44:00,stage,lab,cultural,medium,afternoon
165,2026-03-15 11:44:00,lab,lab,technical,high,morning
58,2026-03-15 11:44:00,stage,stage,technical,low,morning
21,2026-03-15 11:44:00,lab,lab,technical,low,afternoon
82,2026-03-15 11:44:00,stage,canteen,cultural,low,evening
69,2026-03-15 11:44:00,canteen,lab,sports,low,afternoon
131,2026-03-15 11:44:00,lab,canteen,cultural,low,evening
87,2026-03-15 11:44:00,canteen,lab,cultural,low,morning
165,2026-03-15 11:44:00,lab,stage,sports,low,afternoon
49,2026-03-15 11:44:00,stage,canteen,technical,high,afternoon
147,2026-03-15 11:44:00,canteen,canteen,cultural,medium,afternoon
115,2026-03-15 11:45:00,stage,canteen,sports,high,evening
89,2026-03-15 11:45:00,lab,lab,sports,medium,evening
85,2026-03-15 11:45:00,lab,stage,technical,low,morning
128,2026-03-15 11:45:00,lab,lab,sports,high,evening
140,2026-03-15 11:45:00,lab,lab,sports,low,evening
189,2026-03-15 11:45:00,lab,lab,sports,medium,afternoon
169,2026-03-15 11:45:00,canteen,lab,technical,high,morning
161,2026-03-15 11:45:00,lab,canteen,technical,high,morning
178,2026-03-15 11:45:00,stage,canteen,sports,medium,afternoon
117,2026-03-15 11:45:00,canteen,canteen,sports,medium,evening
196,2026-03-15 11:45:00,stage,stage,technical,high,evening
127,2026-03-15 11:45:00,lab,lab,technical,high,afternoon
71,2026-03-15 11:45:00,stage,stage,technical,high,afternoon
86,2026-03-15 11:45:00,canteen,lab,cultural,medium,evening
33,2026-03-15 11:45:00,canteen,stage,technical,low,morning
81,2026-03-15 11:46:00,canteen,lab,sports,high,afternoon
152,2026-03-15 11:46:00,stage,canteen,technical,medium,evening
61,2026-03-15 11:46:00,canteen,stage,sports,high,afternoon
61,2026-03-15 11:46:00,stage,canteen,sports,medium,morning
98,2026-03-15 11:46:00,lab,canteen,sports,high,morning
28,2026-03-15 11:46:00,lab,lab,technical,medium,evening
186,2026-03-15 11:46:00,stage,canteen,technical,medium,morning
43,2026-03-15 11:46:00,canteen,stage,technical,high,afternoon
169,2026-03-15 11:46:00,stage,lab,technical,medium,morning
167,2026-03-15 11:46:00,stage,canteen,technical,medium,evening
86,2026-03-15 11:46:00,stage,canteen,cultural,medium,afternoon
177,2026-03-15 11:46:00,lab,canteen,technical,medium,morning
17,2026-03-15 11:46:00,stage,canteen,cultural,medium,morning
98,2026-03-15 11:46:00,lab,canteen,sports,medium,morning
198,2026-03-15 11:46:00,stage,canteen,sports,medium,evening
198,2026-03-15 11:46:00,lab,canteen,sports,medium,evening
98,2026-03-15 11:47:00,stage,canteen,sports,high,morning
65,2026-03-15 11:47:00,stage,canteen,cultural,medium,afternoon
74,2026-03-15 11:47:00,canteen,lab,cultural,low,morning
85,2026-03-15 11:47:00,canteen,lab,sports,high,afternoon
5,2026-03-15 11:47:00,stage,stage,technical,high,afternoon
2,2026-03-15 11:47:00,stage,canteen,sports,low,evening
22,2026-03-15 11:47:00,stage,canteen,sports,medium,morning
112,2026-03-15 11:47:00,stage,stage,cultural,low,evening
57,2026-03-15 11:47:00,canteen,stage,sports,low,morning
66,2026-03-15 11:47:00,lab,stage,cultural,low,afternoon
74,2026-03-15 11:47:00,stage,lab,cultural,high,evening
98,2026-03-15 11:47:00,canteen,lab,sports,medium,evening
144,2026-03-15 11:47:00,stage,stage,technical,high,evening
112,2026-03-15 11:47:00,stage,stage,cultural,medium,afternoon
179,2026-03-15 11:47:00,lab,lab,cultural,low,evening
125,2026-03-15 11:47:00,stage,canteen,cultural,high,morning
167,2026-03-15 11:47:00,stage,lab,sports,medium,morning
86,2026-03-15 11:47:00,lab,lab,sports,medium,afternoon
76,2026-03-15 11:48:00,lab,lab,cultural,low,evening
88,2026-03-15 11:48:00,lab,stage,technical,high,morning
168,2026-03-15 11:48:00,lab,lab,sports,high,evening
38,2026-03-15 11:48:00,canteen,lab,technical,high,morning
188,2026-03-15 11:48:00,canteen,lab,technical,high,afternoon
59,2026-03-15 11:48:00,canteen,lab,sports,high,morning
138,2026-03-15 11:48:00,stage,canteen,cultural,high,morning
99,2026-03-15 11:48:00,lab,canteen,technical,high,morning
192,2026-03-15 11:48:00,lab,lab,cultural,low,afternoon
63,2026-03-15 11:48:00,canteen,lab,technical,medium,morning
49,2026-03-15 11:48:00,stage,canteen,cultural,low,afternoon
192,2026-03-15 11:49:00,stage,lab,sports,medium,afternoon
32,2026-03-15 11:49:00,stage,canteen,technical,medium,morning
135,2026-03-15 11:49:00,canteen,stage,technical,medium,evening
21,2026-03-15 11:49:00,stage,canteen,technical,high,morning
20,2026-03-15 11:49:00,stage,canteen,cultural,high,afternoon
154,2026-03-15 11:49:00,stage,canteen,technical,medium,evening
127,2026-03-15 11:49:00,lab,canteen,technical,medium,morning
68,2026-03-15 11:49:00,canteen,lab,cultural,high,morning
110,2026-03-15 11:49:00,lab,lab,cultural,high,morning
116,2026-03-15 11:49:00,lab,canteen,sports,medium,morning
143,2026-03-15 11:49:00,canteen,stage,cultural,medium,morning
120,2026-03-15 11:49:00,lab,lab,technical,low,evening
79,2026-03-15 11:49:00,stage,lab,technical,high,morning
116,2026-03-15 11:49:00,stage,canteen,sports,high,afternoon
92,2026-03-15 11:49:00,stage,stage,sports,medium,afternoon
14,2026-03-15 11:49:00,stage,stage,technical,low,evening
155,2026-03-15 11:49:00,canteen,canteen,cultural,high,afternoon
125,2026-03-15 11:49:00,lab,stage,technical,low,evening
168,2026-03-15 11:50:00,lab,lab,sports,low,afternoon
58,2026-03-15 11:50:00,stage,lab,technical,high,evening
28,2026-03-15 11:50:00,stage,canteen,technical,medium,morning
26,2026-03-15 11:50:00,lab,canteen,technical,low,afternoon
113,2026-03-15 11:50:00,canteen,stage,sports,medium,afternoon
191,2026-03-15 11:50:00,lab,lab,sports,high,evening
66,2026-03-15 11:50:00,stage,canteen,sports,low,evening
153,2026-03-15 11:50:00,stage,canteen,cultural,medium,evening
131,2026-03-15 11:50:00,canteen,canteen,sports,low,afternoon
200,2026-03-15 11:50:00,lab,lab,cultural,low,evening
44,2026-03-15 11:50:00,canteen,canteen,cultural,low,morning
97,2026-03-15 11:50:00,canteen,canteen,sports,high,evening
42,2026-03-15 11:50:00,stage,canteen,cultural,medium,morning
6,2026-03-15 11:50:00,lab,lab,cultural,low,morning
167,2026-03-15 11:50:00,stage,canteen,technical,medium,evening
180,2026-03-15 11:51:00,lab,stage,cultural,high,morning
23,2026-03-15 11:51:00,stage,canteen,cultural,low,morning
89,2026-03-15 11:51:00,stage,canteen,sports,low,morning
123,2026-03-15 11:51:00,lab,lab,technical,low,evening
178,2026-03-15 11:51:00,lab,lab,cultural,medium,evening
171,2026-03-15 11:51:00,stage,stage,cultural,medium,morning
147,2026-03-15 11:51:00,lab,canteen,cultural,low,afternoon
197,2026-03-15 11:51:00,stage,canteen,sports,medium,morning
51,2026-03-15 11:51:00,lab,canteen,sports,medium,evening
11,2026-03-15 11:51:00,stage,canteen,technical,low,morning
12,2026-03-15 11:51:00,stage,canteen,cultural,low,morning
74,2026-03-15 11:51:00,stage,canteen,technical,low,evening
8,2026-03-15 11:51:00,canteen,lab,sports,high,evening
152,2026-03-15 11:51:00,lab,lab,cultural,low,afternoon
41,2026-03-15 11:51:00,stage,lab,cultural,low,morning
164,2026-03-15 11:52:00,canteen,lab,technical,low,morning
85,2026-03-15 11:52:00,stage,lab,cultural,low,morning
72,2026-03-15 11:52:00,canteen,lab,sports,low,afternoon
55,2026-03-15 11:52:00,stage,canteen,technical,low,afternoon
137,2026-03-15 11:52:00,stage,canteen,technical,low,morning
47,2026-03-15 11:52:00,canteen,stage,cultural,low,evening
143,2026-03-15 11:52:00,canteen,lab,sports,high,morning
176,2026-03-15 11:52:00,lab,lab,cultural,medium,morning
104,2026-03-15 11:52:00,lab,stage,technical,high,morning
42,2026-03-15 11:52:00,canteen,lab,technical,high,evening
60,2026-03-15 11:52:00,lab,lab,sports,low,afternoon
198,2026-03-15 11:52:00,canteen,lab,technical,low,afternoon
12,2026-03-15 11:52:00,lab,lab,sports,low,morning
130,2026-03-15 11:52:00,stage,lab,cultural,low,morning
7,2026-03-15 11:52:00,lab,canteen,sports,medium,morning
80,2026-03-15 11:52:00,stage,canteen,cultural,medium,evening
131,2026-03-15 11:52:00,stage,canteen,cultural,high,morning
109,2026-03-15 11:52:00,lab,canteen,technical,medium,evening
3,2026-03-15 11:53:00,canteen,stage,cultural,high,morning
27,2026-03-15 11:53:00,stage,canteen,technical,low,morning
114,2026-03-15 11:53:00,stage,lab,sports,high,morning
107,2026-03-15 11:53:00,lab,lab,sports,high,afternoon
40,2026-03-15 11:53:00,canteen,canteen,cultural,medium,morning
161,2026-03-15 11:53:00,canteen,canteen,sports,high,morning
129,2026-03-15 11:53:00,lab,canteen,cultural,low,morning
8,2026-03-15 11:53:00,canteen,stage,sports,low,morning
101,2026-03-15 11:53:00,lab,lab,cultural,low,evening
160,2026-03-15 11:53:00,lab,stage,cultural,low,evening
124,2026-03-15 11:53:00,lab,stage,sports,medium,morning
176,2026-03-15 11:53:00,stage,lab,sports,high,evening
107,2026-03-15 11:53:00,stage,stage,sports,high,morning
101,2026-03-15 11:53:00,stage,lab,sports,high,morning
4,2026-03-15 11:54:00,lab,canteen,cultural,high,evening
198,2026-03-15 11:54:00,stage,lab,cultural,low,evening
110,2026-03-15 11:54:00,stage,stage,sports,medium,morning
19,2026-03-15 11:54:00,stage,canteen,sports,high,afternoon
32,2026-03-15 11:54:00,lab,canteen,technical,high,morning
137,2026-03-15 11:54:00,lab,lab,cultural,medium,morning
12,2026-03-15 11:54:00,lab,canteen,cultural,high,afternoon
139,2026-03-15 11:54:00,stage,canteen,sports,medium,evening
46,2026-03-15 11:54:00,canteen,lab,technical,high,afternoon
119,2026-03-15 11:54:00,stage,canteen,sports,medium,morning
16,2026-03-15 11:54:00,stage,stage,cultural,high,evening
129,2026-03-15 11:54:00,lab,canteen,cultural,low,afternoon
63,2026-03-15 11:55:00,lab,lab,technical,high,afternoon
109,2026-03-15 11:55:00,stage,canteen,sports,low,morning
119,2026-03-15 11:55:00,stage,canteen,technical,medium,afternoon
21,2026-03-15 11:55:00,canteen,stage,sports,low,morning
158,2026-03-15 11:55:00,canteen,lab,technical,high,evening
13,2026-03-15 11:55:00,lab,lab,sports,low,afternoon
162,2026-03-15 11:55:00,canteen,canteen,sports,low,evening
4,2026-03-15 11:55:00,canteen,canteen,sports,high,evening
156,2026-03-15 11:56:00,lab,stage,cultural,medium,morning
102,2026-03-15 11:56:00,canteen,stage,sports,low,afternoon
59,2026-03-15 11:56:00,stage,canteen,cultural,high,evening
128,2026-03-15 11:56:00,canteen,canteen,technical,low,afternoon
27,2026-03-15 11:56:00,lab,canteen,sports,medium,afternoon
69,2026-03-15 11:56:00,stage,lab,cultural,medium,afternoon
25,2026-03-15 11:56:00,canteen,stage,technical,medium,afternoon
131,2026-03-15 11:56:00,stage,canteen,sports,low,evening
97,2026-03-15 11:56:00,stage,canteen,technical,high,afternoon
196,2026-03-15 11:56:00,canteen,canteen,cultural,medium,morning
25,2026-03-15 11:56:00,canteen,lab,cultural,high,morning
148,2026-03-15 11:57:00,lab,canteen,sports,medium,afternoon
162,2026-03-15 11:57:00,lab,stage,cultural,low,afternoon
154,2026-03-15 11:57:00,stage,canteen,cultural,low,morning
126,2026-03-15 11:57:00,lab,canteen,technical,medium,afternoon
133,2026-03-15 11:57:00,stage,stage,sports,high,evening
189,2026-03-15 11:57:00,stage,canteen,sports,high,afternoon
9,2026-03-15 11:57:00,lab,canteen,sports,medium,afternoon
116,2026-03-15 11:57:00,lab,lab,technical,low,evening
178,2026-03-15 11:57:00,lab,stage,cultural,high,afternoon
134,2026-03-15 11:57:00,canteen,canteen,sports,high,evening
60,2026-03-15 11:57:00,stage,canteen,sports,low,evening
172,2026-03-15 11:57:00,stage,canteen,technical,high,morning
121,2026-03-15 11:57:00,stage,lab,technical,medium,morning
139,2026-03-15 11:57:00,lab,stage,sports,low,afternoon
194,2026-03-15 11:57:00,lab,lab,sports,medium,morning
175,2026-03-15 11:57:00,lab,lab,technical,low,afternoon
108,2026-03-15 11:57:00,lab,lab,technical,medium,afternoon
108,2026-03-15 11:58:00,lab,canteen,technical,medium,morning
131,2026-03-15 11:58:00,canteen,canteen,technical,medium,morning
76,2026-03-15 11:58:00,lab,lab,cultural,high,afternoon
30,2026-03-15 11:58:00,stage,lab,cultural,high,afternoon
21,2026-03-15 11:58:00,lab,canteen,sports,medium,afternoon
156,2026-03-15 11:58:00,stage,canteen,cultural,medium,evening
190,2026-03-15 11:58:00,lab,canteen,technical,low,afternoon
161,2026-03-15 11:58:00,lab,lab,sports,high,afternoon
163,2026-03-15 11:58:00,stage,canteen,technical,medium,afternoon
180,2026-03-15 11:58:00,stage,canteen,cultural,high,morning
34,2026-03-15 11:58:00,stage,canteen,technical,low,morning
41,2026-03-15 11:58:00,stage,lab,sports,medium,evening
51,2026-03-15 11:58:00,canteen,lab,cultural,high,afternoon
175,2026-03-15 11:58:00,stage,canteen,sports,low,afternoon
82,2026-03-15 11:58:00,lab,lab,cultural,medium,afternoon
58,2026-03-15 11:58:00,lab,lab,technical,high,afternoon
75,2026-03-15 11:58:00,canteen,lab,sports,low,afternoon
185,2026-03-15 11:58:00,stage,canteen,cultural,low,afternoon
23,2026-03-15 11:59:00,lab,lab,cultural,high,morning
176,2026-03-15 11:59:00,canteen,canteen,cultural,medium,evening
128,2026-03-15 11:59:00,lab,canteen,cultural,high,morning
150,2026-03-15 11:59:00,canteen,lab,technical,low,morning
17,2026-03-15 11:59:00,canteen,canteen,technical,low,morning
69,2026-03-15 11:59:00,stage,canteen,cultural,medium,evening
108,2026-03-15 11:59:00,canteen,canteen,technical,high,afternoon
139,2026-03-15 11:59:00,lab,lab,technical,medium,evening
94,2026-03-15 11:59:00,lab,canteen,cultural,medium,morning
15,2026-03-15 11:59:00,stage,canteen,technical,low,morning
91,2026-03-15 11:59:00,stage,canteen,sports,high,morning
163,2026-03-15 11:59:00,canteen,lab,sports,high,morning
33,2026-03-15 11:59:00,stage,lab,technical,low,afternoon
125,2026-03-15 11:59:00,lab,canteen,cultural,low,morning
16,2026-03-15 11:59:00,lab,canteen,sports,high,morning
162,2026-03-15 12:00:00,stage,canteen,technical,medium,afternoon
66,2026-03-15 12:00:00,stage,canteen,technical,medium,morning
168,2026-03-15 12:00:00,stage,canteen,cultural,high,afternoon
156,2026-03-15 12:00:00,canteen,lab,cultural,medium,evening
47,2026-03-15 12:00:00,canteen,canteen,technical,medium,afternoon
167,2026-03-15 12:00:00,lab,canteen,cultural,low,morning
198,2026-03-15 12:00:00,canteen,canteen,sports,medium,afternoon
148,2026-03-15 12:00:00,canteen,stage,sports,low,morning
124,2026-03-15 12:00:00,canteen,lab,technical,medium,morning
1,2026-03-15 12:00:00,canteen,stage,technical,high,evening
200,2026-03-15 12:00:00,lab,lab,cultural,low,morning
87,2026-03-15 12:00:00,stage,lab,sports,high,morning
128,2026-03-15 12:00:00,lab,lab,cultural,low,morning
191,2026-03-15 12:01:00,canteen,lab,technical,medium,afternoon
67,2026-03-15 12:01:00,stage,canteen,technical,high,morning
4,2026-03-15 12:01:00,stage,lab,technical,low,morning
186,2026-03-15 12:01:00,stage,canteen,technical,high,morning
153,2026-03-15 12:01:00,lab,stage,technical,high,evening
47,2026-03-15 12:01:00,stage,lab,technical,medium,evening
38,2026-03-15 12:01:00,lab,stage,cultural,low,afternoon
143,2026-03-15 12:01:00,lab,lab,cultural,medium,evening
191,2026-03-15 12:01:00,canteen,lab,cultural,high,evening
21,2026-03-15 12:01:00,canteen,lab,sports,low,afternoon
57,2026-03-15 12:01:00,stage,canteen,cultural,high,evening
117,2026-03-15 12:02:00,stage,canteen,technical,high,morning
181,2026-03-15 12:02:00,canteen,stage,cultural,low,morning
46,2026-03-15 12:02:00,lab,lab,cultural,high,morning
142,2026-03-15 12:02:00,lab,stage,sports,low,evening
145,2026-03-15 12:02:00,canteen,lab,technical,low,afternoon
39,2026-03-15 12:02:00,lab,canteen,sports,low,evening
137,2026-03-15 12:02:00,canteen,stage,sports,high,afternoon
99,2026-03-15 12:02:00,canteen,canteen,sports,medium,morning
77,2026-03-15 12:02:00,stage,canteen,cultural,high,afternoon
115,2026-03-15 12:02:00,stage,canteen,technical,high,morning
134,2026-03-15 12:02:00,canteen,stage,technical,low,evening
151,2026-03-15 12:02:00,stage,canteen,sports,medium,evening
187,2026-03-15 12:02:00,canteen,lab,technical,low,afternoon
91,2026-03-15 12:02:00,lab,canteen,technical,high,evening
98,2026-03-15 12:02:00,lab,canteen,sports,medium,afternoon
120,2026-03-15 12:02:00,lab,lab,cultural,low,evening
46,2026-03-15 12:02:00,lab,stage,sports,high,evening
38,2026-03-15 12:03:00,canteen,stage,sports,high,evening
142,2026-03-15 12:03:00,lab,canteen,cultural,medium,afternoon
100,2026-03-15 12:03:00,lab,canteen,cultural,high,afternoon
72,2026-03-15 12:03:00,lab,canteen,cultural,high,afternoon
190,2026-03-15 12:03:00,lab,canteen,cultural,high,evening
35,2026-03-15 12:03:00,canteen,lab,sports,high,morning
147,2026-03-15 12:03:00,lab,stage,cultural,medium,afternoon
30,2026-03-15 12:03:00,stage,canteen,technical,high,morning
78,2026-03-15 12:03:00,stage,canteen,sports,high,afternoon
84,2026-03-15 12:03:00,stage,canteen,sports,high,afternoon
113,2026-03-15 12:03:00,stage,lab,cultural,medium,morning
25,2026-03-15 12:03:00,stage,canteen,cultural,medium,morning
168,2026-03-15 12:03:00,stage,lab,technical,low,evening
88,2026-03-15 12:03:00,canteen,canteen,cultural,medium,morning
14,2026-03-15 12:03:00,stage,stage,sports,high,afternoon
154,2026-03-15 12:04:00,lab,stage,cultural,medium,morning
102,2026-03-15 12:04:00,stage,canteen,technical,medium,morning
150,2026-03-15 12:04:00,canteen,canteen,sports,medium,morning
176,2026-03-15 12:04:00,stage,stage,sports,high,morning
83,2026-03-15 12:04:00,lab,canteen,cultural,low,evening
110,2026-03-15 12:04:00,lab,canteen,technical,low,afternoon
179,2026-03-15 12:04:00,canteen,stage,technical,low,afternoon
131,2026-03-15 12:04:00,canteen,canteen,cultural,low,afternoon
170,2026-03-15 12:04:00,canteen,lab,sports,medium,evening
19,2026-03-15 12:04:00,canteen,canteen,sports,low,morning
28,2026-03-15 12:04:00,stage,canteen,sports,medium,afternoon
173,2026-03-15 12:04:00,stage,canteen,cultural,medium,afternoon
71,2026-03-15 12:04:00,lab,canteen,sports,low,morning
63,2026-03-15 12:04:00,canteen,stage,sports,high,afternoon
73,2026-03-15 12:05:00,canteen,canteen,cultural,low,morning
124,2026-03-15 12:05:00,stage,canteen,sports,low,evening
119,2026-03-15 12:05:00,canteen,canteen,cultural,medium,afternoon
121,2026-03-15 12:05:00,lab,canteen,technical,medium,afternoon
19,2026-03-15 12:05:00,lab,stage,technical,low,morning
175,2026-03-15 12:05:00,canteen,lab,cultural,low,evening
142,2026-03-15 12:05:00,lab,canteen,cultural,high,afternoon
120,2026-03-15 12:05:00,lab,lab,cultural,high,morning
166,2026-03-15 12:05:00,stage,canteen,sports,high,evening
181,2026-03-15 12:05:00,lab,lab,sports,medium,morning
61,2026-03-15 12:05:00,canteen,canteen,cultural,high,afternoon
164,2026-03-15 12:05:00,canteen,canteen,cultural,medium,afternoon
168,2026-03-15 12:05:00,lab,lab,sports,medium,afternoon
30,2026-03-15 12:05:00,canteen,lab,sports,low,morning
9,2026-03-15 12:05:00,stage,stage,cultural,high,evening
64,2026-03-15 12:05:00,lab,stage,sports,low,afternoon
161,2026-03-15 12:05:00,lab,lab,sports,low,afternoon
120,2026-03-15 12:05:00,lab,lab,technical,medium,morning
52,2026-03-15 12:05:00,canteen,canteen,cultural,high,afternoon
89,2026-03-15 12:06:00,canteen,lab,cultural,low,morning
142,2026-03-15 12:06:00,lab,lab,sports,medium,afternoon
53,2026-03-15 12:06:00,canteen,canteen,technical,low,evening
187,2026-03-15 12:06:00,canteen,lab,cultural,high,afternoon
78,2026-03-15 12:06:00,lab,stage,cultural,medium,morning
41,2026-03-15 12:06:00,lab,lab,sports,high,afternoon
196,2026-03-15 12:06:00,canteen,lab,cultural,low,morning
68,2026-03-15 12:06:00,lab,lab,sports,medium,morning
8,2026-03-15 12:06:00,lab,canteen,technical,low,morning
2,2026-03-15 12:06:00,lab,stage,technical,low,evening
105,2026-03-15 12:06:00,lab,canteen,cultural,high,evening
125,2026-03-15 12:06:00,canteen,lab,sports,medium,afternoon
110,2026-03-15 12:06:00,lab,lab,technical,low,morning
86,2026-03-15 12:06:00,stage,canteen,cultural,high,evening
169,2026-03-15 12:06:00,lab,lab,cultural,high,morning
120,2026-03-15 12:06:00,stage,lab,cultural,medium,afternoon
127,2026-03-15 12:06:00,lab,stage,sports,low,morning
183,2026-03-15 12:06:00,stage,canteen,sports,medium,evening
16,2026-03-15 12:06:00,stage,lab,technical,medium,evening
62,2026-03-15 12:06:00,lab,canteen,sports,low,morning
113,2026-03-15 12:07:00,lab,lab,sports,medium,morning
176,2026-03-15 12:07:00,lab,canteen,cultural,medium,morning
158,2026-03-15 12:07:00,stage,lab,cultural,medium,morning
12,2026-03-15 12:07:00,canteen,stage,technical,high,morning
35,2026-03-15 12:07:00,canteen,canteen,cultural,low,morning
11,2026-03-15 12:07:00,lab,stage,cultural,medium,afternoon
64,2026-03-15 12:07:00,canteen,stage,cultural,high,afternoon
50,2026-03-15 12:07:00,canteen,canteen,sports,high,evening
149,2026-03-15 12:07:00,lab,stage,cultural,medium,morning
69,2026-03-15 12:07:00,stage,lab,technical,low,afternoon
48,2026-03-15 12:07:00,lab,lab,technical,high,morning
20,2026-03-15 12:07:00,canteen,canteen,cultural,medium,evening
101,2026-03-15 12:08:00,stage,canteen,cultural,low,afternoon
195,2026-03-15 12:08:00,canteen,canteen,technical,low,morning
172,2026-03-15 12:08:00,stage,lab,sports,medium,morning
161,2026-03-15 12:08:00,canteen,lab,cultural,high,morning
189,2026-03-15 12:08:00,lab,stage,technical,low,morning
137,2026-03-15 12:08:00,canteen,lab,sports,low,morning
68,2026-03-15 12:08:00,canteen,lab,technical,low,morning
35,2026-03-15 12:08:00,stage,canteen,sports,low,evening
65,2026-03-15 12:08:00,canteen,lab,technical,high,morning
8,2026-03-15 12:08:00,lab,lab,technical,high,morning
45,2026-03-15 12:08:00,lab,canteen,sports,medium,afternoon
87,2026-03-15 12:08:00,lab,lab,cultural,medium,morning
175,2026-03-15 12:08:00,stage,lab,technical,high,morning
168,2026-03-15 12:09:00,stage,canteen,cultural,medium,afternoon
76,2026-03-15 12:09:00,canteen,canteen,technical,low,afternoon
182,2026-03-15 12:09:00,canteen,stage,sports,high,morning
76,2026-03-15 12:09:00,canteen,lab,cultural,low,evening
174,2026-03-15 12:09:00,stage,canteen,sports,high,afternoon
47,2026-03-15 12:09:00,stage,stage,sports,high,afternoon
15,2026-03-15 12:09:00,canteen,lab,cultural,medium,morning
105,2026-03-15 12:09:00,stage,canteen,cultural,high,afternoon
147,2026-03-15 12:09:00,stage,lab,cultural,medium,morning
26,2026-03-15 12:09:00,lab,stage,sports,high,evening
52,2026-03-15 12:09:00,lab,canteen,sports,low,evening
93,2026-03-15 12:09:00,canteen,lab,sports,low,morning
150,2026-03-15 12:09:00,canteen,canteen,cultural,low,evening
21,2026-03-15 12:10:00,lab,lab,technical,low,morning
51,2026-03-15 12:10:00,stage,lab,cultural,low,afternoon
38,2026-03-15 12:10:00,canteen,canteen,technical,low,afternoon
20,2026-03-15 12:10:00,canteen,lab,sports,high,morning
157,2026-03-15 12:10:00,canteen,stage,technical,medium,morning
179,2026-03-15 12:10:00,stage,canteen,cultural,high,afternoon
132,2026-03-15 12:10:00,lab,stage,cultural,low,morning
55,2026-03-15 12:10:00,canteen,canteen,cultural,low,afternoon
199,2026-03-15 12:10:00,lab,canteen,technical,high,morning
92,2026-03-15 12:10:00,lab,lab,cultural,medium,afternoon
28,2026-03-15 12:10:00,stage,canteen,technical,medium,evening
4,2026-03-15 12:10:00,stage,canteen,sports,medium,evening
150,2026-03-15 12:10:00,stage,canteen,technical,medium,afternoon
76,2026-03-15 12:10:00,stage,stage,sports,low,afternoon
173,2026-03-15 12:10:00,stage,canteen,technical,low,afternoon
67,2026-03-15 12:11:00,stage,canteen,sports,medium,afternoon
86,2026-03-15 12:11:00,canteen,lab,cultural,high,afternoon
194,2026-03-15 12:11:00,lab,lab,technical,high,evening
162,2026-03-15 12:11:00,stage,canteen,sports,low,afternoon
91,2026-03-15 12:11:00,canteen,lab,cultural,high,morning
183,2026-03-15 12:11:00,lab,lab,cultural,low,evening
105,2026-03-15 12:11:00,stage,lab,sports,low,afternoon
1,2026-03-15 12:11:00,stage,canteen,sports,medium,morning
72,2026-03-15 12:11:00,canteen,lab,technical,medium,evening
87,2026-03-15 12:11:00,lab,lab,sports,medium,morning
166,2026-03-15 12:11:00,stage,lab,sports,medium,afternoon
6,2026-03-15 12:11:00,lab,canteen,cultural,medium,morning
153,2026-03-15 12:11:00,canteen,canteen,sports,medium,morning
145,2026-03-15 12:11:00,stage,canteen,sports,high,evening
61,2026-03-15 12:11:00,lab,canteen,sports,medium,morning
12,2026-03-15 12:12:00,canteen,stage,cultural,medium,morning
6,2026-03-15 12:12:00,canteen,stage,cultural,low,evening
27,2026-03-15 12:12:00,stage,canteen,cultural,low,afternoon
136,2026-03-15 12:12:00,lab,canteen,cultural,medium,morning
124,2026-03-15 12:12:00,stage,canteen,technical,low,afternoon
106,2026-03-15 12:13:00,stage,canteen,cultural,high,evening
193,2026-03-15 12:13:00,lab,stage,cultural,high,afternoon
185,2026-03-15 12:13:00,lab,lab,technical,high,morning
93,2026-03-15 12:13:00,lab,lab,technical,high,morning
109,2026-03-15 12:13:00,canteen,lab,technical,medium,afternoon
99,2026-03-15 12:13:00,canteen,canteen,sports,high,afternoon
168,2026-03-15 12:13:00,lab,lab,cultural,high,morning
142,2026-03-15 12:13:00,canteen,canteen,sports,high,evening
35,2026-03-15 12:13:00,stage,canteen,technical,high,morning
176,2026-03-15 12:13:00,lab,canteen,technical,low,morning
84,2026-03-15 12:13:00,stage,canteen,technical,high,afternoon
56,2026-03-15 12:13:00,lab,lab,technical,high,morning
177,2026-03-15 12:13:00,stage,canteen,sports,low,afternoon
141,2026-03-15 12:14:00,lab,stage,technical,low,evening
189,2026-03-15 12:14:00,stage,canteen,cultural,medium,morning
49,2026-03-15 12:14:00,lab,canteen,cultural,low,evening
46,2026-03-15 12:14:00,lab,stage,cultural,low,evening
113,2026-03-15 12:14:00,canteen,canteen,sports,low,morning
190,2026-03-15 12:14:00,stage,canteen,technical,high,afternoon
136,2026-03-15 12:14:00,canteen,lab,sports,medium,afternoon
43,2026-03-15 12:14:00,stage,stage,cultural,medium,morning
148,2026-03-15 12:14:00,canteen,canteen,technical,high,afternoon
124,2026-03-15 12:15:00,lab,lab,sports,medium,afternoon
97,2026-03-15 12:15:00,canteen,lab,technical,high,evening
90,2026-03-15 12:15:00,canteen,canteen,technical,low,afternoon
39,2026-03-15 12:15:00,lab,lab,sports,high,afternoon
85,2026-03-15 12:15:00,canteen,canteen,cultural,high,morning
177,2026-03-15 12:15:00,lab,canteen,sports,low,evening
192,2026-03-15 12:15:00,stage,lab,sports,low,afternoon
62,2026-03-15 12:15:00,canteen,lab,cultural,medium,morning
106,2026-03-15 12:15:00,lab,canteen,sports,high,afternoon
107,2026-03-15 12:15:00,lab,stage,technical,low,evening
54,2026-03-15 12:15:00,canteen,canteen,cultural,medium,evening
126,2026-03-15 12:15:00,stage,stage,sports,high,evening
9,2026-03-15 12:16:00,canteen,stage,technical,low,evening
88,2026-03-15 12:16:00,lab,canteen,cultural,low,evening
37,2026-03-15 12:16:00,stage,lab,sports,high,evening
49,2026-03-15 12:16:00,canteen,lab,cultural,low,morning
41,2026-03-15 12:16:00,lab,canteen,technical,high,evening
17,2026-03-15 12:16:00,canteen,lab,technical,high,afternoon
88,2026-03-15 12:16:00,stage,stage,cultural,high,afternoon
21,2026-03-15 12:16:00,stage,canteen,technical,low,afternoon
51,2026-03-15 12:16:00,stage,stage,technical,low,afternoon
59,2026-03-15 12:16:00,stage,lab,cultural,high,evening
167,2026-03-15 12:17:00,stage,stage,cultural,medium,evening
183,2026-03-15 12:17:00,canteen,lab,sports,high,morning
41,2026-03-15 12:17:00,stage,canteen,sports,high,evening
39,2026-03-15 12:17:00,stage,canteen,cultural,high,afternoon
141,2026-03-15 12:17:00,lab,stage,technical,medium,morning
192,2026-03-15 12:17:00,stage,canteen,technical,low,morning
11,2026-03-15 12:17:00,lab,lab,cultural,low,morning
147,2026-03-15 12:17:00,lab,lab,cultural,high,morning
139,2026-03-15 12:17:00,lab,canteen,cultural,high,evening
77,2026-03-15 12:17:00,canteen,lab,technical,low,morning
127,2026-03-15 12:17:00,canteen,canteen,sports,high,evening
46,2026-03-15 12:18:00,lab,lab,sports,low,morning
45,2026-03-15 12:18:00,canteen,lab,technical,medium,evening
1,2026-03-15 12:18:00,stage,canteen,sports,high,evening
168,2026-03-15 12:18:00,canteen,canteen,cultural,low,afternoon
108,2026-03-15 12:18:00,stage,canteen,cultural,low,evening
19,2026-03-15 12:18:00,stage,canteen,technical,medium,morning
76,2026-03-15 12:18:00,canteen,stage,technical,high,morning
72,2026-03-15 12:18:00,canteen,canteen,cultural,medium,evening
200,2026-03-15 12:18:00,lab,lab,cultural,low,evening
189,2026-03-15 12:18:00,canteen,lab,technical,low,evening
109,2026-03-15 12:18:00,canteen,stage,technical,medium,evening
12,2026-03-15 12:18:00,canteen,lab,cultural,medium,afternoon
189,2026-03-15 12:18:00,stage,canteen,cultural,medium,afternoon
161,2026-03-15 12:18:00,stage,canteen,sports,high,afternoon
45,2026-03-15 12:18:00,stage,canteen,sports,low,afternoon
90,2026-03-15 12:18:00,lab,lab,cultural,high,afternoon
103,2026-03-15 12:18:00,lab,canteen,technical,high,evening
197,2026-03-15 12:18:00,lab,canteen,sports,medium,afternoon
8,2026-03-15 12:18:00,stage,canteen,sports,high,afternoon
153,2026-03-15 12:18:00,canteen,canteen,cultural,high,evening
91,2026-03-15 12:19:00,lab,lab,technical,medium,evening
174,2026-03-15 12:19:00,lab,stage,technical,medium,morning
87,2026-03-15 12:19:00,stage,lab,cultural,medium,morning
158,2026-03-15 12:19:00,lab,lab,technical,low,morning
175,2026-03-15 12:19:00,canteen,lab,cultural,low,afternoon
177,2026-03-15 12:19:00,stage,canteen,technical,high,evening
175,2026-03-15 12:19:00,stage,canteen,cultural,high,morning
84,2026-03-15 12:19:00,canteen,stage,technical,low,morning
82,2026-03-15 12:19:00,canteen,lab,cultural,high,afternoon
146,2026-03-15 12:19:00,canteen,stage,cultural,medium,morning
194,2026-03-15 12:19:00,lab,stage,technical,low,evening
68,2026-03-15 12:19:00,canteen,lab,cultural,high,evening
161,2026-03-15 12:19:00,stage,canteen,sports,high,morning
127,2026-03-15 12:19:00,canteen,stage,technical,high,evening
164,2026-03-15 12:19:00,stage,lab,cultural,low,morning
82,2026-03-15 12:19:00,stage,lab,technical,low,morning
147,2026-03-15 12:19:00,lab,lab,technical,low,evening
156,2026-03-15 12:20:00,canteen,canteen,cultural,medium,evening
168,2026-03-15 12:20:00,lab,lab,sports,high,afternoon
84,2026-03-15 12:20:00,canteen,canteen,technical,high,afternoon
113,2026-03-15 12:20:00,canteen,canteen,sports,medium,morning
76,2026-03-15 12:20:00,canteen,lab,sports,low,evening
122,2026-03-15 12:20:00,canteen,lab,cultural,low,morning
143,2026-03-15 12:20:00,canteen,lab,cultural,low,afternoon
41,2026-03-15 12:20:00,stage,canteen,technical,medium,morning
167,2026-03-15 12:20:00,stage,canteen,cultural,high,evening
2,2026-03-15 12:20:00,canteen,canteen,technical,medium,evening
191,2026-03-15 12:20:00,stage,canteen,technical,high,afternoon
29,2026-03-15 12:20:00,lab,canteen,sports,high,morning
105,2026-03-15 12:20:00,lab,canteen,cultural,high,morning
194,2026-03-15 12:20:00,lab,lab,cultural,medium,evening
51,2026-03-15 12:20:00,canteen,lab,technical,low,afternoon
75,2026-03-15 12:20:00,canteen,lab,sports,low,evening
10,2026-03-15 12:20:00,stage,lab,cultural,medium,evening
142,2026-03-15 12:20:00,stage,stage,sports,high,afternoon
51,2026-03-15 12:20:00,stage,stage,sports,medium,evening
118,2026-03-15 12:21:00,lab,lab,technical,low,morning
121,2026-03-15 12:21:00,lab,canteen,cultural,medium,morning
39,2026-03-15 12:21:00,lab,lab,cultural,high,morning
28,2026-03-15 12:21:00,lab,stage,cultural,low,evening
3,2026-03-15 12:21:00,stage,canteen,sports,high,afternoon
84,2026-03-15 12:21:00,canteen,lab,cultural,medium,afternoon
198,2026-03-15 12:22:00,canteen,lab,technical,high,afternoon
155,2026-03-15 12:22:00,lab,lab,sports,medium,afternoon
117,2026-03-15 12:22:00,canteen,canteen,cultural,low,afternoon
2,2026-03-15 12:22:00,canteen,canteen,sports,low,evening
93,2026-03-15 12:22:00,canteen,lab,sports,low,afternoon
166,2026-03-15 12:22:00,lab,canteen,sports,high,morning
131,2026-03-15 12:22:00,stage,canteen,technical,medium,evening
144,2026-03-15 12:22:00,stage,lab,cultural,medium,morning
94,2026-03-15 12:22:00,canteen,lab,cultural,medium,afternoon
40,2026-03-15 12:22:00,stage,lab,sports,high,afternoon
2,2026-03-15 12:22:00,stage,canteen,cultural,medium,morning
81,2026-03-15 12:22:00,lab,canteen,sports,low,morning
169,2026-03-15 12:23:00,lab,lab,sports,medium,evening
12,2026-03-15 12:23:00,canteen,stage,sports,high,afternoon
163,2026-03-15 12:23:00,canteen,lab,technical,low,afternoon
65,2026-03-15 12:23:00,canteen,stage,cultural,low,afternoon
55,2026-03-15 12:23:00,lab,lab,sports,high,morning
45,2026-03-15 12:23:00,stage,canteen,cultural,low,afternoon
101,2026-03-15 12:23:00,lab,stage,technical,medium,evening
62,2026-03-15 12:23:00,lab,canteen,technical,high,evening
49,2026-03-15 12:23:00,stage,canteen,sports,medium,morning
127,2026-03-15 12:23:00,stage,canteen,technical,high,morning
153,2026-03-15 12:23:00,canteen,canteen,technical,high,evening
23,2026-03-15 12:23:00,stage,lab,technical,high,morning
152,2026-03-15 12:23:00,stage,canteen,technical,medium,morning
38,2026-03-15 12:23:00,stage,canteen,technical,high,afternoon
28,2026-03-15 12:24:00,stage,stage,technical,low,evening
21,2026-03-15 12:24:00,canteen,lab,cultural,medium,afternoon
182,2026-03-15 12:24:00,canteen,stage,technical,high,evening
107,2026-03-15 12:24:00,stage,canteen,cultural,high,afternoon
146,2026-03-15 12:24:00,stage,lab,sports,medium,evening
164,2026-03-15 12:24:00,canteen,stage,technical,low,evening
99,2026-03-15 12:24:00,canteen,canteen,technical,low,evening
173,2026-03-15 12:24:00,stage,canteen,cultural,high,morning
119,2026-03-15 12:24:00,lab,lab,technical,high,afternoon
73,2026-03-15 12:24:00,canteen,lab,cultural,low,morning
181,2026-03-15 12:25:00,canteen,lab,cultural,high,morning
122,2026-03-15 12:25:00,canteen,lab,technical,low,evening
30,2026-03-15 12:25:00,stage,canteen,sports,low,evening
188,2026-03-15 12:25:00,stage,canteen,sports,low,morning
108,2026-03-15 12:25:00,canteen,canteen,sports,low,morning
98,2026-03-15 12:25:00,stage,canteen,cultural,high,morning
32,2026-03-15 12:25:00,stage,canteen,cultural,medium,evening
195,2026-03-15 12:25:00,canteen,lab,technical,medium,evening
195,2026-03-15 12:25:00,stage,canteen,cultural,low,evening
156,2026-03-15 12:25:00,lab,canteen,sports,high,afternoon
172,2026-03-15 12:25:00,stage,canteen,technical,medium,morning
79,2026-03-15 12:25:00,stage,canteen,sports,medium,morning
41,2026-03-15 12:25:00,canteen,stage,technical,low,afternoon
63,2026-03-15 12:25:00,canteen,canteen,sports,low,morning
23,2026-03-15 12:25:00,lab,canteen,technical,high,morning
104,2026-03-15 12:25:00,stage,canteen,sports,medium,morning
75,2026-03-15 12:25:00,lab,canteen,cultural,low,afternoon
48,2026-03-15 12:26:00,lab,lab,sports,low,afternoon
160,2026-03-15 12:26:00,canteen,lab,technical,high,morning
57,2026-03-15 12:26:00,stage,lab,sports,low,evening
118,2026-03-15 12:26:00,canteen,lab,cultural,low,morning
100,2026-03-15 12:26:00,lab,stage,technical,low,morning
124,2026-03-15 12:26:00,lab,lab,cultural,low,evening
161,2026-03-15 12:26:00,canteen,lab,sports,low,morning
152,2026-03-15 12:26:00,canteen,canteen,technical,high,morning
167,2026-03-15 12:26:00,canteen,stage,sports,low,afternoon
34,2026-03-15 12:26:00,canteen,stage,technical,medium,morning
184,2026-03-15 12:26:00,canteen,stage,cultural,low,evening
156,2026-03-15 12:27:00,lab,stage,cultural,low,afternoon
165,2026-03-15 12:27:00,canteen,lab,cultural,medium,afternoon
7,2026-03-15 12:27:00,stage,canteen,sports,medium,evening
196,2026-03-15 12:27:00,lab,lab,technical,low,evening
165,2026-03-15 12:27:00,lab,lab,cultural,high,afternoon
56,2026-03-15 12:28:00,stage,lab,sports,medium,morning
65,2026-03-15 12:28:00,stage,lab,sports,high,morning
193,2026-03-15 12:28:00,lab,lab,technical,low,afternoon
47,2026-03-15 12:28:00,canteen,canteen,cultural,low,morning
148,2026-03-15 12:28:00,lab,lab,sports,medium,afternoon
19,2026-03-15 12:28:00,lab,lab,cultural,medium,evening
157,2026-03-15 12:28:00,stage,stage,technical,high,morning
188,2026-03-15 12:28:00,lab,lab,cultural,low,morning
146,2026-03-15 12:28:00,canteen,lab,cultural,medium,afternoon
163,2026-03-15 12:28:00,stage,lab,sports,medium,afternoon
171,2026-03-15 12:28:00,lab,canteen,sports,medium,morning
126,2026-03-15 12:28:00,lab,lab,technical,high,morning
139,2026-03-15 12:28:00,canteen,stage,technical,low,morning
49,2026-03-15 12:28:00,lab,canteen,technical,medium,evening
113,2026-03-15 12:28:00,lab,stage,sports,medium,morning
38,2026-03-15 12:28:00,lab,canteen,technical,medium,morning
64,2026-03-15 12:29:00,lab,lab,technical,low,afternoon
69,2026-03-15 12:29:00,canteen,stage,sports,high,evening
136,2026-03-15 12:29:00,lab,canteen,technical,high,afternoon
162,2026-03-15 12:29:00,lab,canteen,sports,low,morning
176,2026-03-15 12:29:00,lab,stage,technical,high,evening
116,2026-03-15 12:29:00,stage,canteen,sports,high,morning
184,2026-03-15 12:29:00,canteen,stage,cultural,medium,evening
65,2026-03-15 12:29:00,stage,canteen,sports,high,evening
31,2026-03-15 12:29:00,stage,stage,sports,medium,evening
132,2026-03-15 12:29:00,canteen,stage,sports,high,evening
113,2026-03-15 12:30:00,stage,canteen,technical,medium,evening
109,2026-03-15 12:30:00,stage,canteen,sports,low,evening
178,2026-03-15 12:30:00,stage,stage,sports,low,afternoon
69,2026-03-15 12:30:00,canteen,lab,technical,high,afternoon
158,2026-03-15 12:30:00,lab,lab,cultural,medium,morning
120,2026-03-15 12:30:00,canteen,lab,sports,low,evening
88,2026-03-15 12:30:00,canteen,stage,technical,low,evening
187,2026-03-15 12:30:00,canteen,lab,cultural,high,afternoon
67,2026-03-15 12:30:00,stage,canteen,sports,medium,morning
75,2026-03-15 12:30:00,lab,stage,cultural,medium,morning
45,2026-03-15 12:30:00,canteen,lab,sports,low,afternoon
4,2026-03-15 12:30:00,canteen,lab,sports,high,afternoon
154,2026-03-15 12:31:00,lab,lab,cultural,low,evening
155,2026-03-15 12:31:00,lab,lab,cultural,low,afternoon
174,2026-03-15 12:31:00,lab,lab,cultural,high,evening
107,2026-03-15 12:31:00,stage,canteen,sports,high,morning
192,2026-03-15 12:31:00,lab,lab,sports,high,evening
51,2026-03-15 12:31:00,stage,lab,technical,medium,afternoon
50,2026-03-15 12:31:00,canteen,lab,technical,high,evening
6,2026-03-15 12:31:00,stage,canteen,technical,high,evening
59,2026-03-15 12:31:00,lab,canteen,sports,low,afternoon
125,2026-03-15 12:31:00,stage,lab,cultural,high,evening
143,2026-03-15 12:31:00,lab,stage,technical,high,morning
30,2026-03-15 12:31:00,stage,canteen,sports,low,evening
170,2026-03-15 12:31:00,canteen,lab,cultural,medium,afternoon
122,2026-03-15 12:32:00,stage,canteen,technical,high,afternoon
125,2026-03-15 12:32:00,canteen,lab,cultural,low,afternoon
37,2026-03-15 12:32:00,lab,lab,cultural,medium,evening
170,2026-03-15 12:32:00,canteen,stage,technical,medium,morning
124,2026-03-15 12:32:00,lab,lab,technical,high,afternoon
101,2026-03-15 12:32:00,lab,canteen,sports,medium,afternoon
35,2026-03-15 12:32:00,canteen,canteen,cultural,high,morning
87,2026-03-15 12:32:00,canteen,canteen,technical,medium,afternoon
134,2026-03-15 12:32:00,stage,canteen,technical,medium,evening
196,2026-03-15 12:32:00,stage,canteen,cultural,medium,afternoon
18,2026-03-15 12:32:00,canteen,canteen,cultural,high,afternoon
113,2026-03-15 12:32:00,canteen,lab,cultural,medium,evening
29,2026-03-15 12:32:00,canteen,lab,technical,low,morning
77,2026-03-15 12:32:00,canteen,canteen,technical,low,morning
59,2026-03-15 12:32:00,lab,canteen,sports,medium,afternoon
175,2026-03-15 12:32:00,canteen,lab,cultural,high,evening
126,2026-03-15 12:32:00,canteen,lab,technical,low,evening
145,2026-03-15 12:32:00,canteen,lab,technical,medium,morning
109,2026-03-15 12:32:00,canteen,stage,cultural,low,morning
22,2026-03-15 12:32:00,lab,lab,technical,low,morning
68,2026-03-15 12:32:00,stage,canteen,cultural,low,evening
69,2026-03-15 12:33:00,stage,canteen,technical,low,evening
165,2026-03-15 12:33:00,stage,stage,cultural,low,evening
49,2026-03-15 12:33:00,stage,canteen,cultural,medium,afternoon
141,2026-03-15 12:33:00,stage,canteen,technical,low,afternoon
162,2026-03-15 12:33:00,lab,canteen,cultural,medium,morning
109,2026-03-15 12:33:00,stage,canteen,sports,low,morning
86,2026-03-15 12:33:00,lab,lab,sports,high,afternoon
53,2026-03-15 12:33:00,lab,lab,cultural,medium,afternoon
123,2026-03-15 12:34:00,stage,canteen,sports,high,afternoon
87,2026-03-15 12:34:00,stage,canteen,technical,high,afternoon
179,2026-03-15 12:34:00,stage,canteen,technical,low,morning
131,2026-03-15 12:34:00,canteen,lab,cultural,low,afternoon
42,2026-03-15 12:34:00,lab,lab,technical,low,afternoon
98,2026-03-15 12:35:00,stage,canteen,technical,low,evening
160,2026-03-15 12:35:00,canteen,stage,sports,low,morning
109,2026-03-15 12:35:00,lab,lab,technical,high,morning
51,2026-03-15 12:35:00,canteen,canteen,technical,high,evening
85,2026-03-15 12:35:00,canteen,stage,sports,low,morning
174,2026-03-15 12:35:00,stage,lab,cultural,low,morning
127,2026-03-15 12:35:00,lab,lab,cultural,medium,afternoon
21,2026-03-15 12:35:00,canteen,lab,sports,medium,afternoon
44,2026-03-15 12:36:00,lab,stage,sports,high,morning
139,2026-03-15 12:36:00,stage,canteen,technical,high,evening
103,2026-03-15 12:36:00,lab,lab,technical,high,evening
68,2026-03-15 12:36:00,canteen,lab,cultural,low,morning
129,2026-03-15 12:36:00,canteen,canteen,cultural,high,morning
92,2026-03-15 12:36:00,lab,stage,sports,high,morning
191,2026-03-15 12:36:00,canteen,canteen,technical,high,morning
24,2026-03-15 12:37:00,canteen,canteen,sports,medium,afternoon
125,2026-03-15 12:37:00,canteen,lab,cultural,high,afternoon
141,2026-03-15 12:37:00,stage,lab,cultural,high,morning
111,2026-03-15 12:37:00,stage,canteen,sports,medium,evening
98,2026-03-15 12:37:00,canteen,stage,technical,high,afternoon
139,2026-03-15 12:37:00,lab,lab,technical,low,morning
179,2026-03-15 12:37:00,stage,stage,sports,medium,evening
17,2026-03-15 12:37:00,lab,lab,cultural,high,afternoon
99,2026-03-15 12:37:00,canteen,lab,sports,medium,afternoon
82,2026-03-15 12:37:00,canteen,lab,sports,high,morning
104,2026-03-15 12:37:00,lab,stage,technical,high,evening
152,2026-03-15 12:37:00,stage,stage,cultural,medium,morning
19,2026-03-15 12:38:00,lab,canteen,cultural,low,afternoon
165,2026-03-15 12:38:00,lab,canteen,technical,medium,evening
85,2026-03-15 12:38:00,canteen,canteen,cultural,low,afternoon
8,2026-03-15 12:38:00,stage,lab,cultural,low,morning
28,2026-03-15 12:38:00,lab,lab,technical,medium,morning
5,2026-03-15 12:38:00,stage,canteen,cultural,high,afternoon
145,2026-03-15 12:38:00,canteen,stage,cultural,low,morning
101,2026-03-15 12:38:00,stage,canteen,sports,medium,morning
164,2026-03-15 12:38:00,canteen,lab,cultural,high,afternoon
118,2026-03-15 12:38:00,stage,canteen,sports,high,evening
147,2026-03-15 12:39:00,lab,lab,sports,high,afternoon
64,2026-03-15 12:39:00,canteen,stage,sports,medium,afternoon
91,2026-03-15 12:39:00,lab,canteen,technical,medium,evening
117,2026-03-15 12:39:00,canteen,stage,technical,high,morning
98,2026-03-15 12:39:00,stage,lab,cultural,high,evening
11,2026-03-15 12:39:00,stage,canteen,sports,high,afternoon
54,2026-03-15 12:39:00,canteen,canteen,cultural,high,evening
173,2026-03-15 12:39:00,canteen,stage,cultural,medium,morning
47,2026-03-15 12:39:00,canteen,stage,cultural,high,evening
140,2026-03-15 12:39:00,stage,canteen,cultural,low,evening
149,2026-03-15 12:39:00,canteen,canteen,cultural,low,afternoon
139,2026-03-15 12:39:00,canteen,stage,sports,medium,evening
5,2026-03-15 12:40:00,lab,canteen,sports,low,afternoon
184,2026-03-15 12:40:00,canteen,lab,sports,low,morning
20,2026-03-15 12:40:00,lab,canteen,sports,low,evening
169,2026-03-15 12:40:00,lab,lab,technical,medium,evening
46,2026-03-15 12:40:00,lab,stage,sports,low,afternoon
12,2026-03-15 12:40:00,stage,canteen,sports,high,afternoon
70,2026-03-15 12:40:00,lab,canteen,sports,low,morning
17,2026-03-15 12:40:00,canteen,stage,technical,low,afternoon
115,2026-03-15 12:40:00,stage,stage,cultural,low,afternoon
147,2026-03-15 12:40:00,stage,lab,technical,high,morning
154,2026-03-15 12:40:00,stage,lab,sports,medium,afternoon
48,2026-03-15 12:40:00,stage,stage,sports,medium,afternoon
108,2026-03-15 12:40:00,stage,canteen,technical,low,afternoon
52,2026-03-15 12:40:00,stage,lab,cultural,high,afternoon
96,2026-03-15 12:41:00,stage,stage,technical,low,morning
70,2026-03-15 12:41:00,lab,lab,technical,medium,morning
183,2026-03-15 12:41:00,canteen,lab,sports,medium,afternoon
102,2026-03-15 12:41:00,canteen,lab,technical,high,evening
75,2026-03-15 12:41:00,lab,canteen,technical,high,morning
161,2026-03-15 12:41:00,lab,stage,technical,medium,evening
190,2026-03-15 12:41:00,stage,canteen,technical,medium,afternoon
151,2026-03-15 12:41:00,stage,lab,technical,medium,afternoon
143,2026-03-15 12:41:00,lab,lab,technical,low,morning
155,2026-03-15 12:41:00,stage,canteen,sports,medium,evening
192,2026-03-15 12:41:00,canteen,lab,sports,medium,morning
179,2026-03-15 12:41:00,canteen,lab,sports,high,morning
181,2026-03-15 12:42:00,stage,canteen,sports,medium,morning
82,2026-03-15 12:42:00,stage,lab,technical,medium,afternoon
92,2026-03-15 12:42:00,stage,canteen,technical,high,evening
179,2026-03-15 12:42:00,canteen,canteen,technical,medium,afternoon
175,2026-03-15 12:42:00,stage,canteen,technical,high,afternoon
4,2026-03-15 12:42:00,lab,lab,sports,high,afternoon
135,2026-03-15 12:42:00,stage,canteen,sports,high,morning
109,2026-03-15 12:42:00,lab,canteen,technical,high,afternoon
163,2026-03-15 12:42:00,stage,lab,technical,high,afternoon
48,2026-03-15 12:42:00,stage,canteen,technical,high,afternoon
73,2026-03-15 12:42:00,canteen,lab,technical,high,afternoon
72,2026-03-15 12:42:00,lab,stage,cultural,medium,afternoon
116,2026-03-15 12:42:00,lab,lab,cultural,low,afternoon
173,2026-03-15 12:42:00,lab,canteen,cultural,medium,evening
81,2026-03-15 12:43:00,canteen,lab,cultural,high,morning
81,2026-03-15 12:43:00,lab,stage,technical,high,afternoon
113,2026-03-15 12:43:00,canteen,lab,technical,medium,morning
96,2026-03-15 12:43:00,stage,lab,technical,low,evening
72,2026-03-15 12:43:00,stage,canteen,cultural,medium,evening
147,2026-03-15 12:43:00,lab,lab,cultural,medium,morning
63,2026-03-15 12:43:00,stage,lab,technical,medium,evening
38,2026-03-15 12:44:00,stage,canteen,cultural,low,afternoon
67,2026-03-15 12:44:00,lab,stage,sports,high,evening
187,2026-03-15 12:44:00,stage,canteen,cultural,low,afternoon
69,2026-03-15 12:44:00,lab,canteen,cultural,medium,morning
13,2026-03-15 12:44:00,lab,lab,cultural,medium,morning
175,2026-03-15 12:44:00,stage,lab,cultural,low,morning
189,2026-03-15 12:44:00,stage,stage,technical,low,morning
31,2026-03-15 12:44:00,stage,canteen,sports,high,morning
114,2026-03-15 12:44:00,stage,canteen,technical,high,morning
22,2026-03-15 12:44:00,stage,stage,cultural,low,afternoon
93,2026-03-15 12:44:00,canteen,canteen,cultural,high,morning
171,2026-03-15 12:44:00,stage,canteen,cultural,medium,evening
67,2026-03-15 12:44:00,canteen,canteen,cultural,low,afternoon
54,2026-03-15 12:44:00,lab,lab,cultural,high,afternoon
138,2026-03-15 12:44:00,stage,canteen,sports,medium,afternoon
42,2026-03-15 12:44:00,stage,stage,technical,low,afternoon
64,2026-03-15 12:44:00,stage,lab,cultural,high,morning
126,2026-03-15 12:45:00,lab,lab,sports,medium,morning
21,2026-03-15 12:45:00,canteen,lab,technical,low,morning
194,2026-03-15 12:45:00,canteen,canteen,technical,high,evening
169,2026-03-15 12:45:00,stage,lab,technical,medium,morning
152,2026-03-15 12:45:00,stage,lab,cultural,medium,morning
35,2026-03-15 12:45:00,stage,canteen,cultural,medium,evening
184,2026-03-15 12:45:00,stage,canteen,sports,medium,morning
30,2026-03-15 12:45:00,lab,lab,sports,low,morning
57,2026-03-15 12:45:00,stage,canteen,technical,medium,afternoon
47,2026-03-15 12:45:00,lab,lab,cultural,low,morning
163,2026-03-15 12:45:00,stage,lab,technical,low,evening
19,2026-03-15 12:45:00,canteen,lab,technical,high,afternoon
114,2026-03-15 12:45:00,canteen,stage,sports,low,evening
8,2026-03-15 12:46:00,stage,canteen,cultural,medium,evening
26,2026-03-15 12:46:00,stage,lab,sports,low,morning
113,2026-03-15 12:46:00,lab,canteen,cultural,low,afternoon
71,2026-03-15 12:46:00,stage,stage,technical,high,morning
30,2026-03-15 12:46:00,stage,canteen,technical,low,afternoon
135,2026-03-15 12:46:00,stage,canteen,technical,high,afternoon
67,2026-03-15 12:46:00,canteen,canteen,cultural,low,afternoon
65,2026-03-15 12:46:00,lab,canteen,technical,high,evening
36,2026-03-15 12:46:00,canteen,canteen,cultural,low,morning
25,2026-03-15 12:47:00,lab,stage,cultural,medium,afternoon
37,2026-03-15 12:47:00,canteen,lab,sports,low,afternoon
1,2026-03-15 12:47:00,stage,canteen,technical,high,evening
143,2026-03-15 12:47:00,canteen,lab,sports,high,afternoon
37,2026-03-15 12:47:00,canteen,lab,cultural,medium,afternoon
141,2026-03-15 12:47:00,lab,lab,technical,medium,morning
136,2026-03-15 12:47:00,lab,canteen,technical,high,evening
133,2026-03-15 12:47:00,canteen,canteen,cultural,medium,evening
188,2026-03-15 12:47:00,lab,canteen,technical,low,afternoon
128,2026-03-15 12:47:00,lab,canteen,cultural,low,afternoon
127,2026-03-15 12:47:00,lab,lab,technical,medium,evening
1,2026-03-15 12:47:00,lab,canteen,technical,low,afternoon
164,2026-03-15 12:47:00,lab,lab,cultural,low,afternoon
35,2026-03-15 12:47:00,canteen,stage,sports,medium,evening
194,2026-03-15 12:48:00,lab,stage,cultural,high,afternoon
191,2026-03-15 12:48:00,stage,lab,technical,low,morning
104,2026-03-15 12:48:00,canteen,lab,cultural,medium,afternoon
23,2026-03-15 12:48:00,canteen,canteen,cultural,high,evening
9,2026-03-15 12:48:00,canteen,canteen,cultural,low,morning
34,2026-03-15 12:48:00,lab,canteen,technical,low,afternoon
174,2026-03-15 12:48:00,stage,canteen,sports,medium,morning
128,2026-03-15 12:48:00,lab,stage,sports,low,evening
4,2026-03-15 12:48:00,canteen,lab,technical,high,morning
158,2026-03-15 12:48:00,canteen,lab,sports,medium,afternoon
102,2026-03-15 12:48:00,canteen,lab,cultural,medium,afternoon
75,2026-03-15 12:48:00,canteen,canteen,cultural,medium,evening
99,2026-03-15 12:49:00,lab,stage,sports,medium,morning
72,2026-03-15 12:49:00,stage,canteen,sports,high,morning
3,2026-03-15 12:49:00,stage,stage,sports,high,evening
142,2026-03-15 12:49:00,canteen,stage,cultural,high,evening
188,2026-03-15 12:49:00,stage,stage,cultural,high,evening
173,2026-03-15 12:49:00,canteen,canteen,technical,high,evening
34,2026-03-15 12:49:00,canteen,stage,technical,high,afternoon
45,2026-03-15 12:49:00,stage,canteen,cultural,medium,afternoon
61,2026-03-15 12:49:00,canteen,lab,cultural,medium,evening
83,2026-03-15 12:50:00,stage,canteen,technical,medium,evening
123,2026-03-15 12:50:00,canteen,stage,technical,high,morning
102,2026-03-15 12:50:00,stage,canteen,cultural,medium,afternoon
16,2026-03-15 12:50:00,canteen,lab,sports,high,morning
66,2026-03-15 12:50:00,stage,lab,cultural,medium,morning
168,2026-03-15 12:50:00,canteen,stage,sports,high,afternoon
145,2026-03-15 12:50:00,canteen,lab,cultural,high,evening
119,2026-03-15 12:50:00,canteen,lab,technical,high,afternoon
162,2026-03-15 12:51:00,stage,canteen,technical,low,morning
124,2026-03-15 12:51:00,lab,lab,technical,low,afternoon
144,2026-03-15 12:51:00,canteen,lab,cultural,high,evening
102,2026-03-15 12:51:00,canteen,lab,cultural,medium,afternoon
188,2026-03-15 12:51:00,stage,canteen,cultural,high,evening
66,2026-03-15 12:51:00,canteen,lab,sports,high,evening
194,2026-03-15 12:51:00,canteen,lab,cultural,low,morning
13,2026-03-15 12:51:00,canteen,canteen,sports,high,morning
184,2026-03-15 12:51:00,canteen,lab,sports,low,evening
111,2026-03-15 12:51:00,lab,canteen,sports,medium,evening
159,2026-03-15 12:52:00,lab,stage,technical,medium,morning
34,2026-03-15 12:52:00,canteen,canteen,sports,medium,evening
39,2026-03-15 12:52:00,canteen,lab,sports,high,afternoon
195,2026-03-15 12:52:00,canteen,lab,technical,low,evening
136,2026-03-15 12:52:00,lab,canteen,sports,high,evening
120,2026-03-15 12:52:00,lab,lab,cultural,medium,morning
126,2026-03-15 12:52:00,stage,stage,cultural,high,morning
55,2026-03-15 12:52:00,stage,lab,technical,low,morning
27,2026-03-15 12:52:00,canteen,lab,technical,low,afternoon
118,2026-03-15 12:52:00,canteen,lab,sports,medium,evening
53,2026-03-15 12:52:00,lab,lab,sports,medium,evening
39,2026-03-15 12:52:00,canteen,canteen,sports,medium,morning
65,2026-03-15 12:52:00,canteen,canteen,technical,high,evening
145,2026-03-15 12:52:00,lab,lab,sports,low,evening
158,2026-03-15 12:52:00,lab,stage,cultural,high,afternoon
181,2026-03-15 12:52:00,lab,lab,cultural,medium,evening
13,2026-03-15 12:52:00,lab,lab,sports,low,afternoon
21,2026-03-15 12:52:00,stage,canteen,technical,medium,evening
147,2026-03-15 12:53:00,lab,lab,cultural,low,morning
53,2026-03-15 12:53:00,lab,lab,technical,low,morning
19,2026-03-15 12:53:00,canteen,lab,cultural,medium,evening
57,2026-03-15 12:53:00,canteen,stage,sports,low,morning
25,2026-03-15 12:53:00,canteen,canteen,sports,low,afternoon
31,2026-03-15 12:53:00,stage,stage,technical,medium,morning
81,2026-03-15 12:53:00,lab,lab,sports,low,afternoon
183,2026-03-15 12:53:00,lab,lab,technical,medium,evening
23,2026-03-15 12:53:00,stage,canteen,technical,high,evening
32,2026-03-15 12:53:00,lab,canteen,cultural,high,morning
190,2026-03-15 12:53:00,canteen,stage,cultural,medium,evening
74,2026-03-15 12:53:00,stage,lab,sports,low,evening
10,2026-03-15 12:53:00,lab,lab,technical,high,afternoon
200,2026-03-15 12:53:00,stage,lab,cultural,medium,afternoon
54,2026-03-15 12:53:00,stage,canteen,sports,medium,evening
52,2026-03-15 12:53:00,lab,lab,sports,low,morning
148,2026-03-15 12:54:00,canteen,lab,cultural,low,morning
160,2026-03-15 12:54:00,lab,lab,sports,low,morning
114,2026-03-15 12:54:00,lab,canteen,cultural,medium,evening
14,2026-03-15 12:54:00,canteen,lab,technical,high,morning
178,2026-03-15 12:54:00,lab,lab,sports,medium,morning
156,2026-03-15 12:54:00,lab,canteen,technical,low,evening
110,2026-03-15 12:54:00,lab,stage,cultural,low,afternoon
53,2026-03-15 12:54:00,stage,canteen,technical,medium,afternoon
152,2026-03-15 12:54:00,stage,canteen,cultural,low,evening
79,2026-03-15 12:54:00,stage,canteen,sports,low,afternoon
22,2026-03-15 12:54:00,lab,canteen,sports,medium,morning
30,2026-03-15 12:54:00,canteen,canteen,sports,high,evening
191,2026-03-15 12:54:00,stage,canteen,technical,low,evening
4,2026-03-15 12:54:00,canteen,lab,technical,high,afternoon
59,2026-03-15 12:54:00,lab,canteen,technical,high,evening
8,2026-03-15 12:55:00,stage,canteen,cultural,high,evening
12,2026-03-15 12:55:00,lab,stage,sports,high,morning
119,2026-03-15 12:55:00,canteen,canteen,technical,low,evening
159,2026-03-15 12:55:00,stage,canteen,cultural,low,evening
34,2026-03-15 12:55:00,stage,lab,technical,medium,evening
82,2026-03-15 12:55:00,stage,lab,cultural,low,evening
98,2026-03-15 12:55:00,stage,canteen,sports,medium,afternoon
127,2026-03-15 12:55:00,canteen,lab,technical,high,evening
75,2026-03-15 12:55:00,stage,canteen,sports,medium,morning
105,2026-03-15 12:55:00,lab,lab,technical,medium,afternoon
49,2026-03-15 12:55:00,stage,lab,cultural,low,evening
79,2026-03-15 12:55:00,canteen,lab,sports,medium,afternoon
185,2026-03-15 12:55:00,stage,canteen,technical,high,evening
93,2026-03-15 12:55:00,canteen,lab,technical,low,evening
154,2026-03-15 12:55:00,canteen,lab,sports,low,afternoon
18,2026-03-15 12:55:00,lab,lab,cultural,low,afternoon
96,2026-03-15 12:55:00,stage,lab,sports,high,afternoon
38,2026-03-15 12:56:00,stage,canteen,technical,medium,afternoon
87,2026-03-15 12:56:00,stage,canteen,sports,low,morning
88,2026-03-15 12:56:00,lab,lab,sports,medium,afternoon
50,2026-03-15 12:56:00,lab,lab,cultural,high,morning
8,2026-03-15 12:56:00,canteen,lab,cultural,high,evening
169,2026-03-15 12:56:00,canteen,stage,sports,high,evening
134,2026-03-15 12:56:00,canteen,canteen,cultural,low,afternoon
69,2026-03-15 12:56:00,lab,stage,cultural,low,evening
172,2026-03-15 12:56:00,lab,canteen,technical,medium,morning
121,2026-03-15 12:56:00,lab,canteen,cultural,medium,morning
64,2026-03-15 12:56:00,canteen,lab,sports,low,afternoon
157,2026-03-15 12:56:00,lab,lab,sports,high,afternoon
156,2026-03-15 12:56:00,canteen,lab,technical,high,afternoon
139,2026-03-15 12:56:00,canteen,canteen,technical,low,morning
121,2026-03-15 12:56:00,stage,lab,technical,medium,afternoon
65,2026-03-15 12:56:00,stage,canteen,sports,high,morning
107,2026-03-15 12:56:00,stage,canteen,sports,low,morning
147,2026-03-15 12:56:00,canteen,canteen,cultural,medium,evening
137,2026-03-15 12:56:00,stage,canteen,technical,medium,evening
155,2026-03-15 12:57:00,stage,canteen,cultural,high,afternoon
162,2026-03-15 12:57:00,stage,canteen,cultural,high,afternoon
172,2026-03-15 12:57:00,lab,lab,sports,high,afternoon
196,2026-03-15 12:57:00,canteen,lab,cultural,high,afternoon
100,2026-03-15 12:57:00,stage,lab,technical,medium,morning
82,2026-03-15 12:57:00,lab,lab,technical,low,afternoon
143,2026-03-15 12:57:00,lab,lab,sports,medium,evening
51,2026-03-15 12:57:00,lab,lab,sports,high,afternoon
141,2026-03-15 12:57:00,stage,canteen,sports,low,morning
83,2026-03-15 12:57:00,lab,canteen,technical,medium,evening
177,2026-03-15 12:57:00,canteen,stage,sports,low,evening
198,2026-03-15 12:57:00,lab,stage,technical,medium,afternoon
112,2026-03-15 12:57:00,lab,stage,cultural,low,evening
56,2026-03-15 12:58:00,lab,stage,sports,medium,evening
179,2026-03-15 12:58:00,lab,lab,sports,medium,afternoon
165,2026-03-15 12:58:00,canteen,canteen,sports,high,afternoon
145,2026-03-15 12:58:00,stage,canteen,technical,medium,morning
186,2026-03-15 12:58:00,canteen,lab,cultural,high,evening
157,2026-03-15 12:58:00,canteen,lab,sports,medium,afternoon
161,2026-03-15 12:58:00,stage,lab,cultural,low,evening
60,2026-03-15 12:58:00,lab,lab,sports,low,afternoon
120,2026-03-15 12:58:00,stage,canteen,technical,high,morning
183,2026-03-15 12:58:00,stage,canteen,cultural,medium,afternoon
138,2026-03-15 12:58:00,canteen,stage,cultural,high,afternoon
175,2026-03-15 12:58:00,stage,canteen,sports,low,morning
23,2026-03-15 12:59:00,lab,canteen,cultural,medium,afternoon
149,2026-03-15 12:59:00,canteen,lab,technical,high,morning
13,2026-03-15 12:59:00,lab,stage,cultural,low,evening
101,2026-03-15 12:59:00,canteen,stage,cultural,low,evening
161,2026-03-15 12:59:00,lab,stage,cultural,medium,evening
24,2026-03-15 12:59:00,stage,canteen,cultural,medium,afternoon
108,2026-03-15 12:59:00,stage,canteen,sports,medium,morning
11,2026-03-15 12:59:00,stage,canteen,sports,high,afternoon
17,2026-03-15 12:59:00,lab,stage,cultural,high,afternoon
196,2026-03-15 12:59:00,canteen,canteen,cultural,medium,afternoon
175,2026-03-15 12:59:00,canteen,stage,technical,medium,morning
25,2026-03-15 12:59:00,canteen,canteen,sports,medium,afternoon
94,2026-03-15 12:59:00,stage,stage,sports,low,afternoon
21,2026-03-15 12:59:00,lab,lab,sports,medium,morning
84,2026-03-15 12:59:00,canteen,lab,cultural,high,morning
140,2026-03-15 12:59:00,lab,lab,sports,low,evening
37,2026-03-15 12:59:00,canteen,canteen,technical,medium,morning
42,2026-03-15 13:00:00,stage,canteen,technical,high,evening
145,2026-03-15 13:00:00,lab,stage,technical,low,evening
101,2026-03-15 13:00:00,canteen,canteen,technical,low,afternoon
48,2026-03-15 13:00:00,canteen,canteen,technical,high,afternoon
103,2026-03-15 13:00:00,canteen,canteen,sports,high,afternoon
28,2026-03-15 13:00:00,canteen,lab,cultural,low,afternoon
41,2026-03-15 13:00:00,stage,lab,cultural,high,afternoon
99,2026-03-15 13:00:00,canteen,lab,cultural,low,afternoon
47,2026-03-15 13:00:00,canteen,stage,cultural,low,afternoon
146,2026-03-15 13:00:00,stage,canteen,sports,low,evening
105,2026-03-15 13:00:00,canteen,stage,sports,low,evening
124,2026-03-15 13:01:00,lab,lab,sports,medium,afternoon
199,2026-03-15 13:01:00,lab,canteen,technical,high,afternoon
13,2026-03-15 13:01:00,canteen,stage,cultural,medium,evening
141,2026-03-15 13:01:00,stage,lab,sports,medium,evening
100,2026-03-15 13:01:00,stage,canteen,sports,medium,morning
31,2026-03-15 13:01:00,stage,canteen,sports,medium,morning
130,2026-03-15 13:01:00,canteen,stage,cultural,low,afternoon
16,2026-03-15 13:01:00,canteen,canteen,cultural,low,afternoon
137,2026-03-15 13:01:00,lab,lab,technical,low,afternoon
73,2026-03-15 13:01:00,stage,canteen,technical,low,evening
166,2026-03-15 13:01:00,canteen,lab,technical,medium,afternoon
54,2026-03-15 13:01:00,canteen,stage,cultural,low,afternoon
184,2026-03-15 13:01:00,canteen,lab,technical,medium,afternoon
100,2026-03-15 13:01:00,stage,lab,technical,low,morning
109,2026-03-15 13:01:00,stage,canteen,sports,high,morning
87,2026-03-15 13:01:00,lab,stage,cultural,high,afternoon
173,2026-03-15 13:01:00,stage,canteen,technical,high,evening
162,2026-03-15 13:01:00,canteen,lab,technical,high,morning
137,2026-03-15 13:02:00,lab,lab,cultural,low,afternoon
8,2026-03-15 13:02:00,stage,lab,technical,high,morning
7,2026-03-15 13:02:00,stage,lab,cultural,high,evening
36,2026-03-15 13:02:00,stage,canteen,cultural,medium,evening
18,2026-03-15 13:02:00,stage,canteen,cultural,high,evening
3,2026-03-15 13:02:00,canteen,canteen,technical,low,evening
28,2026-03-15 13:02:00,stage,lab,technical,medium,afternoon
70,2026-03-15 13:02:00,canteen,lab,technical,low,evening
172,2026-03-15 13:02:00,canteen,stage,cultural,medium,afternoon
149,2026-03-15 13:02:00,canteen,canteen,technical,low,evening
28,2026-03-15 13:02:00,lab,canteen,sports,high,afternoon
54,2026-03-15 13:02:00,canteen,stage,cultural,medium,evening
182,2026-03-15 13:02:00,stage,canteen,technical,high,afternoon
65,2026-03-15 13:02:00,lab,lab,cultural,low,morning
100,2026-03-15 13:03:00,stage,stage,technical,low,afternoon
21,2026-03-15 13:03:00,canteen,lab,cultural,medium,afternoon
13,2026-03-15 13:03:00,stage,lab,sports,low,evening
57,2026-03-15 13:03:00,lab,lab,cultural,low,evening
49,2026-03-15 13:03:00,lab,stage,cultural,medium,morning
118,2026-03-15 13:03:00,stage,canteen,cultural,high,evening
54,2026-03-15 13:03:00,stage,canteen,technical,medium,afternoon
138,2026-03-15 13:03:00,stage,canteen,cultural,low,evening
53,2026-03-15 13:03:00,lab,lab,technical,low,evening
44,2026-03-15 13:03:00,canteen,lab,cultural,medium,afternoon
47,2026-03-15 13:03:00,stage,stage,technical,medium,morning
53,2026-03-15 13:03:00,canteen,lab,technical,high,evening
74,2026-03-15 13:03:00,lab,lab,technical,low,evening
46,2026-03-15 13:03:00,stage,lab,technical,low,afternoon
13,2026-03-15 13:03:00,stage,lab,cultural,high,morning
165,2026-03-15 13:03:00,lab,canteen,cultural,medium,morning
102,2026-03-15 13:03:00,stage,lab,technical,medium,evening
24,2026-03-15 13:04:00,canteen,canteen,technical,high,afternoon
2,2026-03-15 13:04:00,lab,lab,technical,medium,evening
81,2026-03-15 13:04:00,lab,stage,sports,high,afternoon
100,2026-03-15 13:04:00,stage,canteen,sports,medium,afternoon
142,2026-03-15 13:04:00,lab,lab,cultural,medium,evening
138,2026-03-15 13:04:00,stage,canteen,sports,medium,afternoon
163,2026-03-15 13:04:00,stage,canteen,sports,high,evening
153,2026-03-15 13:04:00,lab,canteen,technical,high,morning
131,2026-03-15 13:04:00,stage,lab,technical,high,morning
111,2026-03-15 13:04:00,canteen,canteen,sports,low,evening
102,2026-03-15 13:04:00,canteen,canteen,sports,low,morning
17,2026-03-15 13:04:00,stage,canteen,sports,high,morning
12,2026-03-15 13:05:00,canteen,canteen,technical,low,morning
182,2026-03-15 13:05:00,stage,canteen,cultural,low,morning
116,2026-03-15 13:05:00,canteen,lab,sports,medium,afternoon
24,2026-03-15 13:05:00,lab,stage,cultural,medium,evening
29,2026-03-15 13:05:00,stage,canteen,cultural,medium,evening
171,2026-03-15 13:05:00,stage,canteen,sports,low,morning
153,2026-03-15 13:05:00,stage,canteen,cultural,low,evening
122,2026-03-15 13:05:00,stage,canteen,technical,high,evening
188,2026-03-15 13:06:00,stage,lab,sports,low,evening
90,2026-03-15 13:06:00,stage,canteen,sports,low,afternoon
65,2026-03-15 13:06:00,lab,canteen,sports,high,morning
84,2026-03-15 13:06:00,lab,lab,sports,high,evening
119,2026-03-15 13:06:00,canteen,stage,technical,high,afternoon
156,2026-03-15 13:06:00,stage,canteen,technical,medium,morning
16,2026-03-15 13:06:00,canteen,canteen,cultural,high,afternoon
175,2026-03-15 13:06:00,canteen,canteen,sports,medium,afternoon
104,2026-03-15 13:06:00,lab,lab,sports,low,afternoon
92,2026-03-15 13:06:00,canteen,stage,cultural,low,evening
186,2026-03-15 13:06:00,lab,lab,technical,medium,morning
27,2026-03-15 13:06:00,canteen,lab,sports,medium,morning
181,2026-03-15 13:07:00,stage,canteen,cultural,medium,evening
170,2026-03-15 13:07:00,canteen,lab,technical,low,morning
187,2026-03-15 13:07:00,lab,lab,cultural,low,morning
175,2026-03-15 13:07:00,lab,lab,cultural,high,afternoon
162,2026-03-15 13:07:00,lab,lab,technical,high,evening
165,2026-03-15 13:07:00,canteen,canteen,sports,low,afternoon
134,2026-03-15 13:07:00,canteen,canteen,technical,high,morning
135,2026-03-15 13:07:00,lab,stage,sports,high,morning
153,2026-03-15 13:07:00,stage,stage,technical,medium,evening
33,2026-03-15 13:07:00,stage,lab,sports,low,afternoon
55,2026-03-15 13:07:00,canteen,stage,sports,medium,afternoon
186,2026-03-15 13:07:00,canteen,stage,cultural,low,afternoon
7,2026-03-15 13:07:00,lab,lab,cultural,low,evening
57,2026-03-15 13:08:00,canteen,stage,sports,medium,afternoon
126,2026-03-15 13:08:00,canteen,canteen,technical,low,afternoon
12,2026-03-15 13:08:00,lab,lab,sports,medium,morning
16,2026-03-15 13:08:00,lab,lab,technical,medium,morning
43,2026-03-15 13:08:00,canteen,lab,sports,low,afternoon
117,2026-03-15 13:08:00,stage,canteen,technical,low,afternoon
135,2026-03-15 13:08:00,canteen,canteen,cultural,medium,morning
111,2026-03-15 13:08:00,stage,canteen,technical,high,evening
51,2026-03-15 13:08:00,stage,canteen,cultural,high,morning
160,2026-03-15 13:08:00,stage,canteen,technical,low,afternoon
75,2026-03-15 13:08:00,lab,lab,cultural,low,evening
8,2026-03-15 13:08:00,lab,canteen,technical,high,afternoon
200,2026-03-15 13:08:00,lab,canteen,sports,low,afternoon
45,2026-03-15 13:08:00,canteen,stage,technical,low,afternoon
59,2026-03-15 13:08:00,lab,lab,cultural,high,evening
132,2026-03-15 13:09:00,lab,stage,cultural,low,afternoon
104,2026-03-15 13:09:00,canteen,canteen,technical,high,evening
195,2026-03-15 13:09:00,canteen,lab,sports,high,morning
157,2026-03-15 13:09:00,stage,canteen,technical,high,evening
157,2026-03-15 13:09:00,canteen,canteen,technical,low,afternoon
98,2026-03-15 13:09:00,canteen,lab,cultural,medium,afternoon
156,2026-03-15 13:09:00,lab,canteen,sports,medium,morning
79,2026-03-15 13:09:00,stage,canteen,sports,medium,morning
124,2026-03-15 13:09:00,stage,canteen,sports,low,morning
172,2026-03-15 13:09:00,canteen,stage,sports,low,evening
4,2026-03-15 13:09:00,lab,lab,technical,low,evening
90,2026-03-15 13:09:00,lab,canteen,sports,low,evening
104,2026-03-15 13:09:00,lab,lab,sports,medium,evening
137,2026-03-15 13:09:00,lab,stage,sports,high,morning
119,2026-03-15 13:10:00,canteen,canteen,cultural,low,afternoon
133,2026-03-15 13:10:00,lab,stage,cultural,low,afternoon
56,2026-03-15 13:10:00,stage,stage,cultural,low,evening
96,2026-03-15 13:10:00,stage,canteen,sports,high,morning
178,2026-03-15 13:10:00,canteen,lab,technical,medium,morning
75,2026-03-15 13:10:00,lab,lab,technical,low,morning
143,2026-03-15 13:10:00,lab,canteen,cultural,medium,afternoon
32,2026-03-15 13:10:00,lab,canteen,cultural,low,afternoon
28,2026-03-15 13:10:00,lab,lab,sports,medium,evening
22,2026-03-15 13:10:00,canteen,canteen,cultural,low,afternoon
17,2026-03-15 13:10:00,lab,lab,cultural,medium,morning
59,2026-03-15 13:10:00,canteen,lab,cultural,low,afternoon
90,2026-03-15 13:10:00,lab,stage,cultural,low,afternoon
199,2026-03-15 13:10:00,lab,lab,technical,medium,afternoon
106,2026-03-15 13:10:00,stage,canteen,sports,medium,evening
185,2026-03-15 13:11:00,canteen,lab,technical,high,afternoon
26,2026-03-15 13:11:00,stage,canteen,cultural,high,evening
25,2026-03-15 13:11:00,canteen,canteen,sports,high,afternoon
138,2026-03-15 13:11:00,lab,canteen,sports,high,evening
45,2026-03-15 13:11:00,lab,canteen,technical,medium,morning
83,2026-03-15 13:11:00,canteen,stage,technical,high,morning
11,2026-03-15 13:11:00,stage,lab,cultural,low,morning
181,2026-03-15 13:11:00,canteen,lab,technical,medium,evening
200,2026-03-15 13:11:00,canteen,lab,cultural,low,morning
104,2026-03-15 13:11:00,lab,canteen,cultural,high,evening
68,2026-03-15 13:11:00,stage,lab,cultural,high,evening
95,2026-03-15 13:11:00,canteen,stage,sports,high,evening
156,2026-03-15 13:11:00,stage,lab,sports,medium,morning
65,2026-03-15 13:12:00,stage,lab,technical,low,evening
49,2026-03-15 13:12:00,canteen,lab,technical,low,afternoon
175,2026-03-15 13:12:00,stage,lab,sports,medium,morning
52,2026-03-15 13:12:00,lab,lab,technical,high,afternoon
102,2026-03-15 13:12:00,lab,canteen,cultural,high,morning
182,2026-03-15 13:12:00,lab,canteen,cultural,medium,evening
188,2026-03-15 13:12:00,lab,canteen,sports,low,evening
57,2026-03-15 13:12:00,stage,stage,technical,low,evening
47,2026-03-15 13:12:00,lab,lab,technical,low,morning
159,2026-03-15 13:12:00,canteen,canteen,sports,low,morning
174,2026-03-15 13:12:00,lab,lab,cultural,high,evening
26,2026-03-15 13:13:00,canteen,canteen,cultural,high,morning
114,2026-03-15 13:13:00,canteen,canteen,technical,medium,afternoon
5,2026-03-15 13:13:00,lab,lab,sports,medium,evening
84,2026-03-15 13:13:00,lab,canteen,sports,medium,afternoon
52,2026-03-15 13:13:00,stage,canteen,cultural,high,afternoon
105,2026-03-15 13:13:00,canteen,lab,cultural,high,morning
54,2026-03-15 13:13:00,lab,canteen,technical,high,afternoon
161,2026-03-15 13:13:00,stage,canteen,sports,medium,evening
178,2026-03-15 13:13:00,lab,canteen,technical,high,afternoon
166,2026-03-15 13:13:00,lab,lab,technical,low,morning
155,2026-03-15 13:13:00,lab,lab,sports,high,morning
15,2026-03-15 13:13:00,canteen,canteen,sports,low,evening
61,2026-03-15 13:13:00,lab,lab,cultural,low,evening
122,2026-03-15 13:13:00,stage,canteen,sports,low,evening
21,2026-03-15 13:13:00,lab,lab,technical,high,evening
46,2026-03-15 13:13:00,lab,lab,technical,medium,evening
197,2026-03-15 13:13:00,stage,lab,sports,low,afternoon
134,2026-03-15 13:13:00,stage,lab,technical,low,afternoon
38,2026-03-15 13:14:00,canteen,canteen,sports,high,morning
62,2026-03-15 13:14:00,canteen,lab,cultural,high,afternoon
86,2026-03-15 13:14:00,canteen,canteen,cultural,low,evening
190,2026-03-15 13:14:00,canteen,lab,sports,medium,evening
78,2026-03-15 13:14:00,stage,canteen,technical,high,morning
46,2026-03-15 13:14:00,lab,lab,sports,low,evening
141,2026-03-15 13:14:00,lab,lab,sports,medium,morning
3,2026-03-15 13:14:00,lab,lab,cultural,high,afternoon
6,2026-03-15 13:14:00,canteen,stage,sports,medium,afternoon
93,2026-03-15 13:14:00,stage,lab,cultural,low,afternoon
8,2026-03-15 13:14:00,stage,lab,cultural,medium,morning
172,2026-03-15 13:14:00,stage,canteen,sports,low,evening
108,2026-03-15 13:14:00,lab,canteen,sports,high,morning
161,2026-03-15 13:14:00,canteen,canteen,sports,low,afternoon
75,2026-03-15 13:14:00,stage,stage,sports,low,morning
77,2026-03-15 13:14:00,canteen,canteen,cultural,high,evening
50,2026-03-15 13:14:00,stage,canteen,sports,low,morning
11,2026-03-15 13:15:00,canteen,canteen,cultural,medium,afternoon
95,2026-03-15 13:15:00,stage,canteen,cultural,high,evening
156,2026-03-15 13:15:00,canteen,stage,technical,medium,afternoon
70,2026-03-15 13:15:00,stage,stage,cultural,high,evening
169,2026-03-15 13:15:00,stage,lab,technical,low,evening
16,2026-03-15 13:15:00,canteen,canteen,sports,medium,afternoon
68,2026-03-15 13:15:00,canteen,canteen,technical,high,afternoon
99,2026-03-15 13:15:00,lab,canteen,sports,medium,afternoon
48,2026-03-15 13:15:00,canteen,lab,cultural,high,morning
184,2026-03-15 13:15:00,stage,lab,technical,high,afternoon
64,2026-03-15 13:15:00,stage,canteen,sports,medium,evening
187,2026-03-15 13:15:00,canteen,canteen,sports,medium,morning
90,2026-03-15 13:15:00,lab,lab,technical,medium,morning
190,2026-03-15 13:15:00,canteen,canteen,technical,medium,morning
76,2026-03-15 13:15:00,stage,stage,sports,high,morning
139,2026-03-15 13:15:00,stage,stage,sports,medium,morning
101,2026-03-15 13:16:00,lab,stage,cultural,medium,morning
89,2026-03-15 13:16:00,canteen,lab,sports,medium,afternoon
18,2026-03-15 13:16:00,stage,canteen,technical,medium,evening
19,2026-03-15 13:16:00,stage,lab,sports,medium,afternoon
55,2026-03-15 13:16:00,stage,lab,sports,medium,evening
102,2026-03-15 13:16:00,canteen,lab,technical,low,morning
118,2026-03-15 13:16:00,canteen,stage,cultural,low,afternoon
154,2026-03-15 13:16:00,lab,stage,sports,high,afternoon
134,2026-03-15 13:16:00,stage,canteen,technical,medium,afternoon
4,2026-03-15 13:16:00,stage,canteen,technical,medium,evening
108,2026-03-15 13:16:00,lab,lab,technical,high,morning
115,2026-03-15 13:16:00,stage,canteen,technical,medium,morning
29,2026-03-15 13:16:00,lab,lab,cultural,medium,morning
59,2026-03-15 13:16:00,lab,canteen,technical,medium,evening
125,2026-03-15 13:16:00,stage,canteen,sports,low,afternoon
98,2026-03-15 13:17:00,canteen,lab,cultural,medium,evening
17,2026-03-15 13:17:00,canteen,stage,technical,low,morning
107,2026-03-15 13:17:00,canteen,stage,sports,medium,evening
43,2026-03-15 13:17:00,canteen,stage,cultural,medium,evening
80,2026-03-15 13:17:00,stage,stage,sports,high,evening
194,2026-03-15 13:17:00,lab,canteen,cultural,high,morning
162,2026-03-15 13:17:00,lab,canteen,technical,medium,afternoon
8,2026-03-15 13:17:00,stage,canteen,sports,medium,morning
141,2026-03-15 13:17:00,canteen,lab,technical,medium,evening
106,2026-03-15 13:18:00,lab,stage,cultural,low,afternoon
8,2026-03-15 13:18:00,stage,canteen,technical,medium,afternoon
96,2026-03-15 13:18:00,stage,stage,technical,high,morning
94,2026-03-15 13:18:00,canteen,canteen,sports,low,morning
65,2026-03-15 13:18:00,stage,canteen,technical,medium,afternoon
171,2026-03-15 13:18:00,lab,lab,technical,low,evening
39,2026-03-15 13:18:00,lab,canteen,technical,low,morning
81,2026-03-15 13:18:00,stage,stage,cultural,low,afternoon
187,2026-03-15 13:18:00,lab,canteen,sports,low,afternoon
84,2026-03-15 13:18:00,stage,stage,sports,medium,evening
88,2026-03-15 13:18:00,lab,canteen,technical,high,afternoon
86,2026-03-15 13:18:00,canteen,lab,sports,low,morning
93,2026-03-15 13:18:00,lab,stage,cultural,high,afternoon
86,2026-03-15 13:18:00,canteen,canteen,cultural,low,evening
44,2026-03-15 13:18:00,canteen,lab,technical,high,evening
137,2026-03-15 13:18:00,stage,canteen,technical,low,evening
165,2026-03-15 13:19:00,canteen,stage,cultural,low,morning
74,2026-03-15 13:19:00,lab,lab,cultural,medium,morning
36,2026-03-15 13:19:00,lab,canteen,cultural,medium,morning
101,2026-03-15 13:19:00,canteen,lab,technical,low,afternoon
156,2026-03-15 13:19:00,stage,canteen,cultural,high,evening
170,2026-03-15 13:19:00,canteen,canteen,technical,medium,evening
171,2026-03-15 13:19:00,lab,canteen,cultural,medium,evening
170,2026-03-15 13:19:00,lab,canteen,cultural,medium,morning
104,2026-03-15 13:19:00,canteen,stage,sports,medium,evening
66,2026-03-15 13:19:00,canteen,canteen,cultural,low,afternoon
55,2026-03-15 13:19:00,canteen,lab,technical,high,afternoon
200,2026-03-15 13:19:00,lab,lab,cultural,medium,morning
176,2026-03-15 13:19:00,lab,stage,sports,medium,morning
91,2026-03-15 13:19:00,lab,lab,cultural,high,morning
22,2026-03-15 13:19:00,stage,lab,cultural,medium,evening
101,2026-03-15 13:19:00,lab,lab,cultural,high,evening
155,2026-03-15 13:19:00,lab,stage,technical,low,evening
121,2026-03-15 13:20:00,stage,lab,cultural,medium,afternoon
93,2026-03-15 13:20:00,stage,canteen,cultural,high,afternoon
195,2026-03-15 13:20:00,stage,canteen,cultural,medium,evening
108,2026-03-15 13:20:00,stage,canteen,sports,low,afternoon
141,2026-03-15 13:20:00,stage,lab,technical,high,afternoon
173,2026-03-15 13:20:00,stage,lab,technical,high,morning
10,2026-03-15 13:20:00,canteen,lab,sports,high,evening
9,2026-03-15 13:20:00,canteen,stage,technical,medium,afternoon
182,2026-03-15 13:20:00,canteen,lab,sports,high,afternoon
155,2026-03-15 13:20:00,canteen,stage,cultural,high,evening
34,2026-03-15 13:20:00,lab,canteen,technical,high,evening
129,2026-03-15 13:20:00,stage,canteen,cultural,low,morning
160,2026-03-15 13:20:00,lab,canteen,cultural,high,morning
89,2026-03-15 13:20:00,stage,canteen,technical,high,evening
93,2026-03-15 13:21:00,stage,canteen,cultural,high,afternoon
71,2026-03-15 13:21:00,lab,lab,cultural,low,morning
67,2026-03-15 13:21:00,canteen,stage,sports,high,evening
148,2026-03-15 13:21:00,lab,canteen,technical,medium,morning
117,2026-03-15 13:21:00,lab,lab,cultural,high,afternoon
94,2026-03-15 13:21:00,stage,stage,sports,medium,afternoon
163,2026-03-15 13:21:00,stage,canteen,technical,low,evening
99,2026-03-15 13:21:00,stage,canteen,cultural,low,morning
113,2026-03-15 13:21:00,canteen,canteen,cultural,high,afternoon
103,2026-03-15 13:21:00,lab,lab,cultural,high,afternoon
91,2026-03-15 13:21:00,lab,stage,cultural,low,morning
90,2026-03-15 13:21:00,canteen,lab,cultural,low,evening
17,2026-03-15 13:21:00,lab,stage,technical,low,morning
18,2026-03-15 13:21:00,lab,canteen,technical,medium,morning
173,2026-03-15 13:21:00,stage,stage,sports,medium,morning
116,2026-03-15 13:21:00,canteen,canteen,sports,high,morning
93,2026-03-15 13:21:00,stage,canteen,sports,medium,morning
181,2026-03-15 13:22:00,canteen,lab,technical,low,afternoon
91,2026-03-15 13:22:00,stage,canteen,technical,high,evening
82,2026-03-15 13:22:00,lab,canteen,technical,medium,evening
68,2026-03-15 13:22:00,canteen,lab,cultural,high,afternoon
193,2026-03-15 13:22:00,canteen,canteen,technical,medium,evening
114,2026-03-15 13:22:00,stage,canteen,technical,high,evening
1,2026-03-15 13:22:00,canteen,lab,cultural,low,morning
58,2026-03-15 13:22:00,lab,canteen,sports,low,evening
154,2026-03-15 13:22:00,lab,lab,sports,low,morning
109,2026-03-15 13:22:00,lab,stage,sports,medium,evening
148,2026-03-15 13:22:00,stage,canteen,cultural,high,afternoon
116,2026-03-15 13:22:00,canteen,lab,cultural,high,evening
87,2026-03-15 13:23:00,stage,lab,cultural,high,afternoon
10,2026-03-15 13:23:00,lab,lab,technical,medium,morning
59,2026-03-15 13:23:00,canteen,canteen,sports,low,morning
41,2026-03-15 13:23:00,lab,lab,cultural,low,morning
105,2026-03-15 13:23:00,canteen,canteen,cultural,high,morning
133,2026-03-15 13:23:00,canteen,canteen,sports,high,afternoon
122,2026-03-15 13:23:00,stage,lab,sports,medium,evening
193,2026-03-15 13:23:00,canteen,lab,technical,high,morning
145,2026-03-15 13:23:00,lab,lab,sports,high,morning
22,2026-03-15 13:23:00,canteen,stage,cultural,medium,morning
98,2026-03-15 13:23:00,lab,lab,technical,high,afternoon
169,2026-03-15 13:24:00,stage,lab,sports,low,afternoon
68,2026-03-15 13:24:00,lab,canteen,technical,medium,afternoon
197,2026-03-15 13:24:00,canteen,canteen,cultural,low,evening
139,2026-03-15 13:24:00,lab,lab,cultural,high,evening
56,2026-03-15 13:24:00,lab,lab,cultural,high,morning
179,2026-03-15 13:24:00,canteen,lab,cultural,medium,afternoon
149,2026-03-15 13:24:00,lab,canteen,technical,medium,evening
99,2026-03-15 13:24:00,canteen,lab,technical,medium,evening
76,2026-03-15 13:24:00,stage,lab,cultural,medium,afternoon
26,2026-03-15 13:24:00,lab,canteen,technical,high,evening
115,2026-03-15 13:24:00,stage,lab,cultural,high,afternoon
147,2026-03-15 13:24:00,lab,canteen,cultural,low,afternoon
109,2026-03-15 13:24:00,lab,canteen,sports,low,afternoon
188,2026-03-15 13:24:00,stage,stage,technical,medium,morning
199,2026-03-15 13:24:00,lab,canteen,sports,high,evening
47,2026-03-15 13:25:00,lab,lab,cultural,medium,morning
71,2026-03-15 13:25:00,stage,lab,sports,medium,afternoon
154,2026-03-15 13:25:00,lab,canteen,cultural,medium,evening
40,2026-03-15 13:25:00,canteen,canteen,cultural,medium,evening
133,2026-03-15 13:25:00,lab,stage,cultural,medium,morning
149,2026-03-15 13:25:00,lab,lab,technical,high,morning
132,2026-03-15 13:25:00,lab,lab,cultural,low,evening
23,2026-03-15 13:25:00,stage,canteen,cultural,medium,morning
106,2026-03-15 13:25:00,canteen,lab,technical,high,morning
84,2026-03-15 13:25:00,canteen,lab,technical,medium,afternoon
143,2026-03-15 13:25:00,lab,stage,cultural,high,evening
116,2026-03-15 13:25:00,stage,canteen,technical,low,afternoon
109,2026-03-15 13:26:00,stage,canteen,cultural,low,afternoon
136,2026-03-15 13:26:00,canteen,lab,sports,high,evening
41,2026-03-15 13:26:00,stage,lab,technical,medium,evening
112,2026-03-15 13:26:00,lab,lab,sports,low,afternoon
147,2026-03-15 13:26:00,lab,lab,cultural,medium,evening
112,2026-03-15 13:26:00,stage,lab,technical,medium,afternoon
103,2026-03-15 13:26:00,lab,lab,technical,high,afternoon
46,2026-03-15 13:26:00,canteen,lab,cultural,medium,morning
156,2026-03-15 13:26:00,lab,stage,technical,high,afternoon
68,2026-03-15 13:26:00,stage,canteen,technical,high,evening
122,2026-03-15 13:26:00,canteen,lab,technical,high,afternoon
15,2026-03-15 13:26:00,lab,stage,sports,low,afternoon
165,2026-03-15 13:26:00,canteen,stage,cultural,medium,evening
129,2026-03-15 13:26:00,stage,stage,cultural,high,evening
195,2026-03-15 13:26:00,lab,lab,cultural,high,morning
111,2026-03-15 13:26:00,lab,canteen,technical,medium,evening
24,2026-03-15 13:26:00,canteen,canteen,technical,low,afternoon
27,2026-03-15 13:26:00,lab,stage,technical,high,evening
40,2026-03-15 13:27:00,lab,lab,cultural,high,evening
191,2026-03-15 13:27:00,lab,canteen,sports,high,morning
189,2026-03-15 13:27:00,lab,canteen,cultural,high,afternoon
164,2026-03-15 13:27:00,stage,canteen,cultural,medium,morning
24,2026-03-15 13:27:00,lab,lab,sports,high,morning
24,2026-03-15 13:27:00,canteen,canteen,technical,low,afternoon
4,2026-03-15 13:27:00,stage,canteen,technical,medium,evening
67,2026-03-15 13:27:00,canteen,canteen,cultural,low,afternoon
34,2026-03-15 13:27:00,canteen,lab,sports,medium,morning
185,2026-03-15 13:27:00,canteen,stage,cultural,medium,morning
177,2026-03-15 13:27:00,stage,canteen,cultural,medium,afternoon
181,2026-03-15 13:27:00,stage,lab,sports,low,morning
116,2026-03-15 13:27:00,stage,canteen,sports,low,evening
23,2026-03-15 13:27:00,lab,stage,technical,high,evening
109,2026-03-15 13:27:00,canteen,stage,cultural,low,afternoon
69,2026-03-15 13:27:00,stage,lab,sports,high,afternoon
95,2026-03-15 13:28:00,canteen,lab,sports,medium,evening
181,2026-03-15 13:28:00,stage,canteen,sports,high,afternoon
62,2026-03-15 13:28:00,stage,canteen,sports,low,evening
169,2026-03-15 13:28:00,stage,stage,cultural,medium,evening
57,2026-03-15 13:28:00,canteen,canteen,cultural,medium,evening
188,2026-03-15 13:28:00,lab,stage,cultural,high,evening
54,2026-03-15 13:28:00,stage,canteen,sports,high,afternoon
70,2026-03-15 13:28:00,stage,stage,technical,low,evening
101,2026-03-15 13:28:00,stage,canteen,sports,medium,evening
57,2026-03-15 13:28:00,lab,canteen,cultural,high,morning
138,2026-03-15 13:28:00,canteen,canteen,cultural,medium,morning
168,2026-03-15 13:28:00,canteen,stage,cultural,low,morning
135,2026-03-15 13:28:00,canteen,canteen,technical,medium,morning
103,2026-03-15 13:28:00,canteen,lab,technical,high,afternoon
166,2026-03-15 13:28:00,stage,canteen,cultural,low,morning
85,2026-03-15 13:28:00,lab,lab,sports,low,morning
61,2026-03-15 13:28:00,stage,canteen,cultural,medium,morning
3,2026-03-15 13:28:00,lab,canteen,cultural,high,afternoon
128,2026-03-15 13:28:00,canteen,lab,technical,medium,evening
179,2026-03-15 13:28:00,lab,lab,technical,medium,morning
86,2026-03-15 13:28:00,stage,stage,technical,medium,evening
47,2026-03-15 13:28:00,stage,stage,technical,high,morning
196,2026-03-15 13:29:00,canteen,lab,cultural,medium,afternoon
76,2026-03-15 13:29:00,stage,lab,sports,medium,afternoon
38,2026-03-15 13:29:00,stage,lab,cultural,low,afternoon
164,2026-03-15 13:29:00,lab,canteen,cultural,low,evening
169,2026-03-15 13:29:00,stage,canteen,sports,low,afternoon
197,2026-03-15 13:29:00,canteen,lab,cultural,high,evening
141,2026-03-15 13:29:00,canteen,lab,sports,medium,afternoon
87,2026-03-15 13:29:00,stage,canteen,technical,medium,morning
58,2026-03-15 13:29:00,canteen,lab,technical,low,morning
50,2026-03-15 13:29:00,lab,lab,technical,medium,morning
30,2026-03-15 13:29:00,lab,canteen,sports,high,morning
190,2026-03-15 13:29:00,stage,canteen,cultural,medium,evening
101,2026-03-15 13:29:00,stage,canteen,technical,low,afternoon
25,2026-03-15 13:29:00,lab,canteen,technical,high,evening
112,2026-03-15 13:30:00,canteen,canteen,cultural,medium,evening
155,2026-03-15 13:30:00,stage,stage,technical,medium,morning
179,2026-03-15 13:30:00,stage,canteen,technical,medium,afternoon
185,2026-03-15 13:30:00,canteen,canteen,sports,high,evening
126,2026-03-15 13:30:00,stage,lab,cultural,medium,evening
123,2026-03-15 13:30:00,canteen,canteen,sports,low,evening
47,2026-03-15 13:30:00,canteen,canteen,technical,low,evening
118,2026-03-15 13:30:00,canteen,canteen,technical,low,afternoon
39,2026-03-15 13:30:00,canteen,stage,cultural,low,morning
16,2026-03-15 13:30:00,canteen,lab,technical,high,morning
22,2026-03-15 13:30:00,lab,lab,sports,low,evening
54,2026-03-15 13:30:00,canteen,stage,sports,low,afternoon
149,2026-03-15 13:30:00,lab,lab,cultural,low,afternoon
200,2026-03-15 13:30:00,canteen,canteen,cultural,high,evening
16,2026-03-15 13:30:00,stage,lab,technical,high,afternoon
59,2026-03-15 13:31:00,lab,canteen,cultural,medium,evening
31,2026-03-15 13:31:00,stage,canteen,cultural,low,morning
170,2026-03-15 13:31:00,canteen,lab,technical,medium,morning
32,2026-03-15 13:31:00,canteen,lab,technical,high,morning
187,2026-03-15 13:31:00,stage,canteen,sports,medium,evening
162,2026-03-15 13:31:00,canteen,lab,sports,high,evening
9,2026-03-15 13:31:00,stage,stage,cultural,medium,morning
139,2026-03-15 13:31:00,canteen,lab,technical,low,evening
10,2026-03-15 13:31:00,canteen,stage,cultural,high,afternoon
17,2026-03-15 13:31:00,lab,lab,sports,high,morning
68,2026-03-15 13:31:00,stage,canteen,cultural,high,afternoon
48,2026-03-15 13:31:00,canteen,canteen,sports,low,afternoon
180,2026-03-15 13:31:00,stage,lab,sports,low,evening
111,2026-03-15 13:32:00,lab,lab,cultural,high,evening
153,2026-03-15 13:32:00,stage,canteen,sports,high,morning
123,2026-03-15 13:32:00,lab,stage,sports,low,evening
149,2026-03-15 13:32:00,stage,canteen,technical,low,evening
101,2026-03-15 13:32:00,stage,canteen,cultural,low,afternoon
102,2026-03-15 13:32:00,lab,canteen,cultural,low,evening
65,2026-03-15 13:32:00,canteen,lab,cultural,low,morning
191,2026-03-15 13:32:00,canteen,stage,sports,low,evening
51,2026-03-15 13:32:00,canteen,lab,sports,medium,morning
36,2026-03-15 13:32:00,stage,canteen,sports,low,afternoon
81,2026-03-15 13:32:00,stage,stage,cultural,low,afternoon
127,2026-03-15 13:32:00,canteen,lab,technical,high,afternoon
88,2026-03-15 13:32:00,stage,canteen,cultural,high,morning
194,2026-03-15 13:32:00,stage,canteen,cultural,medium,afternoon
104,2026-03-15 13:32:00,canteen,stage,cultural,low,afternoon
15,2026-03-15 13:32:00,lab,lab,technical,high,evening
96,2026-03-15 13:32:00,stage,canteen,cultural,high,morning
167,2026-03-15 13:32:00,stage,canteen,technical,medium,afternoon
123,2026-03-15 13:32:00,stage,lab,technical,low,evening
198,2026-03-15 13:32:00,stage,canteen,cultural,high,evening
1,2026-03-15 13:32:00,lab,stage,cultural,low,afternoon
151,2026-03-15 13:32:00,canteen,lab,cultural,medium,morning
122,2026-03-15 13:33:00,stage,lab,sports,medium,afternoon
167,2026-03-15 13:33:00,canteen,stage,technical,low,evening
126,2026-03-15 13:33:00,stage,lab,cultural,medium,morning
57,2026-03-15 13:33:00,lab,lab,technical,high,evening
81,2026-03-15 13:33:00,canteen,lab,sports,medium,afternoon
162,2026-03-15 13:33:00,lab,canteen,sports,medium,morning
169,2026-03-15 13:33:00,stage,canteen,cultural,low,afternoon
73,2026-03-15 13:33:00,lab,lab,technical,high,afternoon
141,2026-03-15 13:34:00,lab,canteen,sports,low,afternoon
70,2026-03-15 13:34:00,stage,stage,sports,low,evening
6,2026-03-15 13:34:00,stage,canteen,technical,low,morning
84,2026-03-15 13:34:00,canteen,stage,sports,medium,morning
52,2026-03-15 13:34:00,stage,lab,technical,medium,evening
3,2026-03-15 13:34:00,canteen,lab,cultural,low,morning
81,2026-03-15 13:34:00,lab,lab,technical,medium,morning
63,2026-03-15 13:34:00,lab,lab,cultural,medium,afternoon
49,2026-03-15 13:34:00,canteen,stage,technical,low,afternoon
76,2026-03-15 13:34:00,stage,canteen,sports,high,evening
112,2026-03-15 13:34:00,stage,lab,cultural,high,morning
175,2026-03-15 13:34:00,lab,canteen,technical,medium,evening
109,2026-03-15 13:34:00,canteen,lab,cultural,high,evening
183,2026-03-15 13:34:00,lab,lab,technical,high,evening
192,2026-03-15 13:34:00,lab,stage,technical,medium,evening
65,2026-03-15 13:34:00,stage,lab,cultural,high,afternoon
81,2026-03-15 13:35:00,canteen,stage,cultural,medium,evening
195,2026-03-15 13:35:00,lab,stage,cultural,low,morning
15,2026-03-15 13:35:00,stage,canteen,sports,high,afternoon
100,2026-03-15 13:35:00,lab,lab,technical,low,afternoon
32,2026-03-15 13:35:00,lab,canteen,technical,low,evening
96,2026-03-15 13:35:00,stage,canteen,cultural,medium,afternoon
128,2026-03-15 13:35:00,stage,canteen,technical,high,afternoon
196,2026-03-15 13:35:00,canteen,canteen,technical,high,afternoon
146,2026-03-15 13:35:00,lab,canteen,technical,high,afternoon
113,2026-03-15 13:35:00,canteen,stage,cultural,high,afternoon
83,2026-03-15 13:35:00,stage,canteen,technical,medium,afternoon
43,2026-03-15 13:35:00,stage,lab,technical,low,morning
116,2026-03-15 13:35:00,lab,canteen,sports,high,afternoon
163,2026-03-15 13:35:00,canteen,stage,sports,high,afternoon
78,2026-03-15 13:35:00,canteen,lab,cultural,medium,evening
58,2026-03-15 13:35:00,lab,lab,technical,high,afternoon
33,2026-03-15 13:36:00,lab,lab,technical,high,afternoon
14,2026-03-15 13:36:00,canteen,stage,sports,low,evening
162,2026-03-15 13:36:00,stage,stage,cultural,high,morning
189,2026-03-15 13:36:00,stage,canteen,cultural,high,morning
132,2026-03-15 13:36:00,lab,lab,technical,low,afternoon
59,2026-03-15 13:36:00,canteen,canteen,sports,high,morning
157,2026-03-15 13:36:00,canteen,lab,sports,low,morning
83,2026-03-15 13:36:00,canteen,stage,sports,medium,morning
134,2026-03-15 13:36:00,stage,canteen,technical,low,morning
121,2026-03-15 13:36:00,stage,canteen,technical,low,afternoon
177,2026-03-15 13:36:00,canteen,canteen,technical,high,afternoon
168,2026-03-15 13:36:00,canteen,lab,sports,high,evening
83,2026-03-15 13:36:00,lab,canteen,cultural,high,afternoon
193,2026-03-15 13:36:00,lab,canteen,technical,high,afternoon
197,2026-03-15 13:36:00,canteen,canteen,technical,low,morning
27,2026-03-15 13:37:00,canteen,canteen,cultural,medium,morning
80,2026-03-15 13:37:00,stage,stage,cultural,high,afternoon
134,2026-03-15 13:37:00,canteen,lab,sports,low,afternoon
13,2026-03-15 13:37:00,lab,lab,technical,medium,morning
64,2026-03-15 13:37:00,stage,canteen,sports,medium,afternoon
190,2026-03-15 13:37:00,lab,stage,technical,medium,afternoon
147,2026-03-15 13:37:00,lab,lab,sports,low,morning
80,2026-03-15 13:37:00,stage,canteen,sports,high,morning
123,2026-03-15 13:37:00,lab,stage,cultural,low,evening
43,2026-03-15 13:37:00,canteen,canteen,technical,high,afternoon
89,2026-03-15 13:37:00,lab,lab,cultural,medium,morning
148,2026-03-15 13:37:00,stage,canteen,cultural,medium,morning
95,2026-03-15 13:37:00,stage,canteen,cultural,low,afternoon
196,2026-03-15 13:38:00,stage,canteen,technical,medium,afternoon
172,2026-03-15 13:38:00,lab,stage,sports,low,morning
151,2026-03-15 13:38:00,canteen,canteen,sports,high,afternoon
2,2026-03-15 13:38:00,stage,canteen,technical,medium,evening
120,2026-03-15 13:38:00,canteen,lab,technical,high,morning
22,2026-03-15 13:38:00,stage,stage,sports,medium,morning
115,2026-03-15 13:38:00,canteen,stage,sports,high,afternoon
57,2026-03-15 13:38:00,canteen,lab,cultural,medium,morning
72,2026-03-15 13:38:00,canteen,lab,sports,high,afternoon
7,2026-03-15 13:38:00,stage,canteen,cultural,medium,evening
184,2026-03-15 13:38:00,lab,lab,sports,low,evening
119,2026-03-15 13:38:00,lab,stage,sports,high,evening
195,2026-03-15 13:38:00,lab,canteen,sports,high,morning
114,2026-03-15 13:38:00,canteen,stage,cultural,low,evening
16,2026-03-15 13:39:00,stage,lab,cultural,low,afternoon
83,2026-03-15 13:39:00,canteen,canteen,sports,low,afternoon
179,2026-03-15 13:39:00,stage,lab,cultural,medium,evening
72,2026-03-15 13:39:00,canteen,lab,cultural,low,evening
124,2026-03-15 13:39:00,stage,lab,cultural,medium,afternoon
113,2026-03-15 13:39:00,stage,canteen,cultural,medium,evening
12,2026-03-15 13:39:00,stage,canteen,technical,low,evening
126,2026-03-15 13:39:00,canteen,lab,cultural,low,evening
53,2026-03-15 13:39:00,lab,lab,sports,medium,afternoon
75,2026-03-15 13:40:00,canteen,lab,cultural,high,afternoon
133,2026-03-15 13:40:00,canteen,stage,sports,high,evening
27,2026-03-15 13:40:00,stage,canteen,cultural,low,afternoon
140,2026-03-15 13:40:00,stage,canteen,sports,high,evening
145,2026-03-15 13:40:00,lab,stage,technical,medium,evening
134,2026-03-15 13:40:00,lab,lab,sports,high,evening
97,2026-03-15 13:40:00,stage,canteen,cultural,medium,morning
5,2026-03-15 13:40:00,lab,stage,cultural,low,morning
57,2026-03-15 13:40:00,lab,canteen,sports,low,evening
156,2026-03-15 13:40:00,stage,canteen,technical,high,morning
78,2026-03-15 13:40:00,canteen,stage,cultural,low,evening
69,2026-03-15 13:40:00,lab,lab,cultural,low,morning
118,2026-03-15 13:40:00,stage,canteen,sports,medium,evening
120,2026-03-15 13:40:00,lab,canteen,sports,medium,morning
59,2026-03-15 13:40:00,lab,lab,technical,medium,afternoon
33,2026-03-15 13:40:00,stage,canteen,sports,medium,afternoon
62,2026-03-15 13:40:00,lab,canteen,cultural,low,morning
50,2026-03-15 13:40:00,lab,lab,sports,medium,evening
112,2026-03-15 13:41:00,lab,lab,technical,medium,morning
19,2026-03-15 13:41:00,canteen,stage,technical,medium,morning
197,2026-03-15 13:41:00,canteen,canteen,cultural,high,afternoon
123,2026-03-15 13:41:00,lab,lab,sports,medium,afternoon
194,2026-03-15 13:41:00,stage,canteen,cultural,low,afternoon
47,2026-03-15 13:41:00,lab,lab,technical,low,morning
167,2026-03-15 13:41:00,lab,lab,technical,medium,afternoon
196,2026-03-15 13:41:00,canteen,lab,sports,high,afternoon
33,2026-03-15 13:41:00,canteen,canteen,sports,high,afternoon
141,2026-03-15 13:41:00,canteen,stage,cultural,high,evening
84,2026-03-15 13:41:00,lab,lab,technical,high,evening
182,2026-03-15 13:41:00,lab,canteen,cultural,medium,morning
135,2026-03-15 13:41:00,stage,canteen,cultural,medium,afternoon
79,2026-03-15 13:41:00,lab,lab,cultural,low,morning
14,2026-03-15 13:41:00,lab,canteen,technical,low,morning
147,2026-03-15 13:41:00,canteen,canteen,sports,high,afternoon
128,2026-03-15 13:41:00,canteen,lab,technical,high,morning
54,2026-03-15 13:41:00,canteen,stage,cultural,low,afternoon
148,2026-03-15 13:41:00,canteen,stage,technical,low,afternoon
29,2026-03-15 13:41:00,canteen,canteen,cultural,high,evening
24,2026-03-15 13:41:00,stage,canteen,cultural,low,morning
82,2026-03-15 13:42:00,stage,stage,sports,high,morning
63,2026-03-15 13:42:00,stage,canteen,cultural,medium,afternoon
105,2026-03-15 13:42:00,canteen,lab,technical,high,evening
57,2026-03-15 13:42:00,canteen,lab,sports,medium,evening
136,2026-03-15 13:42:00,canteen,stage,sports,medium,morning
62,2026-03-15 13:42:00,stage,lab,sports,medium,evening
157,2026-03-15 13:42:00,canteen,stage,sports,low,morning
17,2026-03-15 13:42:00,stage,canteen,sports,low,morning
66,2026-03-15 13:42:00,canteen,canteen,technical,high,evening
6,2026-03-15 13:42:00,lab,stage,cultural,medium,afternoon
58,2026-03-15 13:42:00,stage,canteen,cultural,high,morning
69,2026-03-15 13:42:00,lab,canteen,cultural,medium,morning
156,2026-03-15 13:42:00,stage,canteen,cultural,medium,morning
62,2026-03-15 13:42:00,canteen,canteen,sports,high,morning
169,2026-03-15 13:42:00,canteen,lab,cultural,high,evening
197,2026-03-15 13:42:00,lab,canteen,cultural,high,evening
82,2026-03-15 13:42:00,canteen,stage,sports,high,evening
169,2026-03-15 13:42:00,stage,stage,sports,low,evening
177,2026-03-15 13:42:00,canteen,canteen,sports,medium,morning
177,2026-03-15 13:42:00,canteen,canteen,cultural,medium,afternoon
71,2026-03-15 13:42:00,stage,canteen,sports,low,afternoon
131,2026-03-15 13:42:00,lab,stage,sports,medium,evening
10,2026-03-15 13:42:00,lab,canteen,technical,low,morning
98,2026-03-15 13:42:00,canteen,lab,technical,medium,evening
89,2026-03-15 13:42:00,stage,canteen,cultural,low,afternoon
35,2026-03-15 13:42:00,lab,lab,sports,low,evening
2,2026-03-15 13:43:00,lab,stage,cultural,medium,morning
124,2026-03-15 13:43:00,canteen,lab,technical,medium,morning
24,2026-03-15 13:43:00,stage,canteen,technical,medium,morning
74,2026-03-15 13:43:00,lab,lab,sports,high,evening
166,2026-03-15 13:43:00,canteen,canteen,cultural,medium,afternoon
22,2026-03-15 13:43:00,canteen,canteen,technical,medium,morning
154,2026-03-15 13:43:00,canteen,canteen,sports,medium,afternoon
171,2026-03-15 13:43:00,canteen,canteen,cultural,high,afternoon
183,2026-03-15 13:44:00,lab,lab,sports,medium,evening
39,2026-03-15 13:44:00,stage,canteen,sports,low,evening
157,2026-03-15 13:44:00,canteen,lab,technical,low,afternoon
20,2026-03-15 13:44:00,canteen,lab,cultural,high,morning
41,2026-03-15 13:44:00,lab,canteen,technical,high,morning
182,2026-03-15 13:44:00,canteen,stage,cultural,high,evening
148,2026-03-15 13:44:00,canteen,lab,cultural,high,morning
108,2026-03-15 13:44:00,stage,canteen,sports,high,afternoon
147,2026-03-15 13:44:00,canteen,lab,sports,medium,morning
84,2026-03-15 13:44:00,lab,canteen,cultural,low,evening
111,2026-03-15 13:44:00,stage,canteen,sports,low,afternoon
66,2026-03-15 13:45:00,lab,lab,technical,medium,afternoon
158,2026-03-15 13:45:00,stage,canteen,cultural,high,morning
53,2026-03-15 13:45:00,stage,canteen,technical,medium,morning
34,2026-03-15 13:45:00,canteen,stage,sports,high,afternoon
150,2026-03-15 13:45:00,canteen,lab,cultural,low,evening
67,2026-03-15 13:45:00,canteen,stage,sports,low,evening
134,2026-03-15 13:45:00,lab,stage,technical,high,morning
27,2026-03-15 13:45:00,canteen,canteen,cultural,medium,evening
10,2026-03-15 13:45:00,canteen,canteen,sports,high,afternoon
73,2026-03-15 13:45:00,stage,canteen,technical,high,evening
96,2026-03-15 13:45:00,canteen,stage,technical,low,afternoon
48,2026-03-15 13:45:00,canteen,lab,sports,high,morning
70,2026-03-15 13:45:00,canteen,lab,cultural,medium,evening
187,2026-03-15 13:45:00,canteen,canteen,sports,high,afternoon
100,2026-03-15 13:45:00,stage,canteen,cultural,low,morning
59,2026-03-15 13:45:00,canteen,lab,technical,medium,afternoon
2,2026-03-15 13:46:00,stage,canteen,technical,medium,evening
157,2026-03-15 13:46:00,lab,canteen,technical,low,afternoon
196,2026-03-15 13:46:00,canteen,canteen,sports,low,morning
65,2026-03-15 13:46:00,canteen,canteen,sports,high,morning
83,2026-03-15 13:46:00,canteen,canteen,sports,low,evening
154,2026-03-15 13:46:00,stage,lab,technical,low,morning
10,2026-03-15 13:46:00,canteen,canteen,cultural,low,evening
53,2026-03-15 13:46:00,canteen,lab,sports,low,morning
79,2026-03-15 13:46:00,lab,stage,sports,medium,evening
59,2026-03-15 13:46:00,stage,canteen,sports,medium,morning
150,2026-03-15 13:47:00,stage,canteen,technical,medium,evening
179,2026-03-15 13:47:00,lab,canteen,cultural,low,afternoon
48,2026-03-15 13:47:00,stage,lab,cultural,high,afternoon
149,2026-03-15 13:47:00,canteen,lab,cultural,high,evening
123,2026-03-15 13:47:00,canteen,canteen,sports,high,morning
22,2026-03-15 13:47:00,lab,lab,sports,high,morning
100,2026-03-15 13:47:00,stage,lab,cultural,medium,evening
98,2026-03-15 13:47:00,stage,canteen,technical,high,morning
158,2026-03-15 13:47:00,stage,stage,cultural,medium,evening
25,2026-03-15 13:47:00,lab,lab,sports,high,afternoon
28,2026-03-15 13:47:00,canteen,stage,cultural,high,evening
193,2026-03-15 13:47:00,lab,lab,cultural,medium,morning
113,2026-03-15 13:47:00,canteen,canteen,cultural,medium,morning
45,2026-03-15 13:48:00,lab,canteen,technical,high,evening
68,2026-03-15 13:48:00,canteen,stage,sports,low,evening
7,2026-03-15 13:48:00,stage,canteen,sports,high,evening
49,2026-03-15 13:48:00,stage,lab,cultural,high,evening
137,2026-03-15 13:48:00,stage,stage,sports,high,afternoon
164,2026-03-15 13:48:00,lab,canteen,technical,medium,morning
83,2026-03-15 13:48:00,lab,lab,cultural,high,morning
129,2026-03-15 13:48:00,lab,canteen,technical,low,evening
138,2026-03-15 13:48:00,stage,canteen,cultural,high,evening
164,2026-03-15 13:48:00,canteen,lab,cultural,low,evening
73,2026-03-15 13:48:00,stage,canteen,cultural,low,afternoon
46,2026-03-15 13:48:00,stage,canteen,technical,low,afternoon
106,2026-03-15 13:49:00,canteen,stage,sports,high,evening
160,2026-03-15 13:49:00,canteen,lab,sports,medium,morning
32,2026-03-15 13:49:00,canteen,lab,sports,medium,afternoon
6,2026-03-15 13:49:00,canteen,stage,sports,high,morning
176,2026-03-15 13:49:00,stage,canteen,technical,high,afternoon
166,2026-03-15 13:49:00,lab,canteen,sports,low,evening
145,2026-03-15 13:49:00,stage,lab,sports,high,evening
74,2026-03-15 13:49:00,canteen,canteen,cultural,medium,morning
114,2026-03-15 13:49:00,lab,lab,technical,high,evening
27,2026-03-15 13:49:00,lab,stage,cultural,high,morning
54,2026-03-15 13:49:00,stage,lab,sports,high,evening
178,2026-03-15 13:49:00,stage,canteen,cultural,low,evening
163,2026-03-15 13:49:00,stage,canteen,sports,high,morning
85,2026-03-15 13:49:00,lab,canteen,cultural,high,evening
127,2026-03-15 13:49:00,lab,lab,technical,high,afternoon
153,2026-03-15 13:49:00,lab,stage,cultural,medium,evening
156,2026-03-15 13:49:00,canteen,stage,cultural,low,morning
111,2026-03-15 13:49:00,canteen,canteen,cultural,low,evening
15,2026-03-15 13:49:00,stage,lab,cultural,medium,afternoon
132,2026-03-15 13:49:00,lab,lab,sports,low,evening
93,2026-03-15 13:50:00,stage,canteen,cultural,medium,evening
123,2026-03-15 13:50:00,lab,lab,technical,low,afternoon
73,2026-03-15 13:50:00,stage,stage,cultural,low,evening
155,2026-03-15 13:50:00,canteen,lab,technical,low,evening
154,2026-03-15 13:50:00,lab,lab,cultural,high,morning
147,2026-03-15 13:50:00,canteen,lab,sports,low,morning
92,2026-03-15 13:50:00,lab,canteen,technical,high,morning
17,2026-03-15 13:50:00,stage,lab,technical,high,morning
43,2026-03-15 13:50:00,lab,lab,cultural,high,afternoon
121,2026-03-15 13:50:00,canteen,lab,sports,medium,morning
41,2026-03-15 13:50:00,lab,canteen,sports,low,morning
170,2026-03-15 13:50:00,stage,canteen,technical,low,evening
178,2026-03-15 13:50:00,lab,lab,cultural,low,afternoon
168,2026-03-15 13:51:00,canteen,canteen,sports,high,afternoon
39,2026-03-15 13:51:00,stage,canteen,sports,low,morning
113,2026-03-15 13:51:00,canteen,canteen,sports,high,evening
151,2026-03-15 13:51:00,lab,lab,cultural,high,afternoon
111,2026-03-15 13:51:00,canteen,canteen,cultural,high,afternoon
180,2026-03-15 13:51:00,lab,canteen,technical,high,morning
47,2026-03-15 13:51:00,stage,lab,cultural,low,morning
63,2026-03-15 13:51:00,canteen,canteen,sports,high,morning
110,2026-03-15 13:51:00,canteen,stage,technical,medium,evening
69,2026-03-15 13:51:00,lab,canteen,cultural,medium,morning
43,2026-03-15 13:52:00,canteen,lab,sports,medium,afternoon
176,2026-03-15 13:52:00,canteen,lab,sports,high,afternoon
34,2026-03-15 13:52:00,stage,canteen,technical,low,morning
40,2026-03-15 13:52:00,lab,lab,technical,low,afternoon
61,2026-03-15 13:52:00,lab,stage,cultural,high,evening
178,2026-03-15 13:52:00,stage,lab,cultural,high,morning
195,2026-03-15 13:52:00,stage,canteen,technical,high,afternoon
62,2026-03-15 13:52:00,lab,stage,technical,medium,afternoon
58,2026-03-15 13:52:00,stage,canteen,sports,high,morning
161,2026-03-15 13:52:00,stage,canteen,cultural,high,afternoon
75,2026-03-15 13:52:00,stage,canteen,sports,low,afternoon
16,2026-03-15 13:53:00,lab,lab,technical,low,morning
82,2026-03-15 13:53:00,stage,lab,technical,medium,evening
94,2026-03-15 13:53:00,canteen,canteen,technical,medium,afternoon
48,2026-03-15 13:53:00,canteen,canteen,cultural,medium,evening
138,2026-03-15 13:53:00,lab,stage,technical,medium,evening
82,2026-03-15 13:53:00,stage,stage,technical,high,evening
38,2026-03-15 13:54:00,canteen,lab,cultural,high,evening
127,2026-03-15 13:54:00,lab,stage,technical,medium,evening
19,2026-03-15 13:54:00,canteen,lab,cultural,medium,afternoon
164,2026-03-15 13:54:00,stage,canteen,technical,low,afternoon
187,2026-03-15 13:54:00,lab,stage,cultural,low,evening
63,2026-03-15 13:54:00,canteen,canteen,cultural,low,morning
77,2026-03-15 13:54:00,lab,stage,cultural,medium,evening
174,2026-03-15 13:54:00,canteen,canteen,cultural,low,morning
131,2026-03-15 13:54:00,canteen,lab,sports,medium,afternoon
102,2026-03-15 13:54:00,stage,canteen,cultural,high,morning
65,2026-03-15 13:54:00,stage,stage,cultural,medium,afternoon
120,2026-03-15 13:55:00,canteen,lab,cultural,high,morning
91,2026-03-15 13:55:00,lab,stage,cultural,high,evening
8,2026-03-15 13:55:00,lab,lab,technical,medium,afternoon
179,2026-03-15 13:55:00,stage,canteen,technical,low,morning
73,2026-03-15 13:55:00,canteen,canteen,cultural,medium,evening
134,2026-03-15 13:55:00,stage,lab,cultural,low,morning
107,2026-03-15 13:56:00,canteen,lab,sports,high,morning
89,2026-03-15 13:56:00,canteen,stage,cultural,high,morning
39,2026-03-15 13:56:00,stage,canteen,cultural,high,afternoon
113,2026-03-15 13:56:00,lab,lab,cultural,high,afternoon
188,2026-03-15 13:56:00,stage,stage,technical,medium,evening
28,2026-03-15 13:56:00,canteen,canteen,cultural,high,morning
97,2026-03-15 13:56:00,stage,canteen,cultural,low,morning
182,2026-03-15 13:56:00,lab,lab,sports,low,afternoon
37,2026-03-15 13:56:00,lab,lab,technical,high,afternoon
137,2026-03-15 13:56:00,canteen,lab,sports,medium,morning
82,2026-03-15 13:56:00,stage,canteen,cultural,high,morning
56,2026-03-15 13:56:00,lab,lab,sports,high,morning
187,2026-03-15 13:56:00,stage,canteen,cultural,low,afternoon
85,2026-03-15 13:56:00,lab,canteen,cultural,medium,morning
2,2026-03-15 13:57:00,canteen,canteen,technical,medium,morning
189,2026-03-15 13:57:00,canteen,lab,sports,low,afternoon
58,2026-03-15 13:57:00,stage,lab,cultural,low,afternoon
107,2026-03-15 13:57:00,canteen,canteen,sports,low,afternoon
123,2026-03-15 13:57:00,lab,canteen,technical,medium,afternoon
188,2026-03-15 13:57:00,canteen,lab,cultural,low,morning
168,2026-03-15 13:57:00,lab,lab,technical,low,afternoon
164,2026-03-15 13:57:00,lab,stage,sports,low,afternoon
114,2026-03-15 13:57:00,canteen,lab,sports,high,morning
107,2026-03-15 13:57:00,lab,lab,sports,medium,evening
37,2026-03-15 13:57:00,lab,lab,cultural,medium,morning
79,2026-03-15 13:57:00,stage,canteen,cultural,high,morning
92,2026-03-15 13:57:00,stage,canteen,cultural,medium,morning
18,2026-03-15 13:57:00,stage,lab,technical,low,morning
98,2026-03-15 13:58:00,canteen,canteen,sports,high,morning
63,2026-03-15 13:58:00,stage,lab,sports,low,morning
150,2026-03-15 13:58:00,lab,canteen,sports,low,morning
139,2026-03-15 13:58:00,canteen,stage,technical,low,evening
186,2026-03-15 13:58:00,canteen,canteen,cultural,low,morning
185,2026-03-15 13:58:00,canteen,canteen,technical,medium,morning
4,2026-03-15 13:58:00,canteen,lab,sports,high,morning
135,2026-03-15 13:58:00,lab,lab,sports,high,morning
61,2026-03-15 13:58:00,lab,lab,technical,low,morning
107,2026-03-15 13:58:00,stage,lab,cultural,high,evening
54,2026-03-15 13:58:00,canteen,canteen,cultural,high,afternoon
88,2026-03-15 13:58:00,stage,lab,sports,low,afternoon
68,2026-03-15 13:58:00,lab,lab,technical,low,morning
129,2026-03-15 13:58:00,canteen,lab,cultural,medium,evening
55,2026-03-15 13:59:00,lab,canteen,technical,medium,evening
3,2026-03-15 13:59:00,stage,canteen,sports,low,evening
166,2026-03-15 13:59:00,lab,lab,sports,medium,afternoon
121,2026-03-15 13:59:00,canteen,canteen,sports,medium,afternoon
129,2026-03-15 13:59:00,canteen,lab,sports,high,evening
102,2026-03-15 13:59:00,stage,lab,cultural,low,afternoon
38,2026-03-15 13:59:00,canteen,canteen,sports,high,afternoon
85,2026-03-15 13:59:00,lab,lab,cultural,high,morning
157,2026-03-15 13:59:00,lab,lab,cultural,low,morning
133,2026-03-15 13:59:00,lab,lab,technical,high,morning
92,2026-03-15 13:59:00,lab,canteen,sports,medium,evening
21,2026-03-15 13:59:00,stage,lab,cultural,medium,morning
199,2026-03-15 13:59:00,lab,canteen,technical,medium,evening
195,2026-03-15 14:00:00,stage,stage,technical,medium,morning
109,2026-03-15 14:00:00,lab,lab,sports,medium,evening
47,2026-03-15 14:00:00,stage,canteen,sports,high,afternoon
84,2026-03-15 14:00:00,lab,lab,technical,low,evening
83,2026-03-15 14:00:00,lab,stage,cultural,high,afternoon
35,2026-03-15 14:00:00,stage,stage,sports,high,morning
196,2026-03-15 14:00:00,canteen,lab,technical,medium,afternoon
69,2026-03-15 14:00:00,canteen,stage,technical,medium,afternoon
129,2026-03-15 14:00:00,canteen,lab,cultural,high,morning
196,2026-03-15 14:00:00,stage,lab,cultural,high,evening
140,2026-03-15 14:00:00,canteen,lab,technical,low,evening
188,2026-03-15 14:00:00,canteen,stage,cultural,low,evening
27,2026-03-15 14:00:00,stage,canteen,sports,low,morning
56,2026-03-15 14:00:00,canteen,lab,technical,low,evening
23,2026-03-15 14:00:00,canteen,canteen,cultural,low,afternoon
153,2026-03-15 14:00:00,canteen,canteen,cultural,medium,morning
21,2026-03-15 14:00:00,stage,canteen,cultural,low,evening
61,2026-03-15 14:00:00,stage,stage,cultural,high,afternoon
63,2026-03-15 14:00:00,canteen,lab,technical,medium,afternoon
122,2026-03-15 14:00:00,canteen,lab,cultural,high,evening
52,2026-03-15 14:01:00,stage,lab,sports,medium,morning
88,2026-03-15 14:01:00,canteen,lab,sports,medium,afternoon
153,2026-03-15 14:01:00,stage,lab,technical,low,afternoon
55,2026-03-15 14:01:00,canteen,stage,technical,high,afternoon
46,2026-03-15 14:01:00,stage,canteen,sports,low,afternoon
32,2026-03-15 14:01:00,lab,lab,sports,high,evening
55,2026-03-15 14:01:00,lab,lab,technical,high,morning
96,2026-03-15 14:01:00,stage,lab,sports,low,afternoon
133,2026-03-15 14:01:00,lab,lab,sports,low,afternoon
36,2026-03-15 14:01:00,canteen,lab,technical,medium,afternoon
110,2026-03-15 14:01:00,stage,lab,technical,medium,morning
177,2026-03-15 14:01:00,stage,stage,cultural,medium,afternoon
106,2026-03-15 14:02:00,canteen,lab,cultural,high,morning
58,2026-03-15 14:02:00,canteen,lab,sports,low,morning
39,2026-03-15 14:02:00,stage,canteen,technical,medium,morning
80,2026-03-15 14:02:00,canteen,stage,cultural,low,morning
97,2026-03-15 14:02:00,stage,canteen,sports,medium,evening
113,2026-03-15 14:02:00,canteen,canteen,sports,medium,evening
61,2026-03-15 14:02:00,stage,canteen,sports,low,evening
137,2026-03-15 14:02:00,canteen,lab,sports,medium,afternoon
6,2026-03-15 14:02:00,canteen,lab,technical,low,morning
109,2026-03-15 14:03:00,lab,lab,sports,medium,morning
35,2026-03-15 14:03:00,lab,canteen,cultural,low,evening
39,2026-03-15 14:03:00,lab,canteen,technical,medium,evening
150,2026-03-15 14:03:00,canteen,stage,sports,medium,morning
169,2026-03-15 14:03:00,stage,canteen,cultural,high,evening
118,2026-03-15 14:03:00,canteen,stage,cultural,low,afternoon
5,2026-03-15 14:03:00,lab,lab,technical,medium,afternoon
170,2026-03-15 14:03:00,canteen,lab,technical,high,afternoon
87,2026-03-15 14:03:00,lab,stage,technical,low,morning
76,2026-03-15 14:03:00,lab,canteen,cultural,medium,evening
195,2026-03-15 14:03:00,stage,canteen,cultural,medium,afternoon
158,2026-03-15 14:03:00,stage,canteen,sports,medium,afternoon
57,2026-03-15 14:04:00,lab,stage,technical,low,afternoon
127,2026-03-15 14:04:00,lab,lab,technical,high,afternoon
29,2026-03-15 14:04:00,canteen,canteen,technical,medium,afternoon
165,2026-03-15 14:04:00,lab,stage,technical,high,evening
87,2026-03-15 14:04:00,canteen,stage,cultural,low,afternoon
141,2026-03-15 14:04:00,lab,lab,technical,low,afternoon
160,2026-03-15 14:04:00,stage,stage,cultural,medium,afternoon
46,2026-03-15 14:04:00,stage,stage,cultural,medium,morning
116,2026-03-15 14:04:00,lab,canteen,technical,medium,evening
112,2026-03-15 14:04:00,canteen,lab,cultural,high,afternoon
151,2026-03-15 14:04:00,canteen,stage,cultural,high,evening
45,2026-03-15 14:05:00,canteen,canteen,technical,medium,afternoon
145,2026-03-15 14:05:00,lab,canteen,technical,low,morning
104,2026-03-15 14:05:00,lab,stage,sports,low,morning
85,2026-03-15 14:05:00,stage,canteen,cultural,medium,morning
194,2026-03-15 14:05:00,stage,stage,cultural,high,morning
134,2026-03-15 14:05:00,lab,stage,sports,low,afternoon
108,2026-03-15 14:05:00,stage,canteen,sports,high,evening
18,2026-03-15 14:05:00,canteen,stage,technical,medium,afternoon
94,2026-03-15 14:06:00,canteen,stage,sports,high,morning
150,2026-03-15 14:06:00,lab,canteen,technical,high,morning
33,2026-03-15 14:06:00,canteen,lab,technical,high,afternoon
158,2026-03-15 14:06:00,lab,lab,technical,low,afternoon
126,2026-03-15 14:06:00,canteen,lab,cultural,high,evening
160,2026-03-15 14:06:00,lab,lab,cultural,high,evening
170,2026-03-15 14:06:00,canteen,lab,technical,high,evening
122,2026-03-15 14:06:00,canteen,lab,sports,medium,evening
138,2026-03-15 14:06:00,stage,canteen,cultural,high,morning
115,2026-03-15 14:06:00,stage,canteen,cultural,high,morning
164,2026-03-15 14:06:00,stage,canteen,sports,low,evening
162,2026-03-15 14:06:00,stage,canteen,cultural,medium,evening
28,2026-03-15 14:06:00,stage,lab,sports,high,morning
11,2026-03-15 14:06:00,stage,canteen,sports,low,morning
167,2026-03-15 14:06:00,lab,lab,cultural,low,morning
47,2026-03-15 14:06:00,lab,canteen,sports,high,evening
127,2026-03-15 14:06:00,stage,canteen,sports,low,evening
147,2026-03-15 14:06:00,lab,canteen,technical,low,morning
118,2026-03-15 14:06:00,stage,canteen,technical,low,morning
143,2026-03-15 14:07:00,lab,canteen,cultural,low,afternoon
126,2026-03-15 14:07:00,canteen,lab,sports,high,afternoon
156,2026-03-15 14:07:00,lab,lab,cultural,high,morning
152,2026-03-15 14:07:00,lab,lab,cultural,low,morning
72,2026-03-15 14:07:00,lab,canteen,technical,high,afternoon
107,2026-03-15 14:07:00,canteen,lab,sports,high,evening
137,2026-03-15 14:07:00,stage,canteen,cultural,low,morning
175,2026-03-15 14:07:00,lab,canteen,cultural,low,morning
33,2026-03-15 14:07:00,lab,lab,technical,low,morning
190,2026-03-15 14:07:00,canteen,canteen,technical,high,evening
19,2026-03-15 14:07:00,stage,stage,technical,high,afternoon
195,2026-03-15 14:07:00,lab,canteen,cultural,medium,evening
74,2026-03-15 14:07:00,canteen,lab,sports,medium,evening
168,2026-03-15 14:07:00,stage,canteen,technical,low,morning
175,2026-03-15 14:07:00,stage,canteen,technical,medium,morning
193,2026-03-15 14:07:00,lab,lab,sports,high,afternoon
157,2026-03-15 14:07:00,lab,lab,cultural,medium,evening
178,2026-03-15 14:08:00,lab,lab,cultural,medium,afternoon
98,2026-03-15 14:08:00,lab,canteen,sports,low,evening
141,2026-03-15 14:08:00,canteen,stage,technical,high,morning
129,2026-03-15 14:08:00,canteen,canteen,sports,high,afternoon
162,2026-03-15 14:08:00,lab,canteen,cultural,high,evening
93,2026-03-15 14:08:00,stage,canteen,cultural,high,morning
176,2026-03-15 14:08:00,lab,stage,technical,medium,morning
48,2026-03-15 14:08:00,stage,canteen,technical,low,evening
177,2026-03-15 14:08:00,stage,lab,sports,medium,morning
64,2026-03-15 14:08:00,stage,canteen,cultural,high,evening
61,2026-03-15 14:08:00,canteen,lab,cultural,low,evening
157,2026-03-15 14:08:00,stage,lab,sports,low,evening
39,2026-03-15 14:09:00,stage,lab,technical,high,evening
128,2026-03-15 14:09:00,canteen,lab,cultural,high,morning
88,2026-03-15 14:09:00,stage,canteen,cultural,low,evening
26,2026-03-15 14:09:00,stage,lab,technical,high,evening
17,2026-03-15 14:09:00,lab,lab,cultural,high,evening
71,2026-03-15 14:09:00,stage,canteen,technical,high,morning
13,2026-03-15 14:09:00,stage,canteen,sports,high,afternoon
69,2026-03-15 14:09:00,stage,canteen,technical,low,evening
26,2026-03-15 14:09:00,stage,lab,technical,low,afternoon
49,2026-03-15 14:09:00,stage,canteen,sports,medium,afternoon
195,2026-03-15 14:09:00,canteen,stage,cultural,medium,evening
7,2026-03-15 14:09:00,stage,lab,cultural,low,afternoon
58,2026-03-15 14:09:00,stage,lab,technical,medium,afternoon
49,2026-03-15 14:09:00,canteen,canteen,technical,high,evening
103,2026-03-15 14:09:00,canteen,canteen,sports,high,morning
53,2026-03-15 14:09:00,stage,canteen,sports,low,afternoon
193,2026-03-15 14:10:00,stage,canteen,cultural,medium,evening
62,2026-03-15 14:10:00,stage,lab,cultural,high,evening
17,2026-03-15 14:10:00,lab,stage,sports,medium,afternoon
171,2026-03-15 14:10:00,lab,stage,technical,low,afternoon
25,2026-03-15 14:10:00,stage,canteen,sports,low,afternoon
131,2026-03-15 14:10:00,canteen,canteen,cultural,medium,evening
29,2026-03-15 14:10:00,stage,stage,technical,low,evening
117,2026-03-15 14:10:00,canteen,stage,sports,high,morning
160,2026-03-15 14:10:00,canteen,lab,cultural,high,morning
26,2026-03-15 14:10:00,canteen,stage,technical,medium,evening
124,2026-03-15 14:10:00,stage,lab,technical,medium,morning
144,2026-03-15 14:10:00,stage,canteen,technical,low,afternoon
25,2026-03-15 14:10:00,canteen,lab,technical,low,morning
54,2026-03-15 14:10:00,lab,canteen,technical,medium,morning
156,2026-03-15 14:10:00,lab,canteen,sports,low,evening
73,2026-03-15 14:10:00,lab,lab,technical,medium,evening
120,2026-03-15 14:10:00,canteen,lab,sports,medium,afternoon
56,2026-03-15 14:10:00,stage,lab,technical,high,morning
65,2026-03-15 14:10:00,canteen,lab,cultural,low,evening
93,2026-03-15 14:10:00,lab,lab,technical,medium,evening
86,2026-03-15 14:10:00,stage,canteen,sports,high,evening
80,2026-03-15 14:11:00,canteen,lab,cultural,medium,afternoon
169,2026-03-15 14:11:00,canteen,lab,cultural,low,afternoon
108,2026-03-15 14:11:00,lab,lab,sports,high,morning
179,2026-03-15 14:11:00,canteen,lab,cultural,low,afternoon
118,2026-03-15 14:11:00,stage,stage,sports,high,morning
199,2026-03-15 14:11:00,lab,canteen,technical,low,morning
157,2026-03-15 14:11:00,lab,lab,technical,medium,morning
83,2026-03-15 14:11:00,stage,canteen,sports,medium,evening
147,2026-03-15 14:11:00,lab,lab,technical,medium,evening
194,2026-03-15 14:11:00,canteen,lab,cultural,low,evening
169,2026-03-15 14:11:00,canteen,canteen,technical,high,afternoon
173,2026-03-15 14:11:00,lab,stage,technical,low,evening
15,2026-03-15 14:11:00,stage,stage,cultural,medium,morning
131,2026-03-15 14:12:00,canteen,lab,cultural,low,afternoon
139,2026-03-15 14:12:00,stage,canteen,technical,high,afternoon
181,2026-03-15 14:12:00,canteen,canteen,technical,medium,evening
174,2026-03-15 14:12:00,canteen,lab,technical,low,evening
30,2026-03-15 14:12:00,lab,stage,sports,medium,evening
57,2026-03-15 14:12:00,lab,stage,sports,low,evening
146,2026-03-15 14:12:00,stage,canteen,technical,low,afternoon
179,2026-03-15 14:12:00,lab,canteen,technical,medium,afternoon
128,2026-03-15 14:12:00,canteen,lab,cultural,high,morning
48,2026-03-15 14:12:00,canteen,lab,technical,medium,afternoon
194,2026-03-15 14:12:00,stage,lab,technical,high,afternoon
136,2026-03-15 14:12:00,stage,canteen,sports,medium,evening
22,2026-03-15 14:12:00,canteen,canteen,sports,medium,morning
6,2026-03-15 14:13:00,lab,lab,sports,medium,afternoon
185,2026-03-15 14:13:00,lab,lab,cultural,low,evening
104,2026-03-15 14:13:00,stage,lab,technical,low,evening
36,2026-03-15 14:13:00,stage,canteen,sports,high,morning
79,2026-03-15 14:13:00,canteen,stage,cultural,medium,afternoon
116,2026-03-15 14:13:00,canteen,lab,technical,low,afternoon
57,2026-03-15 14:13:00,stage,canteen,technical,low,afternoon
49,2026-03-15 14:13:00,canteen,canteen,cultural,medium,afternoon
173,2026-03-15 14:13:00,stage,stage,technical,medium,morning
82,2026-03-15 14:13:00,stage,canteen,cultural,medium,evening
66,2026-03-15 14:13:00,lab,canteen,cultural,high,evening
77,2026-03-15 14:13:00,stage,canteen,sports,medium,morning
45,2026-03-15 14:13:00,canteen,stage,cultural,low,afternoon
79,2026-03-15 14:13:00,lab,canteen,sports,low,evening
20,2026-03-15 14:13:00,lab,lab,technical,medium,afternoon
192,2026-03-15 14:13:00,canteen,canteen,sports,high,evening
123,2026-03-15 14:14:00,canteen,stage,cultural,high,afternoon
67,2026-03-15 14:14:00,canteen,stage,sports,low,morning
83,2026-03-15 14:14:00,stage,canteen,technical,high,afternoon
3,2026-03-15 14:14:00,lab,lab,sports,medium,afternoon
182,2026-03-15 14:14:00,stage,stage,technical,high,morning
64,2026-03-15 14:14:00,stage,canteen,cultural,high,morning
40,2026-03-15 14:14:00,stage,stage,sports,low,afternoon
59,2026-03-15 14:14:00,stage,canteen,technical,low,afternoon
183,2026-03-15 14:14:00,lab,stage,technical,low,afternoon
62,2026-03-15 14:15:00,lab,stage,sports,high,evening
132,2026-03-15 14:15:00,stage,canteen,sports,low,afternoon
60,2026-03-15 14:15:00,canteen,canteen,sports,low,evening
116,2026-03-15 14:15:00,lab,lab,sports,high,evening
75,2026-03-15 14:15:00,stage,stage,sports,high,evening
122,2026-03-15 14:15:00,canteen,stage,technical,high,morning
107,2026-03-15 14:15:00,canteen,canteen,cultural,medium,morning
96,2026-03-15 14:15:00,stage,lab,technical,medium,evening
91,2026-03-15 14:15:00,lab,canteen,sports,high,evening
158,2026-03-15 14:15:00,canteen,canteen,sports,low,evening
130,2026-03-15 14:15:00,lab,canteen,cultural,high,morning
62,2026-03-15 14:15:00,lab,stage,sports,medium,morning
49,2026-03-15 14:15:00,canteen,lab,cultural,low,morning
137,2026-03-15 14:15:00,stage,canteen,sports,medium,evening
92,2026-03-15 14:15:00,canteen,lab,technical,medium,evening
159,2026-03-15 14:15:00,canteen,lab,cultural,medium,afternoon
124,2026-03-15 14:15:00,lab,canteen,technical,medium,afternoon
61,2026-03-15 14:16:00,stage,stage,sports,low,morning
48,2026-03-15 14:16:00,lab,lab,technical,high,morning
153,2026-03-15 14:16:00,canteen,stage,technical,low,afternoon
164,2026-03-15 14:16:00,stage,canteen,technical,high,morning
136,2026-03-15 14:16:00,stage,canteen,cultural,high,evening
58,2026-03-15 14:16:00,stage,lab,cultural,low,afternoon
101,2026-03-15 14:16:00,stage,canteen,cultural,high,evening
112,2026-03-15 14:16:00,stage,canteen,technical,low,afternoon
173,2026-03-15 14:16:00,canteen,stage,technical,low,afternoon
62,2026-03-15 14:16:00,canteen,canteen,sports,high,morning
39,2026-03-15 14:16:00,canteen,stage,cultural,high,evening
58,2026-03-15 14:16:00,lab,lab,sports,medium,evening
99,2026-03-15 14:16:00,stage,lab,technical,high,evening
192,2026-03-15 14:16:00,stage,canteen,cultural,high,evening
44,2026-03-15 14:16:00,canteen,stage,sports,high,morning
29,2026-03-15 14:16:00,stage,canteen,technical,low,evening
59,2026-03-15 14:16:00,lab,lab,technical,medium,morning
71,2026-03-15 14:17:00,stage,canteen,technical,medium,afternoon
92,2026-03-15 14:17:00,stage,stage,cultural,low,evening
9,2026-03-15 14:17:00,lab,lab,cultural,high,morning
127,2026-03-15 14:17:00,canteen,lab,sports,high,afternoon
134,2026-03-15 14:17:00,canteen,stage,technical,low,evening
157,2026-03-15 14:17:00,stage,lab,cultural,medium,evening
186,2026-03-15 14:17:00,lab,canteen,cultural,low,morning
145,2026-03-15 14:17:00,canteen,canteen,technical,low,afternoon
144,2026-03-15 14:17:00,canteen,canteen,technical,high,afternoon
131,2026-03-15 14:17:00,canteen,lab,sports,low,afternoon
21,2026-03-15 14:17:00,stage,canteen,sports,low,afternoon
64,2026-03-15 14:17:00,lab,stage,sports,low,evening
90,2026-03-15 14:17:00,stage,lab,cultural,high,afternoon
36,2026-03-15 14:17:00,canteen,stage,cultural,high,morning
62,2026-03-15 14:17:00,lab,lab,cultural,medium,morning
170,2026-03-15 14:17:00,stage,canteen,cultural,medium,evening
76,2026-03-15 14:18:00,canteen,stage,cultural,medium,morning
170,2026-03-15 14:18:00,canteen,stage,technical,high,evening
189,2026-03-15 14:18:00,stage,lab,sports,medium,afternoon
13,2026-03-15 14:18:00,canteen,canteen,sports,low,evening
11,2026-03-15 14:18:00,canteen,lab,sports,medium,afternoon
54,2026-03-15 14:18:00,lab,canteen,sports,low,morning
16,2026-03-15 14:18:00,canteen,lab,technical,medium,evening
8,2026-03-15 14:18:00,stage,canteen,cultural,high,afternoon
104,2026-03-15 14:18:00,lab,canteen,cultural,low,evening
59,2026-03-15 14:18:00,stage,canteen,cultural,low,afternoon
57,2026-03-15 14:18:00,canteen,lab,sports,high,evening
40,2026-03-15 14:18:00,lab,canteen,sports,low,evening
187,2026-03-15 14:18:00,lab,canteen,technical,medium,evening
130,2026-03-15 14:19:00,lab,lab,technical,high,evening
94,2026-03-15 14:19:00,lab,lab,cultural,low,afternoon
138,2026-03-15 14:19:00,stage,stage,cultural,high,afternoon
44,2026-03-15 14:19:00,canteen,lab,cultural,low,evening
139,2026-03-15 14:19:00,canteen,lab,cultural,low,evening
80,2026-03-15 14:19:00,lab,stage,cultural,high,morning
81,2026-03-15 14:19:00,canteen,stage,cultural,low,afternoon
2,2026-03-15 14:19:00,stage,canteen,sports,medium,afternoon
178,2026-03-15 14:19:00,canteen,lab,technical,medium,afternoon
140,2026-03-15 14:19:00,stage,canteen,technical,low,afternoon
115,2026-03-15 14:19:00,stage,canteen,sports,low,morning
90,2026-03-15 14:19:00,canteen,canteen,cultural,medium,evening
23,2026-03-15 14:19:00,stage,canteen,cultural,low,evening
146,2026-03-15 14:19:00,stage,canteen,cultural,low,evening
62,2026-03-15 14:19:00,stage,stage,technical,high,morning
113,2026-03-15 14:19:00,stage,canteen,technical,high,morning
128,2026-03-15 14:20:00,lab,lab,cultural,medium,evening
62,2026-03-15 14:20:00,canteen,canteen,cultural,medium,morning
38,2026-03-15 14:20:00,lab,canteen,sports,high,morning
195,2026-03-15 14:20:00,stage,canteen,cultural,high,morning
166,2026-03-15 14:20:00,canteen,canteen,sports,medium,morning
195,2026-03-15 14:20:00,stage,lab,cultural,medium,evening
61,2026-03-15 14:20:00,canteen,lab,cultural,medium,morning
129,2026-03-15 14:20:00,lab,canteen,cultural,high,evening
173,2026-03-15 14:20:00,canteen,canteen,sports,high,afternoon
156,2026-03-15 14:20:00,stage,canteen,sports,low,morning
149,2026-03-15 14:20:00,canteen,lab,sports,medium,afternoon
122,2026-03-15 14:20:00,canteen,canteen,technical,low,afternoon
110,2026-03-15 14:20:00,lab,lab,technical,medium,morning
13,2026-03-15 14:20:00,stage,lab,cultural,high,evening
155,2026-03-15 14:21:00,canteen,canteen,sports,medium,evening
100,2026-03-15 14:21:00,lab,lab,sports,medium,evening
135,2026-03-15 14:21:00,canteen,lab,cultural,high,morning
22,2026-03-15 14:21:00,stage,lab,cultural,high,morning
74,2026-03-15 14:21:00,canteen,lab,cultural,medium,evening
181,2026-03-15 14:21:00,canteen,canteen,cultural,medium,evening
132,2026-03-15 14:21:00,canteen,canteen,sports,medium,afternoon
23,2026-03-15 14:21:00,canteen,lab,technical,medium,afternoon
119,2026-03-15 14:21:00,stage,lab,sports,medium,morning
70,2026-03-15 14:21:00,lab,lab,technical,high,evening
84,2026-03-15 14:21:00,lab,stage,cultural,medium,evening
101,2026-03-15 14:22:00,canteen,lab,technical,high,morning
84,2026-03-15 14:22:00,stage,stage,sports,low,evening
161,2026-03-15 14:22:00,stage,canteen,sports,low,morning
28,2026-03-15 14:22:00,stage,canteen,sports,medium,afternoon
136,2026-03-15 14:22:00,stage,stage,sports,low,evening
1,2026-03-15 14:22:00,stage,stage,sports,high,evening
165,2026-03-15 14:22:00,stage,canteen,sports,low,morning
63,2026-03-15 14:22:00,canteen,canteen,cultural,low,morning
22,2026-03-15 14:22:00,lab,stage,technical,high,morning
70,2026-03-15 14:22:00,lab,canteen,cultural,medium,morning
125,2026-03-15 14:22:00,canteen,stage,technical,high,afternoon
149,2026-03-15 14:22:00,lab,lab,technical,high,morning
96,2026-03-15 14:22:00,stage,canteen,technical,medium,evening
163,2026-03-15 14:22:00,stage,canteen,sports,high,evening
79,2026-03-15 14:23:00,lab,lab,sports,medium,evening
5,2026-03-15 14:23:00,stage,canteen,sports,high,evening
60,2026-03-15 14:23:00,stage,canteen,technical,low,afternoon
120,2026-03-15 14:23:00,lab,lab,technical,medium,afternoon
46,2026-03-15 14:23:00,canteen,lab,technical,medium,afternoon
178,2026-03-15 14:23:00,lab,canteen,cultural,low,morning
176,2026-03-15 14:23:00,lab,lab,sports,low,evening
134,2026-03-15 14:23:00,lab,lab,sports,medium,evening
56,2026-03-15 14:23:00,lab,lab,sports,low,afternoon
110,2026-03-15 14:23:00,canteen,lab,cultural,high,morning
187,2026-03-15 14:23:00,canteen,lab,cultural,high,afternoon
157,2026-03-15 14:23:00,stage,stage,cultural,high,evening
199,2026-03-15 14:24:00,stage,canteen,technical,low,evening
104,2026-03-15 14:24:00,lab,lab,cultural,low,afternoon
77,2026-03-15 14:24:00,stage,canteen,technical,low,evening
146,2026-03-15 14:24:00,canteen,canteen,technical,medium,afternoon
2,2026-03-15 14:24:00,stage,lab,sports,high,afternoon
8,2026-03-15 14:24:00,stage,canteen,sports,medium,afternoon
75,2026-03-15 14:24:00,stage,stage,cultural,medium,afternoon
182,2026-03-15 14:24:00,lab,lab,technical,medium,evening
125,2026-03-15 14:24:00,stage,canteen,technical,high,morning
38,2026-03-15 14:24:00,canteen,stage,technical,high,evening
176,2026-03-15 14:24:00,canteen,lab,sports,high,afternoon
27,2026-03-15 14:25:00,canteen,stage,sports,low,evening
20,2026-03-15 14:25:00,canteen,canteen,sports,high,morning
140,2026-03-15 14:25:00,stage,stage,sports,low,evening
43,2026-03-15 14:25:00,lab,lab,sports,low,afternoon
189,2026-03-15 14:25:00,canteen,canteen,sports,low,morning
31,2026-03-15 14:25:00,canteen,canteen,cultural,high,evening
91,2026-03-15 14:25:00,lab,lab,cultural,high,morning
61,2026-03-15 14:25:00,lab,stage,cultural,high,evening
195,2026-03-15 14:25:00,canteen,lab,cultural,high,morning
109,2026-03-15 14:26:00,canteen,lab,technical,medium,afternoon
91,2026-03-15 14:26:00,lab,lab,sports,high,afternoon
163,2026-03-15 14:26:00,canteen,lab,sports,high,morning
95,2026-03-15 14:26:00,canteen,stage,cultural,high,evening
143,2026-03-15 14:26:00,stage,stage,technical,high,afternoon
144,2026-03-15 14:26:00,lab,lab,cultural,high,evening
13,2026-03-15 14:26:00,stage,lab,sports,medium,morning
113,2026-03-15 14:26:00,stage,canteen,cultural,medium,evening
35,2026-03-15 14:26:00,lab,lab,technical,low,morning
187,2026-03-15 14:26:00,stage,canteen,sports,low,evening
149,2026-03-15 14:26:00,canteen,lab,technical,high,morning
182,2026-03-15 14:26:00,stage,lab,cultural,low,morning
158,2026-03-15 14:26:00,lab,lab,sports,medium,morning
48,2026-03-15 14:26:00,canteen,lab,technical,high,morning
35,2026-03-15 14:26:00,canteen,lab,technical,low,evening
86,2026-03-15 14:26:00,canteen,stage,technical,low,afternoon
166,2026-03-15 14:26:00,canteen,lab,sports,medium,morning
159,2026-03-15 14:26:00,stage,canteen,sports,high,morning
152,2026-03-15 14:26:00,stage,lab,cultural,low,afternoon
114,2026-03-15 14:27:00,canteen,lab,cultural,medium,afternoon
177,2026-03-15 14:27:00,lab,stage,sports,high,morning
100,2026-03-15 14:27:00,canteen,lab,technical,medium,morning
160,2026-03-15 14:27:00,stage,canteen,sports,high,evening
183,2026-03-15 14:27:00,canteen,stage,sports,high,afternoon
186,2026-03-15 14:27:00,stage,canteen,sports,high,evening
99,2026-03-15 14:27:00,canteen,lab,sports,medium,morning
3,2026-03-15 14:27:00,lab,canteen,cultural,high,morning
197,2026-03-15 14:27:00,canteen,canteen,cultural,low,morning
85,2026-03-15 14:27:00,lab,stage,technical,high,morning
125,2026-03-15 14:27:00,lab,lab,sports,high,afternoon
138,2026-03-15 14:27:00,canteen,lab,sports,medium,evening
83,2026-03-15 14:27:00,lab,stage,cultural,high,afternoon
25,2026-03-15 14:27:00,lab,lab,cultural,low,morning
68,2026-03-15 14:27:00,stage,canteen,sports,low,evening
61,2026-03-15 14:27:00,stage,stage,cultural,high,morning
29,2026-03-15 14:27:00,lab,canteen,sports,medium,afternoon
127,2026-03-15 14:27:00,canteen,lab,technical,low,morning
19,2026-03-15 14:27:00,lab,canteen,technical,medium,afternoon
171,2026-03-15 14:27:00,canteen,lab,technical,high,afternoon
194,2026-03-15 14:27:00,stage,canteen,sports,medium,morning
74,2026-03-15 14:28:00,canteen,stage,cultural,high,morning
61,2026-03-15 14:28:00,lab,lab,technical,high,afternoon
171,2026-03-15 14:28:00,lab,canteen,sports,medium,evening
153,2026-03-15 14:28:00,lab,lab,technical,low,afternoon
20,2026-03-15 14:28:00,lab,stage,technical,high,evening
48,2026-03-15 14:28:00,lab,canteen,cultural,high,afternoon
87,2026-03-15 14:28:00,canteen,canteen,sports,high,morning
152,2026-03-15 14:28:00,lab,stage,cultural,low,afternoon
139,2026-03-15 14:28:00,stage,canteen,cultural,low,evening
110,2026-03-15 14:28:00,lab,stage,cultural,high,evening
183,2026-03-15 14:28:00,canteen,lab,technical,low,evening
28,2026-03-15 14:28:00,lab,lab,technical,medium,evening
197,2026-03-15 14:28:00,lab,stage,technical,medium,evening
191,2026-03-15 14:28:00,canteen,lab,sports,medium,afternoon
59,2026-03-15 14:28:00,lab,stage,cultural,medium,morning
133,2026-03-15 14:29:00,canteen,stage,technical,high,morning
51,2026-03-15 14:29:00,lab,lab,cultural,medium,afternoon
149,2026-03-15 14:29:00,stage,canteen,cultural,low,morning
12,2026-03-15 14:29:00,lab,canteen,cultural,high,afternoon
50,2026-03-15 14:29:00,canteen,stage,cultural,low,evening
132,2026-03-15 14:29:00,stage,lab,cultural,medium,afternoon
113,2026-03-15 14:29:00,canteen,lab,technical,high,morning
170,2026-03-15 14:29:00,lab,stage,sports,high,morning
166,2026-03-15 14:29:00,stage,canteen,sports,high,morning
153,2026-03-15 14:29:00,canteen,lab,sports,medium,afternoon
14,2026-03-15 14:29:00,stage,canteen,sports,low,afternoon
32,2026-03-15 14:29:00,stage,stage,cultural,high,afternoon
139,2026-03-15 14:30:00,canteen,canteen,technical,low,morning
189,2026-03-15 14:30:00,stage,canteen,technical,medium,afternoon
146,2026-03-15 14:30:00,canteen,canteen,cultural,medium,afternoon
155,2026-03-15 14:30:00,stage,lab,cultural,low,morning
55,2026-03-15 14:31:00,stage,canteen,technical,high,evening
182,2026-03-15 14:31:00,stage,canteen,technical,low,evening
120,2026-03-15 14:31:00,lab,lab,sports,high,morning
75,2026-03-15 14:31:00,lab,lab,sports,high,morning
21,2026-03-15 14:31:00,canteen,lab,sports,low,evening
172,2026-03-15 14:31:00,stage,canteen,technical,high,afternoon
133,2026-03-15 14:31:00,canteen,lab,sports,high,morning
87,2026-03-15 14:31:00,lab,lab,technical,high,evening
169,2026-03-15 14:31:00,lab,canteen,technical,medium,afternoon
59,2026-03-15 14:31:00,lab,lab,cultural,high,morning
89,2026-03-15 14:31:00,lab,lab,technical,low,evening
182,2026-03-15 14:31:00,canteen,lab,cultural,medium,afternoon
150,2026-03-15 14:31:00,stage,canteen,cultural,high,afternoon
83,2026-03-15 14:31:00,canteen,canteen,technical,medium,evening
65,2026-03-15 14:31:00,stage,canteen,technical,low,afternoon
64,2026-03-15 14:32:00,lab,canteen,sports,medium,evening
71,2026-03-15 14:32:00,stage,lab,technical,medium,evening
4,2026-03-15 14:32:00,lab,canteen,sports,high,afternoon
193,2026-03-15 14:32:00,canteen,lab,sports,low,evening
143,2026-03-15 14:32:00,stage,stage,technical,low,evening
104,2026-03-15 14:32:00,canteen,canteen,sports,medium,morning
150,2026-03-15 14:32:00,lab,lab,cultural,high,evening
175,2026-03-15 14:32:00,canteen,canteen,cultural,medium,afternoon
93,2026-03-15 14:32:00,lab,lab,technical,medium,evening
174,2026-03-15 14:32:00,lab,lab,technical,medium,afternoon
142,2026-03-15 14:32:00,lab,stage,technical,high,morning
178,2026-03-15 14:32:00,canteen,stage,cultural,medium,afternoon
148,2026-03-15 14:33:00,canteen,stage,sports,high,evening
178,2026-03-15 14:33:00,stage,canteen,cultural,low,afternoon
112,2026-03-15 14:33:00,stage,canteen,sports,medium,morning
161,2026-03-15 14:33:00,canteen,lab,sports,low,morning
119,2026-03-15 14:33:00,canteen,canteen,technical,medium,morning
59,2026-03-15 14:33:00,canteen,lab,technical,low,afternoon
43,2026-03-15 14:33:00,canteen,lab,technical,high,afternoon
12,2026-03-15 14:33:00,lab,canteen,cultural,medium,afternoon
40,2026-03-15 14:33:00,lab,canteen,cultural,medium,morning
118,2026-03-15 14:33:00,lab,stage,cultural,high,afternoon
20,2026-03-15 14:33:00,canteen,canteen,technical,low,morning
166,2026-03-15 14:33:00,lab,canteen,technical,low,morning
131,2026-03-15 14:33:00,lab,canteen,sports,high,evening
156,2026-03-15 14:33:00,stage,lab,sports,low,evening
184,2026-03-15 14:33:00,stage,lab,technical,high,morning
90,2026-03-15 14:34:00,lab,lab,cultural,low,morning
94,2026-03-15 14:34:00,lab,canteen,technical,high,morning
13,2026-03-15 14:34:00,lab,lab,cultural,high,evening
66,2026-03-15 14:34:00,canteen,canteen,technical,high,morning
37,2026-03-15 14:34:00,stage,canteen,technical,high,evening
177,2026-03-15 14:34:00,stage,canteen,sports,low,evening
66,2026-03-15 14:34:00,stage,stage,cultural,medium,afternoon
36,2026-03-15 14:34:00,lab,canteen,cultural,low,afternoon
182,2026-03-15 14:34:00,canteen,canteen,technical,high,afternoon
26,2026-03-15 14:34:00,stage,lab,sports,medium,evening
75,2026-03-15 14:34:00,stage,canteen,technical,medium,morning
200,2026-03-15 14:34:00,canteen,lab,technical,low,afternoon
108,2026-03-15 14:34:00,lab,canteen,cultural,high,evening
168,2026-03-15 14:34:00,lab,stage,technical,high,morning
43,2026-03-15 14:34:00,stage,canteen,sports,high,afternoon
150,2026-03-15 14:34:00,stage,canteen,technical,high,evening
148,2026-03-15 14:35:00,canteen,stage,sports,high,afternoon
8,2026-03-15 14:35:00,stage,canteen,cultural,medium,afternoon
29,2026-03-15 14:35:00,canteen,canteen,cultural,low,evening
40,2026-03-15 14:35:00,stage,canteen,technical,low,afternoon
158,2026-03-15 14:35:00,stage,canteen,sports,low,evening
128,2026-03-15 14:35:00,stage,canteen,cultural,medium,evening
84,2026-03-15 14:35:00,lab,stage,sports,medium,afternoon
116,2026-03-15 14:35:00,canteen,lab,cultural,low,morning
183,2026-03-15 14:35:00,canteen,canteen,cultural,medium,morning
144,2026-03-15 14:36:00,lab,lab,sports,medium,morning
174,2026-03-15 14:36:00,lab,lab,sports,low,evening
62,2026-03-15 14:36:00,lab,lab,sports,medium,afternoon
7,2026-03-15 14:36:00,canteen,canteen,cultural,high,morning
45,2026-03-15 14:36:00,stage,canteen,sports,low,afternoon
187,2026-03-15 14:36:00,lab,canteen,technical,low,morning
184,2026-03-15 14:36:00,lab,lab,sports,low,morning
176,2026-03-15 14:36:00,lab,canteen,cultural,low,afternoon
155,2026-03-15 14:36:00,stage,canteen,sports,medium,afternoon
181,2026-03-15 14:36:00,stage,lab,sports,low,afternoon
88,2026-03-15 14:36:00,lab,stage,sports,high,afternoon
73,2026-03-15 14:36:00,stage,lab,technical,medium,morning
163,2026-03-15 14:37:00,lab,lab,cultural,medium,afternoon
179,2026-03-15 14:37:00,stage,canteen,technical,low,evening
37,2026-03-15 14:37:00,canteen,canteen,technical,medium,morning
119,2026-03-15 14:37:00,canteen,canteen,cultural,medium,evening
57,2026-03-15 14:37:00,stage,lab,cultural,medium,morning
8,2026-03-15 14:37:00,canteen,stage,sports,low,morning
95,2026-03-15 14:38:00,canteen,lab,cultural,high,evening
117,2026-03-15 14:38:00,canteen,lab,sports,low,morning
110,2026-03-15 14:38:00,lab,lab,technical,high,evening
20,2026-03-15 14:38:00,stage,lab,sports,medium,morning
124,2026-03-15 14:38:00,stage,canteen,cultural,high,afternoon
53,2026-03-15 14:38:00,stage,stage,sports,low,morning
119,2026-03-15 14:38:00,canteen,canteen,technical,low,evening
12,2026-03-15 14:38:00,lab,stage,cultural,low,afternoon
177,2026-03-15 14:38:00,stage,lab,cultural,medium,afternoon
17,2026-03-15 14:38:00,canteen,lab,sports,high,afternoon
64,2026-03-15 14:38:00,lab,lab,sports,low,afternoon
42,2026-03-15 14:38:00,lab,lab,sports,low,morning
94,2026-03-15 14:38:00,stage,canteen,technical,low,evening
157,2026-03-15 14:38:00,stage,stage,technical,medium,afternoon
147,2026-03-15 14:38:00,canteen,canteen,cultural,low,evening
11,2026-03-15 14:38:00,stage,stage,cultural,medium,evening
98,2026-03-15 14:38:00,canteen,lab,technical,medium,afternoon
178,2026-03-15 14:38:00,lab,stage,sports,low,evening
71,2026-03-15 14:38:00,lab,lab,sports,medium,evening
108,2026-03-15 14:38:00,lab,lab,technical,medium,evening
58,2026-03-15 14:38:00,lab,canteen,sports,low,evening
34,2026-03-15 14:38:00,stage,stage,technical,low,morning
20,2026-03-15 14:39:00,stage,canteen,sports,high,morning
50,2026-03-15 14:39:00,canteen,canteen,sports,low,morning
102,2026-03-15 14:39:00,canteen,lab,cultural,high,evening
138,2026-03-15 14:39:00,canteen,stage,sports,high,morning
160,2026-03-15 14:39:00,canteen,lab,sports,high,afternoon
52,2026-03-15 14:39:00,canteen,lab,technical,low,evening
15,2026-03-15 14:39:00,lab,stage,technical,high,morning
84,2026-03-15 14:39:00,lab,lab,technical,high,morning
131,2026-03-15 14:39:00,lab,lab,technical,high,evening
37,2026-03-15 14:39:00,canteen,lab,sports,low,evening
126,2026-03-15 14:39:00,lab,stage,technical,low,evening
40,2026-03-15 14:39:00,lab,stage,cultural,low,afternoon
72,2026-03-15 14:39:00,lab,canteen,technical,low,morning
40,2026-03-15 14:39:00,lab,canteen,sports,medium,afternoon
56,2026-03-15 14:39:00,stage,lab,cultural,low,morning
151,2026-03-15 14:40:00,canteen,lab,sports,high,evening
104,2026-03-15 14:40:00,canteen,lab,cultural,low,morning
139,2026-03-15 14:40:00,stage,stage,cultural,medium,evening
110,2026-03-15 14:40:00,lab,stage,cultural,medium,morning
192,2026-03-15 14:40:00,lab,lab,sports,medium,afternoon
136,2026-03-15 14:40:00,lab,canteen,cultural,low,morning
93,2026-03-15 14:40:00,canteen,canteen,sports,medium,evening
94,2026-03-15 14:40:00,canteen,canteen,cultural,medium,afternoon
56,2026-03-15 14:40:00,canteen,stage,technical,medium,afternoon
60,2026-03-15 14:40:00,canteen,lab,technical,low,morning
138,2026-03-15 14:40:00,canteen,canteen,cultural,medium,morning
39,2026-03-15 14:40:00,stage,canteen,cultural,medium,afternoon
28,2026-03-15 14:40:00,canteen,lab,technical,high,morning
49,2026-03-15 14:41:00,lab,stage,technical,high,evening
164,2026-03-15 14:41:00,canteen,lab,sports,high,evening
125,2026-03-15 14:41:00,stage,canteen,technical,medium,morning
13,2026-03-15 14:41:00,lab,lab,sports,high,afternoon
36,2026-03-15 14:41:00,stage,canteen,cultural,low,morning
101,2026-03-15 14:41:00,lab,lab,sports,high,afternoon
26,2026-03-15 14:41:00,canteen,canteen,cultural,low,afternoon
86,2026-03-15 14:41:00,stage,lab,sports,high,evening
4,2026-03-15 14:41:00,lab,lab,sports,high,morning
82,2026-03-15 14:41:00,canteen,canteen,sports,high,afternoon
192,2026-03-15 14:41:00,lab,lab,cultural,low,afternoon
166,2026-03-15 14:41:00,stage,canteen,cultural,low,afternoon
127,2026-03-15 14:42:00,stage,canteen,sports,high,afternoon
88,2026-03-15 14:42:00,stage,canteen,cultural,low,evening
127,2026-03-15 14:42:00,stage,canteen,sports,high,evening
120,2026-03-15 14:42:00,canteen,canteen,cultural,medium,evening
22,2026-03-15 14:42:00,lab,canteen,sports,medium,evening
130,2026-03-15 14:42:00,canteen,lab,technical,medium,evening
31,2026-03-15 14:42:00,stage,canteen,technical,low,morning
119,2026-03-15 14:42:00,lab,stage,sports,medium,morning
11,2026-03-15 14:42:00,stage,canteen,cultural,high,evening
46,2026-03-15 14:42:00,canteen,lab,sports,high,afternoon
96,2026-03-15 14:42:00,canteen,lab,technical,low,afternoon
190,2026-03-15 14:42:00,canteen,lab,technical,high,morning
197,2026-03-15 14:42:00,lab,canteen,sports,medium,morning
192,2026-03-15 14:42:00,lab,lab,technical,high,morning
10,2026-03-15 14:42:00,stage,canteen,sports,low,evening
168,2026-03-15 14:42:00,lab,canteen,technical,high,afternoon
128,2026-03-15 14:42:00,lab,lab,cultural,high,afternoon
152,2026-03-15 14:42:00,canteen,lab,cultural,medium,morning
99,2026-03-15 14:42:00,stage,canteen,cultural,low,morning
172,2026-03-15 14:43:00,canteen,lab,sports,medium,morning
112,2026-03-15 14:43:00,stage,lab,sports,high,morning
60,2026-03-15 14:43:00,stage,lab,cultural,low,evening
190,2026-03-15 14:43:00,lab,lab,cultural,high,afternoon
87,2026-03-15 14:43:00,canteen,canteen,cultural,high,evening
145,2026-03-15 14:43:00,lab,canteen,technical,medium,afternoon
65,2026-03-15 14:43:00,lab,lab,cultural,high,evening
57,2026-03-15 14:43:00,lab,canteen,technical,low,afternoon
183,2026-03-15 14:43:00,stage,canteen,cultural,low,evening
106,2026-03-15 14:43:00,canteen,canteen,sports,medium,afternoon
181,2026-03-15 14:43:00,canteen,stage,cultural,medium,evening
184,2026-03-15 14:43:00,lab,lab,technical,low,afternoon
9,2026-03-15 14:43:00,stage,canteen,cultural,medium,morning
22,2026-03-15 14:43:00,canteen,canteen,technical,high,afternoon
141,2026-03-15 14:43:00,canteen,lab,cultural,low,afternoon
89,2026-03-15 14:43:00,lab,lab,technical,medium,evening
176,2026-03-15 14:43:00,stage,lab,technical,low,morning
18,2026-03-15 14:43:00,lab,lab,cultural,high,evening
115,2026-03-15 14:44:00,canteen,lab,cultural,medium,afternoon
168,2026-03-15 14:44:00,stage,lab,sports,low,afternoon
145,2026-03-15 14:44:00,lab,lab,sports,high,afternoon
143,2026-03-15 14:44:00,canteen,lab,sports,medium,afternoon
106,2026-03-15 14:44:00,lab,stage,technical,low,evening
15,2026-03-15 14:45:00,lab,lab,technical,high,morning
63,2026-03-15 14:45:00,lab,canteen,sports,high,afternoon
167,2026-03-15 14:45:00,stage,canteen,sports,high,evening
13,2026-03-15 14:45:00,canteen,stage,cultural,high,evening
81,2026-03-15 14:45:00,canteen,canteen,sports,high,evening
32,2026-03-15 14:45:00,canteen,lab,technical,medium,evening
137,2026-03-15 14:45:00,canteen,lab,cultural,high,evening
40,2026-03-15 14:45:00,stage,lab,sports,medium,afternoon
148,2026-03-15 14:45:00,lab,lab,sports,medium,afternoon
82,2026-03-15 14:45:00,canteen,canteen,sports,low,morning
77,2026-03-15 14:45:00,stage,lab,cultural,low,morning
191,2026-03-15 14:45:00,lab,canteen,cultural,medium,morning
76,2026-03-15 14:45:00,stage,lab,cultural,high,morning
172,2026-03-15 14:45:00,stage,canteen,sports,high,evening
38,2026-03-15 14:45:00,canteen,canteen,cultural,medium,evening
188,2026-03-15 14:45:00,canteen,lab,cultural,high,evening
71,2026-03-15 14:46:00,lab,lab,cultural,medium,evening
48,2026-03-15 14:46:00,lab,lab,cultural,low,evening
18,2026-03-15 14:46:00,canteen,lab,technical,high,evening
144,2026-03-15 14:46:00,stage,canteen,sports,high,evening
183,2026-03-15 14:46:00,canteen,lab,cultural,high,evening
39,2026-03-15 14:46:00,lab,lab,technical,low,morning
196,2026-03-15 14:46:00,stage,stage,technical,high,afternoon
187,2026-03-15 14:46:00,stage,stage,sports,medium,morning
89,2026-03-15 14:46:00,stage,stage,sports,high,evening
62,2026-03-15 14:46:00,canteen,lab,cultural,medium,evening
141,2026-03-15 14:46:00,canteen,stage,sports,high,evening
109,2026-03-15 14:46:00,lab,canteen,sports,medium,afternoon
81,2026-03-15 14:47:00,stage,canteen,sports,low,evening
134,2026-03-15 14:47:00,stage,canteen,sports,high,evening
77,2026-03-15 14:47:00,canteen,lab,cultural,low,morning
188,2026-03-15 14:47:00,lab,lab,technical,low,morning
90,2026-03-15 14:47:00,lab,canteen,sports,high,evening
14,2026-03-15 14:47:00,stage,canteen,technical,high,afternoon
95,2026-03-15 14:47:00,canteen,canteen,technical,medium,afternoon
54,2026-03-15 14:47:00,stage,lab,technical,high,morning
132,2026-03-15 14:47:00,canteen,canteen,sports,high,morning
39,2026-03-15 14:47:00,lab,canteen,sports,medium,afternoon
72,2026-03-15 14:47:00,stage,canteen,cultural,medium,morning
25,2026-03-15 14:47:00,stage,canteen,sports,high,evening
77,2026-03-15 14:47:00,stage,lab,sports,high,evening
160,2026-03-15 14:47:00,lab,canteen,sports,high,evening
187,2026-03-15 14:48:00,stage,canteen,technical,low,evening
191,2026-03-15 14:48:00,lab,stage,cultural,low,morning
166,2026-03-15 14:48:00,canteen,canteen,technical,high,evening
120,2026-03-15 14:48:00,lab,canteen,cultural,medium,evening
53,2026-03-15 14:48:00,canteen,lab,sports,high,evening
195,2026-03-15 14:48:00,lab,lab,sports,high,evening
156,2026-03-15 14:48:00,lab,canteen,technical,low,afternoon
131,2026-03-15 14:48:00,stage,lab,technical,high,evening
150,2026-03-15 14:48:00,lab,lab,technical,high,morning
96,2026-03-15 14:48:00,stage,lab,cultural,low,evening
166,2026-03-15 14:48:00,canteen,lab,technical,low,afternoon
200,2026-03-15 14:48:00,canteen,stage,sports,medium,evening
72,2026-03-15 14:48:00,stage,canteen,cultural,medium,morning
62,2026-03-15 14:48:00,canteen,canteen,cultural,medium,morning
185,2026-03-15 14:48:00,lab,stage,sports,high,afternoon
6,2026-03-15 14:49:00,stage,canteen,technical,medium,morning
32,2026-03-15 14:49:00,stage,lab,technical,low,morning
99,2026-03-15 14:49:00,stage,lab,sports,medium,morning
138,2026-03-15 14:49:00,canteen,lab,sports,high,afternoon
131,2026-03-15 14:49:00,canteen,lab,sports,high,afternoon
187,2026-03-15 14:49:00,lab,lab,sports,medium,afternoon
76,2026-03-15 14:49:00,lab,stage,cultural,high,afternoon
177,2026-03-15 14:49:00,stage,canteen,cultural,high,afternoon
59,2026-03-15 14:49:00,lab,stage,technical,high,afternoon
31,2026-03-15 14:49:00,canteen,stage,cultural,medium,afternoon
93,2026-03-15 14:49:00,lab,canteen,cultural,high,afternoon
69,2026-03-15 14:49:00,canteen,canteen,cultural,medium,afternoon
190,2026-03-15 14:49:00,lab,lab,sports,medium,evening
52,2026-03-15 14:49:00,canteen,lab,cultural,high,afternoon
89,2026-03-15 14:49:00,canteen,lab,technical,medium,evening
127,2026-03-15 14:49:00,lab,lab,cultural,medium,afternoon
169,2026-03-15 14:49:00,lab,canteen,sports,high,afternoon
31,2026-03-15 14:49:00,canteen,lab,cultural,high,afternoon
84,2026-03-15 14:50:00,stage,canteen,technical,medium,evening
127,2026-03-15 14:50:00,lab,canteen,cultural,low,evening
150,2026-03-15 14:50:00,canteen,lab,technical,low,afternoon
132,2026-03-15 14:50:00,lab,canteen,sports,low,afternoon
13,2026-03-15 14:50:00,lab,canteen,technical,low,evening
45,2026-03-15 14:50:00,lab,canteen,technical,medium,afternoon
127,2026-03-15 14:50:00,lab,lab,sports,high,afternoon
170,2026-03-15 14:50:00,lab,lab,technical,low,evening
114,2026-03-15 14:50:00,stage,stage,cultural,high,evening
177,2026-03-15 14:50:00,stage,lab,cultural,low,evening
20,2026-03-15 14:50:00,stage,stage,technical,low,afternoon
81,2026-03-15 14:50:00,canteen,canteen,cultural,low,evening
182,2026-03-15 14:50:00,stage,canteen,cultural,high,afternoon
164,2026-03-15 14:50:00,stage,lab,sports,high,morning
129,2026-03-15 14:50:00,canteen,stage,technical,low,morning
143,2026-03-15 14:50:00,stage,canteen,cultural,high,afternoon
17,2026-03-15 14:51:00,lab,canteen,technical,low,afternoon
152,2026-03-15 14:51:00,stage,stage,technical,medium,evening
58,2026-03-15 14:51:00,stage,lab,cultural,high,afternoon
72,2026-03-15 14:51:00,stage,canteen,sports,low,afternoon
109,2026-03-15 14:51:00,lab,canteen,sports,medium,evening
23,2026-03-15 14:51:00,lab,canteen,technical,medium,afternoon
174,2026-03-15 14:51:00,lab,lab,sports,low,morning
72,2026-03-15 14:51:00,lab,lab,cultural,medium,afternoon
8,2026-03-15 14:51:00,canteen,stage,cultural,medium,evening
59,2026-03-15 14:51:00,lab,canteen,sports,low,afternoon
111,2026-03-15 14:51:00,lab,canteen,sports,medium,afternoon
187,2026-03-15 14:51:00,lab,canteen,technical,medium,afternoon
13,2026-03-15 14:52:00,lab,lab,sports,low,morning
167,2026-03-15 14:52:00,canteen,lab,technical,low,evening
156,2026-03-15 14:52:00,stage,canteen,cultural,medium,morning
189,2026-03-15 14:52:00,stage,canteen,sports,high,morning
16,2026-03-15 14:52:00,lab,lab,technical,low,evening
119,2026-03-15 14:52:00,lab,lab,technical,high,evening
2,2026-03-15 14:52:00,lab,lab,technical,low,morning
145,2026-03-15 14:52:00,stage,lab,technical,high,morning
30,2026-03-15 14:52:00,stage,canteen,cultural,low,afternoon
103,2026-03-15 14:52:00,lab,lab,sports,medium,evening
13,2026-03-15 14:52:00,stage,canteen,technical,medium,morning
96,2026-03-15 14:52:00,canteen,lab,sports,high,afternoon
94,2026-03-15 14:52:00,lab,canteen,sports,high,morning
82,2026-03-15 14:53:00,lab,lab,cultural,low,morning
13,2026-03-15 14:53:00,canteen,lab,sports,low,evening
171,2026-03-15 14:53:00,canteen,lab,cultural,high,morning
94,2026-03-15 14:53:00,stage,canteen,cultural,high,evening
149,2026-03-15 14:53:00,canteen,stage,technical,medium,morning
112,2026-03-15 14:53:00,lab,stage,cultural,high,afternoon
55,2026-03-15 14:53:00,stage,canteen,technical,medium,evening
81,2026-03-15 14:53:00,canteen,lab,cultural,high,evening
168,2026-03-15 14:53:00,stage,canteen,cultural,medium,afternoon
116,2026-03-15 14:53:00,stage,stage,sports,medium,evening
143,2026-03-15 14:53:00,stage,lab,technical,medium,afternoon
180,2026-03-15 14:53:00,stage,lab,sports,low,evening
108,2026-03-15 14:53:00,canteen,canteen,cultural,medium,evening
53,2026-03-15 14:54:00,lab,lab,technical,high,evening
128,2026-03-15 14:54:00,lab,lab,cultural,high,evening
180,2026-03-15 14:54:00,canteen,lab,cultural,high,morning
158,2026-03-15 14:54:00,lab,lab,sports,low,morning
161,2026-03-15 14:54:00,stage,stage,technical,medium,morning
57,2026-03-15 14:54:00,stage,canteen,technical,low,evening
52,2026-03-15 14:54:00,stage,canteen,technical,medium,morning
137,2026-03-15 14:54:00,canteen,lab,cultural,high,evening
182,2026-03-15 14:54:00,stage,lab,technical,medium,evening
111,2026-03-15 14:54:00,stage,lab,cultural,low,afternoon
1,2026-03-15 14:54:00,canteen,canteen,cultural,low,afternoon
44,2026-03-15 14:54:00,stage,lab,cultural,low,afternoon
75,2026-03-15 14:54:00,stage,canteen,technical,low,evening
98,2026-03-15 14:54:00,lab,canteen,sports,high,afternoon
9,2026-03-15 14:54:00,canteen,canteen,cultural,low,afternoon
32,2026-03-15 14:54:00,stage,lab,sports,low,evening
15,2026-03-15 14:54:00,stage,lab,technical,low,evening
140,2026-03-15 14:54:00,stage,canteen,technical,high,morning
185,2026-03-15 14:55:00,stage,stage,technical,medium,evening
136,2026-03-15 14:55:00,lab,lab,technical,high,morning
72,2026-03-15 14:55:00,lab,lab,technical,high,evening
155,2026-03-15 14:55:00,lab,lab,sports,high,afternoon
190,2026-03-15 14:55:00,lab,canteen,technical,medium,evening
12,2026-03-15 14:55:00,canteen,stage,technical,low,morning
65,2026-03-15 14:55:00,stage,canteen,technical,high,evening
107,2026-03-15 14:55:00,lab,stage,technical,low,evening
42,2026-03-15 14:55:00,stage,canteen,technical,low,afternoon
190,2026-03-15 14:55:00,canteen,stage,cultural,medium,evening
115,2026-03-15 14:55:00,stage,canteen,cultural,medium,afternoon
139,2026-03-15 14:55:00,stage,stage,sports,high,morning
103,2026-03-15 14:55:00,lab,lab,technical,medium,evening
171,2026-03-15 14:55:00,lab,canteen,sports,medium,morning
95,2026-03-15 14:56:00,canteen,canteen,sports,medium,evening
17,2026-03-15 14:56:00,stage,lab,technical,low,afternoon
160,2026-03-15 14:56:00,lab,lab,technical,medium,evening
85,2026-03-15 14:56:00,lab,lab,cultural,high,afternoon
168,2026-03-15 14:56:00,lab,lab,technical,medium,morning
151,2026-03-15 14:56:00,canteen,lab,cultural,high,morning
56,2026-03-15 14:56:00,stage,lab,sports,high,afternoon
134,2026-03-15 14:56:00,lab,lab,sports,medium,evening
86,2026-03-15 14:56:00,stage,lab,cultural,low,afternoon
178,2026-03-15 14:56:00,canteen,canteen,cultural,high,afternoon
102,2026-03-15 14:56:00,stage,canteen,technical,high,afternoon
165,2026-03-15 14:56:00,lab,lab,cultural,high,afternoon
192,2026-03-15 14:56:00,stage,canteen,cultural,medium,morning
54,2026-03-15 14:56:00,stage,lab,technical,high,afternoon
200,2026-03-15 14:57:00,canteen,stage,sports,medium,afternoon
177,2026-03-15 14:57:00,canteen,canteen,cultural,high,morning
115,2026-03-15 14:57:00,stage,lab,technical,low,morning
139,2026-03-15 14:57:00,stage,canteen,technical,high,morning
88,2026-03-15 14:57:00,stage,lab,cultural,medium,evening
49,2026-03-15 14:57:00,canteen,lab,sports,medium,evening
149,2026-03-15 14:57:00,canteen,lab,technical,high,morning
115,2026-03-15 14:57:00,stage,canteen,cultural,medium,afternoon
194,2026-03-15 14:57:00,canteen,lab,sports,low,afternoon
63,2026-03-15 14:57:00,lab,lab,cultural,medium,morning
104,2026-03-15 14:58:00,canteen,lab,technical,high,morning
83,2026-03-15 14:58:00,canteen,lab,technical,low,evening
103,2026-03-15 14:58:00,canteen,lab,technical,medium,morning
156,2026-03-15 14:58:00,lab,lab,cultural,high,evening
17,2026-03-15 14:58:00,lab,lab,technical,medium,morning
6,2026-03-15 14:58:00,lab,stage,cultural,high,afternoon
147,2026-03-15 14:58:00,stage,stage,sports,medium,morning
184,2026-03-15 14:58:00,stage,canteen,sports,medium,afternoon
28,2026-03-15 14:58:00,lab,canteen,sports,low,morning
194,2026-03-15 14:58:00,stage,lab,sports,low,evening
38,2026-03-15 14:58:00,stage,canteen,technical,medium,morning
119,2026-03-15 14:58:00,stage,lab,technical,high,afternoon
37,2026-03-15 14:58:00,lab,canteen,cultural,high,afternoon
115,2026-03-15 14:58:00,canteen,canteen,sports,medium,afternoon
68,2026-03-15 14:58:00,lab,canteen,sports,medium,morning
177,2026-03-15 14:58:00,lab,lab,cultural,low,evening
43,2026-03-15 14:58:00,stage,stage,cultural,medium,evening
164,2026-03-15 14:58:00,stage,stage,cultural,medium,evening
58,2026-03-15 14:59:00,canteen,lab,cultural,high,afternoon
13,2026-03-15 14:59:00,canteen,stage,sports,low,afternoon
52,2026-03-15 14:59:00,canteen,stage,technical,low,evening
58,2026-03-15 14:59:00,canteen,lab,sports,medium,evening
32,2026-03-15 14:59:00,lab,stage,cultural,low,morning
105,2026-03-15 14:59:00,canteen,canteen,technical,high,morning
188,2026-03-15 14:59:00,lab,stage,sports,medium,morning
83,2026-03-15 14:59:00,stage,canteen,cultural,medium,evening
186,2026-03-15 14:59:00,canteen,lab,technical,high,evening
99,2026-03-15 15:00:00,stage,stage,technical,low,evening
104,2026-03-15 15:00:00,stage,lab,cultural,low,afternoon
184,2026-03-15 15:00:00,lab,lab,technical,high,evening
28,2026-03-15 15:00:00,canteen,stage,sports,high,morning
129,2026-03-15 15:00:00,lab,lab,sports,high,morning
170,2026-03-15 15:00:00,stage,canteen,sports,high,afternoon
48,2026-03-15 15:00:00,canteen,stage,technical,low,morning
40,2026-03-15 15:00:00,stage,stage,technical,low,morning
97,2026-03-15 15:00:00,stage,canteen,cultural,high,afternoon
191,2026-03-15 15:00:00,canteen,lab,cultural,high,morning
200,2026-03-15 15:00:00,canteen,canteen,technical,medium,afternoon
114,2026-03-15 15:00:00,canteen,lab,sports,medium,morning
132,2026-03-15 15:00:00,lab,lab,technical,low,afternoon
166,2026-03-15 15:01:00,lab,canteen,sports,medium,afternoon
155,2026-03-15 15:01:00,stage,canteen,cultural,medium,evening
137,2026-03-15 15:01:00,canteen,lab,technical,medium,afternoon
111,2026-03-15 15:01:00,stage,stage,technical,low,morning
144,2026-03-15 15:01:00,stage,canteen,technical,medium,evening
184,2026-03-15 15:01:00,stage,canteen,sports,high,evening
76,2026-03-15 15:01:00,stage,canteen,cultural,low,evening
31,2026-03-15 15:01:00,stage,canteen,sports,medium,afternoon
119,2026-03-15 15:01:00,canteen,canteen,cultural,low,afternoon
142,2026-03-15 15:01:00,lab,lab,sports,medium,evening
25,2026-03-15 15:01:00,canteen,lab,cultural,low,afternoon
34,2026-03-15 15:01:00,canteen,lab,sports,high,morning
67,2026-03-15 15:01:00,canteen,stage,technical,medium,morning
152,2026-03-15 15:01:00,lab,canteen,sports,medium,morning
118,2026-03-15 15:01:00,lab,canteen,technical,low,afternoon
73,2026-03-15 15:02:00,lab,canteen,technical,high,morning
26,2026-03-15 15:02:00,canteen,lab,technical,medium,morning
148,2026-03-15 15:02:00,lab,canteen,sports,high,afternoon
192,2026-03-15 15:02:00,stage,stage,technical,medium,afternoon
104,2026-03-15 15:02:00,lab,canteen,sports,high,morning
10,2026-03-15 15:02:00,canteen,lab,cultural,medium,evening
67,2026-03-15 15:02:00,canteen,lab,sports,low,evening
152,2026-03-15 15:02:00,stage,canteen,sports,low,afternoon
5,2026-03-15 15:02:00,lab,canteen,sports,high,afternoon
195,2026-03-15 15:03:00,lab,canteen,cultural,medium,afternoon
186,2026-03-15 15:03:00,stage,canteen,cultural,medium,evening
27,2026-03-15 15:03:00,canteen,lab,cultural,high,morning
113,2026-03-15 15:03:00,canteen,lab,technical,medium,evening
15,2026-03-15 15:03:00,lab,lab,sports,low,afternoon
163,2026-03-15 15:03:00,lab,canteen,sports,medium,evening
105,2026-03-15 15:03:00,lab,canteen,technical,low,afternoon
181,2026-03-15 15:03:00,lab,lab,technical,high,morning
44,2026-03-15 15:03:00,lab,canteen,sports,medium,afternoon
26,2026-03-15 15:03:00,canteen,lab,technical,high,morning
175,2026-03-15 15:03:00,canteen,canteen,technical,low,morning
162,2026-03-15 15:04:00,canteen,stage,cultural,high,evening
95,2026-03-15 15:04:00,canteen,lab,technical,high,afternoon
178,2026-03-15 15:04:00,stage,stage,technical,medium,evening
84,2026-03-15 15:04:00,canteen,canteen,sports,high,afternoon
140,2026-03-15 15:04:00,stage,canteen,technical,high,afternoon
132,2026-03-15 15:04:00,canteen,lab,technical,medium,afternoon
87,2026-03-15 15:04:00,lab,canteen,technical,high,evening
176,2026-03-15 15:04:00,lab,stage,cultural,low,evening
183,2026-03-15 15:04:00,lab,lab,sports,medium,afternoon
112,2026-03-15 15:04:00,stage,canteen,cultural,low,evening
129,2026-03-15 15:04:00,canteen,lab,technical,medium,afternoon
89,2026-03-15 15:04:00,canteen,canteen,sports,high,evening
66,2026-03-15 15:04:00,stage,canteen,sports,low,evening
158,2026-03-15 15:04:00,stage,canteen,technical,low,morning
131,2026-03-15 15:04:00,stage,lab,cultural,low,evening
122,2026-03-15 15:04:00,stage,canteen,technical,high,afternoon
149,2026-03-15 15:05:00,stage,lab,cultural,low,evening
84,2026-03-15 15:05:00,lab,stage,technical,low,evening
177,2026-03-15 15:05:00,canteen,canteen,sports,high,afternoon
116,2026-03-15 15:05:00,stage,canteen,sports,high,evening
190,2026-03-15 15:05:00,lab,stage,cultural,high,morning
116,2026-03-15 15:05:00,stage,canteen,technical,low,morning
38,2026-03-15 15:05:00,lab,lab,cultural,low,morning
143,2026-03-15 15:05:00,stage,canteen,sports,low,morning
110,2026-03-15 15:05:00,canteen,lab,sports,medium,afternoon
180,2026-03-15 15:05:00,stage,stage,cultural,low,afternoon
46,2026-03-15 15:05:00,stage,canteen,cultural,low,morning
25,2026-03-15 15:05:00,canteen,lab,cultural,medium,afternoon
21,2026-03-15 15:05:00,canteen,canteen,cultural,medium,evening
121,2026-03-15 15:05:00,stage,lab,cultural,low,evening
122,2026-03-15 15:05:00,canteen,stage,technical,medium,evening
133,2026-03-15 15:06:00,canteen,lab,cultural,low,morning
70,2026-03-15 15:06:00,lab,lab,cultural,high,morning
113,2026-03-15 15:06:00,canteen,canteen,sports,high,afternoon
107,2026-03-15 15:06:00,canteen,lab,sports,high,afternoon
112,2026-03-15 15:06:00,stage,canteen,technical,high,afternoon
108,2026-03-15 15:06:00,stage,lab,cultural,medium,morning
47,2026-03-15 15:06:00,lab,canteen,cultural,low,afternoon
196,2026-03-15 15:06:00,stage,lab,sports,medium,evening
91,2026-03-15 15:06:00,canteen,lab,sports,high,evening
18,2026-03-15 15:06:00,canteen,stage,sports,high,evening
149,2026-03-15 15:06:00,canteen,lab,cultural,low,morning
104,2026-03-15 15:06:00,stage,canteen,cultural,medium,afternoon
151,2026-03-15 15:06:00,canteen,canteen,technical,high,afternoon
192,2026-03-15 15:06:00,canteen,stage,sports,medium,morning
195,2026-03-15 15:07:00,lab,stage,sports,low,morning
40,2026-03-15 15:07:00,lab,canteen,sports,low,evening
138,2026-03-15 15:07:00,lab,canteen,sports,medium,morning
89,2026-03-15 15:07:00,stage,canteen,sports,low,evening
180,2026-03-15 15:07:00,canteen,canteen,cultural,medium,evening
200,2026-03-15 15:07:00,canteen,stage,cultural,medium,afternoon
61,2026-03-15 15:07:00,canteen,lab,sports,medium,evening
192,2026-03-15 15:07:00,lab,lab,sports,high,afternoon
5,2026-03-15 15:07:00,canteen,canteen,cultural,high,evening
122,2026-03-15 15:07:00,canteen,lab,cultural,medium,afternoon
181,2026-03-15 15:07:00,canteen,lab,technical,low,morning
55,2026-03-15 15:07:00,canteen,lab,cultural,low,afternoon
37,2026-03-15 15:08:00,canteen,canteen,technical,high,morning
56,2026-03-15 15:08:00,stage,stage,sports,medium,afternoon
187,2026-03-15 15:08:00,canteen,lab,sports,high,morning
102,2026-03-15 15:08:00,stage,lab,sports,medium,morning
93,2026-03-15 15:08:00,canteen,stage,cultural,low,morning
197,2026-03-15 15:08:00,stage,canteen,cultural,low,evening
73,2026-03-15 15:08:00,canteen,lab,sports,high,morning
59,2026-03-15 15:08:00,canteen,lab,sports,low,afternoon
2,2026-03-15 15:08:00,canteen,lab,technical,medium,morning
193,2026-03-15 15:08:00,canteen,stage,cultural,low,morning
104,2026-03-15 15:08:00,lab,canteen,cultural,low,afternoon
188,2026-03-15 15:09:00,canteen,stage,technical,high,morning
51,2026-03-15 15:09:00,stage,canteen,sports,medium,afternoon
30,2026-03-15 15:09:00,lab,stage,sports,high,morning
11,2026-03-15 15:09:00,lab,lab,cultural,high,afternoon
108,2026-03-15 15:09:00,canteen,canteen,cultural,low,afternoon
76,2026-03-15 15:09:00,stage,lab,sports,medium,morning
167,2026-03-15 15:09:00,stage,stage,technical,medium,morning
90,2026-03-15 15:09:00,lab,canteen,technical,high,morning
123,2026-03-15 15:09:00,stage,canteen,technical,high,morning
200,2026-03-15 15:09:00,canteen,canteen,cultural,low,morning
191,2026-03-15 15:09:00,canteen,lab,technical,medium,morning
192,2026-03-15 15:09:00,canteen,canteen,cultural,medium,evening
189,2026-03-15 15:09:00,canteen,stage,cultural,low,morning
125,2026-03-15 15:09:00,canteen,stage,sports,high,evening
182,2026-03-15 15:09:00,lab,stage,sports,medium,evening
122,2026-03-15 15:09:00,canteen,lab,technical,low,evening
94,2026-03-15 15:09:00,canteen,canteen,technical,high,morning
103,2026-03-15 15:09:00,lab,lab,cultural,low,afternoon
186,2026-03-15 15:10:00,lab,lab,sports,medium,afternoon
184,2026-03-15 15:10:00,lab,stage,sports,high,afternoon
162,2026-03-15 15:10:00,stage,stage,cultural,low,morning
31,2026-03-15 15:10:00,stage,lab,technical,low,afternoon
52,2026-03-15 15:10:00,canteen,lab,technical,low,afternoon
89,2026-03-15 15:10:00,canteen,canteen,cultural,medium,morning
76,2026-03-15 15:10:00,canteen,stage,sports,medium,morning
129,2026-03-15 15:10:00,stage,stage,cultural,medium,evening
183,2026-03-15 15:10:00,canteen,canteen,cultural,low,morning
22,2026-03-15 15:10:00,canteen,stage,technical,medium,afternoon
40,2026-03-15 15:10:00,stage,canteen,sports,low,morning
101,2026-03-15 15:10:00,lab,canteen,technical,low,morning
111,2026-03-15 15:11:00,stage,stage,technical,low,afternoon
129,2026-03-15 15:11:00,canteen,stage,sports,high,afternoon
65,2026-03-15 15:11:00,stage,lab,technical,low,morning
191,2026-03-15 15:11:00,lab,lab,cultural,medium,morning
182,2026-03-15 15:11:00,lab,lab,cultural,low,morning
170,2026-03-15 15:11:00,lab,canteen,sports,medium,afternoon
149,2026-03-15 15:11:00,lab,lab,cultural,high,evening
79,2026-03-15 15:11:00,lab,canteen,cultural,high,morning
22,2026-03-15 15:11:00,lab,lab,cultural,low,morning
166,2026-03-15 15:11:00,canteen,stage,cultural,medium,morning
99,2026-03-15 15:11:00,canteen,stage,technical,high,evening
8,2026-03-15 15:11:00,stage,lab,cultural,high,morning
190,2026-03-15 15:12:00,canteen,lab,sports,high,evening
175,2026-03-15 15:12:00,lab,lab,technical,medium,morning
17,2026-03-15 15:12:00,canteen,canteen,cultural,low,afternoon
17,2026-03-15 15:12:00,stage,canteen,cultural,low,evening
90,2026-03-15 15:12:00,lab,canteen,sports,high,afternoon
141,2026-03-15 15:12:00,canteen,lab,technical,low,morning
145,2026-03-15 15:12:00,canteen,lab,cultural,high,afternoon
166,2026-03-15 15:12:00,stage,lab,sports,medium,evening
81,2026-03-15 15:12:00,lab,stage,technical,low,morning
78,2026-03-15 15:12:00,stage,canteen,technical,medium,afternoon
173,2026-03-15 15:12:00,lab,canteen,cultural,low,evening
6,2026-03-15 15:12:00,lab,stage,sports,medium,evening
163,2026-03-15 15:12:00,canteen,canteen,sports,medium,evening
110,2026-03-15 15:12:00,stage,canteen,cultural,low,afternoon
14,2026-03-15 15:13:00,stage,stage,cultural,high,evening
72,2026-03-15 15:13:00,stage,canteen,cultural,high,morning
189,2026-03-15 15:13:00,lab,canteen,sports,medium,morning
143,2026-03-15 15:13:00,stage,canteen,technical,medium,evening
54,2026-03-15 15:13:00,lab,canteen,cultural,high,evening
27,2026-03-15 15:13:00,stage,stage,cultural,low,morning
13,2026-03-15 15:13:00,stage,stage,technical,low,morning
159,2026-03-15 15:13:00,canteen,lab,technical,medium,evening
163,2026-03-15 15:13:00,stage,lab,sports,low,morning
60,2026-03-15 15:13:00,canteen,canteen,cultural,medium,evening
6,2026-03-15 15:13:00,canteen,lab,sports,low,afternoon
197,2026-03-15 15:13:00,lab,lab,technical,medium,evening
58,2026-03-15 15:13:00,stage,stage,cultural,low,evening
49,2026-03-15 15:13:00,stage,stage,sports,medium,afternoon
151,2026-03-15 15:14:00,stage,lab,sports,high,evening
162,2026-03-15 15:14:00,canteen,lab,technical,high,evening
26,2026-03-15 15:14:00,stage,lab,cultural,high,afternoon
47,2026-03-15 15:14:00,lab,lab,sports,high,morning
5,2026-03-15 15:14:00,lab,canteen,sports,medium,morning
20,2026-03-15 15:14:00,stage,stage,technical,low,morning
134,2026-03-15 15:14:00,canteen,stage,cultural,medium,morning
198,2026-03-15 15:14:00,lab,stage,technical,medium,morning
59,2026-03-15 15:14:00,lab,stage,sports,medium,afternoon
192,2026-03-15 15:14:00,canteen,canteen,cultural,low,afternoon
146,2026-03-15 15:14:00,lab,stage,technical,medium,evening
132,2026-03-15 15:14:00,canteen,stage,cultural,high,morning
17,2026-03-15 15:15:00,lab,canteen,cultural,high,afternoon
14,2026-03-15 15:15:00,canteen,canteen,cultural,medium,afternoon
13,2026-03-15 15:15:00,lab,canteen,sports,high,morning
135,2026-03-15 15:15:00,stage,canteen,cultural,high,afternoon
128,2026-03-15 15:15:00,lab,lab,technical,low,evening
44,2026-03-15 15:15:00,lab,lab,cultural,medium,evening
119,2026-03-15 15:15:00,stage,stage,cultural,medium,morning
143,2026-03-15 15:15:00,stage,stage,sports,high,morning
19,2026-03-15 15:15:00,stage,lab,technical,medium,morning
63,2026-03-15 15:15:00,stage,canteen,cultural,medium,evening
163,2026-03-15 15:15:00,canteen,lab,sports,high,afternoon
81,2026-03-15 15:15:00,canteen,stage,sports,high,evening
163,2026-03-15 15:15:00,lab,lab,cultural,medium,morning
147,2026-03-15 15:15:00,lab,lab,cultural,low,afternoon
148,2026-03-15 15:15:00,lab,lab,cultural,high,evening
100,2026-03-15 15:15:00,canteen,stage,sports,medium,morning
163,2026-03-15 15:15:00,lab,lab,cultural,high,morning
160,2026-03-15 15:15:00,lab,lab,sports,medium,afternoon
122,2026-03-15 15:16:00,canteen,lab,technical,medium,evening
176,2026-03-15 15:16:00,lab,stage,cultural,low,afternoon
44,2026-03-15 15:16:00,canteen,lab,technical,high,afternoon
104,2026-03-15 15:16:00,canteen,stage,technical,low,evening
152,2026-03-15 15:16:00,stage,canteen,technical,high,evening
61,2026-03-15 15:16:00,stage,canteen,sports,low,evening
125,2026-03-15 15:16:00,canteen,canteen,sports,high,afternoon
145,2026-03-15 15:16:00,canteen,lab,sports,low,afternoon
71,2026-03-15 15:16:00,stage,canteen,sports,low,evening
107,2026-03-15 15:16:00,lab,stage,technical,high,evening
50,2026-03-15 15:16:00,lab,lab,sports,low,afternoon
65,2026-03-15 15:16:00,lab,lab,technical,low,evening
99,2026-03-15 15:16:00,canteen,stage,technical,high,morning
32,2026-03-15 15:16:00,stage,canteen,sports,high,evening
164,2026-03-15 15:16:00,lab,canteen,technical,medium,morning
141,2026-03-15 15:16:00,stage,canteen,sports,high,morning
198,2026-03-15 15:17:00,stage,canteen,technical,medium,afternoon
58,2026-03-15 15:17:00,canteen,canteen,cultural,low,afternoon
128,2026-03-15 15:17:00,lab,stage,sports,high,afternoon
142,2026-03-15 15:17:00,stage,lab,technical,medium,evening
165,2026-03-15 15:17:00,canteen,lab,sports,high,afternoon
112,2026-03-15 15:17:00,canteen,canteen,technical,medium,evening
68,2026-03-15 15:17:00,canteen,canteen,sports,medium,afternoon
40,2026-03-15 15:17:00,lab,canteen,cultural,high,morning
187,2026-03-15 15:17:00,lab,canteen,cultural,low,afternoon
144,2026-03-15 15:17:00,canteen,canteen,sports,low,morning
190,2026-03-15 15:17:00,lab,canteen,sports,medium,evening
132,2026-03-15 15:17:00,lab,canteen,technical,medium,afternoon
173,2026-03-15 15:17:00,stage,canteen,technical,low,afternoon
90,2026-03-15 15:17:00,canteen,lab,sports,high,morning
28,2026-03-15 15:17:00,canteen,lab,cultural,high,afternoon
96,2026-03-15 15:17:00,lab,stage,cultural,low,evening
194,2026-03-15 15:17:00,canteen,stage,sports,low,morning
31,2026-03-15 15:17:00,canteen,stage,technical,low,evening
3,2026-03-15 15:17:00,canteen,lab,sports,medium,evening
136,2026-03-15 15:17:00,lab,lab,sports,low,morning
24,2026-03-15 15:17:00,lab,lab,cultural,low,evening
15,2026-03-15 15:17:00,lab,lab,cultural,low,afternoon
171,2026-03-15 15:17:00,stage,canteen,technical,low,evening
159,2026-03-15 15:18:00,canteen,lab,technical,high,afternoon
45,2026-03-15 15:18:00,stage,canteen,sports,high,morning
194,2026-03-15 15:18:00,lab,canteen,sports,low,afternoon
8,2026-03-15 15:18:00,stage,canteen,sports,medium,evening
71,2026-03-15 15:18:00,canteen,canteen,sports,medium,afternoon
108,2026-03-15 15:18:00,canteen,lab,cultural,high,evening
115,2026-03-15 15:18:00,lab,canteen,technical,medium,afternoon
103,2026-03-15 15:18:00,lab,lab,technical,medium,morning
125,2026-03-15 15:18:00,stage,canteen,technical,high,morning
57,2026-03-15 15:18:00,lab,stage,technical,low,afternoon
30,2026-03-15 15:18:00,stage,lab,cultural,low,morning
146,2026-03-15 15:18:00,canteen,lab,sports,high,afternoon
114,2026-03-15 15:19:00,canteen,lab,technical,low,evening
197,2026-03-15 15:19:00,canteen,lab,technical,low,afternoon
117,2026-03-15 15:19:00,canteen,lab,sports,high,evening
167,2026-03-15 15:19:00,canteen,lab,cultural,high,afternoon
60,2026-03-15 15:19:00,stage,stage,cultural,high,evening
98,2026-03-15 15:19:00,canteen,stage,technical,medium,morning
171,2026-03-15 15:19:00,stage,canteen,technical,high,afternoon
126,2026-03-15 15:19:00,canteen,lab,technical,high,morning
173,2026-03-15 15:19:00,stage,canteen,cultural,high,morning
151,2026-03-15 15:19:00,stage,lab,technical,high,evening
197,2026-03-15 15:19:00,stage,canteen,sports,low,morning
94,2026-03-15 15:19:00,lab,lab,cultural,high,evening
134,2026-03-15 15:19:00,stage,stage,cultural,high,morning
184,2026-03-15 15:19:00,stage,canteen,sports,medium,morning
122,2026-03-15 15:19:00,canteen,lab,sports,medium,afternoon
108,2026-03-15 15:20:00,stage,canteen,cultural,low,afternoon
4,2026-03-15 15:20:00,stage,canteen,technical,high,evening
93,2026-03-15 15:20:00,lab,stage,cultural,high,morning
151,2026-03-15 15:20:00,canteen,stage,technical,high,morning
6,2026-03-15 15:20:00,lab,canteen,sports,medium,afternoon
32,2026-03-15 15:20:00,lab,lab,technical,low,evening
106,2026-03-15 15:20:00,lab,canteen,sports,medium,afternoon
146,2026-03-15 15:20:00,stage,canteen,technical,high,morning
15,2026-03-15 15:20:00,lab,stage,technical,medium,evening
168,2026-03-15 15:20:00,lab,lab,sports,high,morning
122,2026-03-15 15:21:00,canteen,lab,technical,high,afternoon
96,2026-03-15 15:21:00,canteen,stage,cultural,high,evening
6,2026-03-15 15:21:00,canteen,canteen,technical,low,afternoon
112,2026-03-15 15:21:00,canteen,stage,cultural,medium,morning
120,2026-03-15 15:21:00,lab,lab,sports,high,morning
123,2026-03-15 15:21:00,canteen,lab,technical,high,afternoon
191,2026-03-15 15:21:00,stage,lab,technical,low,morning
67,2026-03-15 15:21:00,lab,canteen,cultural,low,afternoon
106,2026-03-15 15:21:00,canteen,canteen,cultural,high,afternoon
139,2026-03-15 15:21:00,lab,stage,sports,high,evening
43,2026-03-15 15:21:00,canteen,canteen,cultural,high,morning
145,2026-03-15 15:21:00,lab,canteen,cultural,high,morning
96,2026-03-15 15:21:00,canteen,stage,cultural,low,afternoon
132,2026-03-15 15:21:00,stage,canteen,technical,medium,evening
191,2026-03-15 15:21:00,canteen,canteen,technical,low,afternoon
196,2026-03-15 15:21:00,lab,lab,technical,low,morning
81,2026-03-15 15:21:00,lab,canteen,technical,medium,evening
41,2026-03-15 15:21:00,stage,lab,technical,high,evening
133,2026-03-15 15:21:00,lab,lab,cultural,high,afternoon
160,2026-03-15 15:22:00,stage,lab,cultural,medium,afternoon
198,2026-03-15 15:22:00,lab,lab,technical,low,evening
35,2026-03-15 15:22:00,lab,lab,technical,high,morning
22,2026-03-15 15:22:00,stage,canteen,sports,medium,morning
193,2026-03-15 15:22:00,lab,stage,sports,medium,evening
150,2026-03-15 15:22:00,lab,lab,cultural,medium,afternoon
112,2026-03-15 15:22:00,stage,canteen,sports,high,afternoon
11,2026-03-15 15:22:00,canteen,lab,cultural,medium,morning
3,2026-03-15 15:22:00,stage,canteen,sports,low,morning
137,2026-03-15 15:22:00,lab,canteen,technical,low,evening
60,2026-03-15 15:22:00,canteen,lab,technical,medium,morning
76,2026-03-15 15:22:00,canteen,lab,cultural,medium,morning
87,2026-03-15 15:22:00,canteen,stage,cultural,medium,afternoon
14,2026-03-15 15:23:00,stage,canteen,cultural,low,afternoon
18,2026-03-15 15:23:00,canteen,canteen,cultural,high,morning
113,2026-03-15 15:23:00,canteen,stage,sports,low,afternoon
73,2026-03-15 15:23:00,canteen,stage,technical,medium,afternoon
23,2026-03-15 15:23:00,lab,canteen,sports,high,afternoon
83,2026-03-15 15:23:00,stage,lab,technical,high,morning
125,2026-03-15 15:23:00,stage,stage,technical,medium,afternoon
175,2026-03-15 15:23:00,lab,canteen,sports,medium,morning
69,2026-03-15 15:23:00,canteen,lab,cultural,low,morning
47,2026-03-15 15:23:00,lab,lab,sports,low,evening
116,2026-03-15 15:23:00,lab,lab,sports,low,evening
30,2026-03-15 15:24:00,canteen,canteen,sports,medium,evening
25,2026-03-15 15:24:00,canteen,lab,technical,high,morning
156,2026-03-15 15:24:00,stage,stage,cultural,low,evening
112,2026-03-15 15:24:00,canteen,lab,technical,medium,afternoon
25,2026-03-15 15:24:00,lab,lab,sports,high,evening
74,2026-03-15 15:24:00,lab,canteen,sports,medium,morning
58,2026-03-15 15:24:00,canteen,canteen,technical,medium,afternoon
94,2026-03-15 15:24:00,stage,stage,technical,medium,afternoon
119,2026-03-15 15:24:00,lab,lab,cultural,low,afternoon
127,2026-03-15 15:24:00,canteen,canteen,sports,medium,evening
169,2026-03-15 15:24:00,stage,canteen,technical,medium,evening
25,2026-03-15 15:24:00,stage,canteen,technical,medium,evening
78,2026-03-15 15:24:00,lab,canteen,technical,low,evening
99,2026-03-15 15:25:00,lab,lab,technical,medium,afternoon
116,2026-03-15 15:25:00,stage,lab,sports,medium,morning
48,2026-03-15 15:25:00,stage,lab,cultural,low,evening
10,2026-03-15 15:25:00,stage,canteen,technical,medium,morning
99,2026-03-15 15:25:00,canteen,stage,technical,high,afternoon
11,2026-03-15 15:25:00,lab,canteen,cultural,medium,morning
85,2026-03-15 15:25:00,stage,canteen,sports,medium,morning
149,2026-03-15 15:25:00,lab,stage,technical,low,evening
173,2026-03-15 15:25:00,lab,lab,cultural,low,evening
135,2026-03-15 15:25:00,lab,canteen,cultural,low,afternoon
192,2026-03-15 15:25:00,stage,canteen,sports,low,evening
126,2026-03-15 15:25:00,canteen,canteen,cultural,high,morning
64,2026-03-15 15:25:00,stage,canteen,sports,medium,morning
2,2026-03-15 15:25:00,lab,lab,cultural,medium,morning
76,2026-03-15 15:25:00,stage,canteen,technical,high,morning
121,2026-03-15 15:26:00,stage,canteen,sports,low,evening
42,2026-03-15 15:26:00,lab,stage,cultural,medium,afternoon
54,2026-03-15 15:26:00,lab,lab,technical,high,evening
75,2026-03-15 15:26:00,stage,lab,cultural,medium,morning
16,2026-03-15 15:26:00,stage,canteen,technical,high,afternoon
18,2026-03-15 15:26:00,stage,stage,sports,high,afternoon
187,2026-03-15 15:26:00,stage,canteen,technical,medium,morning
90,2026-03-15 15:26:00,canteen,lab,cultural,low,morning
144,2026-03-15 15:26:00,stage,lab,technical,low,evening
6,2026-03-15 15:26:00,canteen,lab,technical,high,afternoon
185,2026-03-15 15:26:00,lab,lab,sports,low,afternoon
108,2026-03-15 15:26:00,canteen,stage,technical,medium,evening
175,2026-03-15 15:26:00,lab,lab,technical,high,morning
48,2026-03-15 15:26:00,canteen,lab,cultural,medium,afternoon
42,2026-03-15 15:26:00,lab,lab,cultural,medium,evening
76,2026-03-15 15:26:00,stage,canteen,sports,low,afternoon
188,2026-03-15 15:26:00,canteen,canteen,sports,medium,evening
77,2026-03-15 15:27:00,canteen,canteen,sports,high,afternoon
132,2026-03-15 15:27:00,lab,stage,cultural,high,morning
130,2026-03-15 15:27:00,lab,canteen,technical,medium,morning
59,2026-03-15 15:27:00,canteen,lab,sports,medium,afternoon
155,2026-03-15 15:27:00,lab,stage,cultural,high,afternoon
27,2026-03-15 15:27:00,stage,canteen,cultural,low,afternoon
79,2026-03-15 15:27:00,canteen,stage,sports,low,evening
72,2026-03-15 15:27:00,stage,canteen,cultural,low,morning
7,2026-03-15 15:27:00,canteen,lab,technical,medium,evening
191,2026-03-15 15:28:00,stage,canteen,cultural,medium,morning
111,2026-03-15 15:28:00,canteen,stage,cultural,high,morning
119,2026-03-15 15:28:00,lab,lab,technical,high,evening
174,2026-03-15 15:28:00,canteen,lab,sports,high,morning
63,2026-03-15 15:28:00,stage,stage,cultural,high,morning
124,2026-03-15 15:28:00,canteen,lab,technical,low,afternoon
12,2026-03-15 15:28:00,stage,canteen,sports,medium,evening
141,2026-03-15 15:28:00,stage,lab,technical,medium,evening
43,2026-03-15 15:28:00,stage,canteen,cultural,low,morning
17,2026-03-15 15:29:00,lab,lab,technical,high,evening
63,2026-03-15 15:29:00,canteen,stage,sports,high,morning
120,2026-03-15 15:29:00,stage,canteen,sports,medium,morning
36,2026-03-15 15:29:00,lab,canteen,sports,high,evening
8,2026-03-15 15:29:00,stage,canteen,technical,medium,morning
69,2026-03-15 15:29:00,canteen,lab,technical,low,afternoon
90,2026-03-15 15:29:00,lab,lab,sports,medium,evening
36,2026-03-15 15:29:00,stage,stage,sports,low,evening
28,2026-03-15 15:29:00,stage,canteen,sports,high,morning
118,2026-03-15 15:29:00,stage,canteen,cultural,medium,evening
93,2026-03-15 15:29:00,canteen,lab,cultural,high,evening
175,2026-03-15 15:29:00,lab,lab,cultural,high,afternoon
76,2026-03-15 15:29:00,lab,lab,sports,high,afternoon
101,2026-03-15 15:29:00,lab,lab,cultural,medium,evening
158,2026-03-15 15:29:00,stage,lab,sports,high,morning
151,2026-03-15 15:29:00,lab,lab,technical,medium,afternoon
144,2026-03-15 15:30:00,stage,canteen,sports,high,afternoon
14,2026-03-15 15:30:00,canteen,lab,sports,low,afternoon
71,2026-03-15 15:30:00,lab,lab,cultural,medium,morning
180,2026-03-15 15:30:00,stage,canteen,technical,low,evening
124,2026-03-15 15:30:00,lab,lab,technical,low,evening
125,2026-03-15 15:30:00,lab,lab,technical,medium,afternoon
37,2026-03-15 15:30:00,canteen,lab,cultural,medium,evening
29,2026-03-15 15:30:00,lab,lab,cultural,medium,afternoon
195,2026-03-15 15:30:00,canteen,stage,cultural,high,afternoon
143,2026-03-15 15:30:00,lab,canteen,cultural,high,morning
175,2026-03-15 15:30:00,lab,lab,cultural,low,morning
174,2026-03-15 15:30:00,lab,canteen,sports,medium,afternoon
180,2026-03-15 15:30:00,lab,lab,technical,low,morning
19,2026-03-15 15:30:00,lab,lab,cultural,high,morning
106,2026-03-15 15:30:00,lab,lab,technical,low,morning
21,2026-03-15 15:30:00,canteen,lab,cultural,low,evening
64,2026-03-15 15:30:00,canteen,canteen,sports,medium,evening
165,2026-03-15 15:31:00,stage,canteen,technical,medium,morning
27,2026-03-15 15:31:00,lab,lab,cultural,low,evening
55,2026-03-15 15:31:00,canteen,canteen,sports,high,afternoon
29,2026-03-15 15:31:00,lab,stage,sports,low,afternoon
148,2026-03-15 15:31:00,lab,lab,technical,high,morning
25,2026-03-15 15:31:00,canteen,lab,cultural,low,morning
70,2026-03-15 15:31:00,lab,lab,sports,low,evening
63,2026-03-15 15:31:00,canteen,canteen,sports,medium,morning
164,2026-03-15 15:31:00,canteen,stage,sports,low,morning
130,2026-03-15 15:31:00,stage,canteen,technical,high,afternoon
150,2026-03-15 15:31:00,stage,canteen,technical,low,afternoon
16,2026-03-15 15:31:00,stage,lab,cultural,low,evening
146,2026-03-15 15:31:00,stage,stage,cultural,high,evening
197,2026-03-15 15:32:00,lab,lab,technical,low,evening
182,2026-03-15 15:32:00,lab,lab,technical,low,morning
100,2026-03-15 15:32:00,stage,lab,technical,low,morning
30,2026-03-15 15:32:00,canteen,canteen,sports,low,morning
45,2026-03-15 15:32:00,canteen,lab,technical,high,morning
19,2026-03-15 15:32:00,canteen,canteen,cultural,high,afternoon
34,2026-03-15 15:32:00,canteen,stage,sports,high,evening
141,2026-03-15 15:32:00,lab,canteen,technical,high,evening
171,2026-03-15 15:32:00,canteen,lab,cultural,low,afternoon
62,2026-03-15 15:32:00,canteen,stage,technical,high,afternoon
118,2026-03-15 15:32:00,stage,canteen,cultural,low,morning
100,2026-03-15 15:32:00,canteen,stage,sports,medium,evening
22,2026-03-15 15:32:00,lab,canteen,sports,low,evening
180,2026-03-15 15:32:00,canteen,stage,cultural,low,afternoon
180,2026-03-15 15:32:00,canteen,lab,cultural,high,evening
111,2026-03-15 15:32:00,lab,lab,sports,high,afternoon
164,2026-03-15 15:32:00,stage,lab,sports,high,evening
73,2026-03-15 15:32:00,lab,lab,cultural,medium,afternoon
147,2026-03-15 15:33:00,stage,lab,cultural,low,morning
38,2026-03-15 15:33:00,canteen,canteen,technical,medium,evening
70,2026-03-15 15:33:00,stage,canteen,technical,low,morning
116,2026-03-15 15:33:00,stage,canteen,sports,low,afternoon
79,2026-03-15 15:33:00,stage,canteen,sports,medium,evening
185,2026-03-15 15:33:00,canteen,lab,technical,medium,evening
148,2026-03-15 15:33:00,stage,canteen,technical,low,morning
9,2026-03-15 15:34:00,stage,lab,sports,medium,morning
32,2026-03-15 15:34:00,canteen,lab,sports,high,afternoon
132,2026-03-15 15:34:00,lab,stage,cultural,low,morning
50,2026-03-15 15:34:00,lab,lab,cultural,high,evening
82,2026-03-15 15:34:00,lab,stage,sports,medium,evening
5,2026-03-15 15:34:00,canteen,lab,technical,high,evening
148,2026-03-15 15:34:00,canteen,lab,cultural,medium,evening
87,2026-03-15 15:34:00,lab,lab,sports,high,morning
126,2026-03-15 15:34:00,stage,stage,technical,medium,morning
75,2026-03-15 15:34:00,lab,stage,technical,low,afternoon
165,2026-03-15 15:34:00,canteen,stage,sports,low,morning
22,2026-03-15 15:34:00,stage,canteen,cultural,low,afternoon
186,2026-03-15 15:34:00,stage,lab,cultural,low,morning
68,2026-03-15 15:35:00,canteen,lab,sports,medium,morning
44,2026-03-15 15:35:00,stage,canteen,technical,high,evening
34,2026-03-15 15:35:00,lab,lab,cultural,low,morning
77,2026-03-15 15:35:00,canteen,canteen,sports,medium,afternoon
42,2026-03-15 15:35:00,canteen,stage,cultural,medium,evening
137,2026-03-15 15:35:00,canteen,stage,sports,low,morning
106,2026-03-15 15:35:00,canteen,lab,cultural,low,evening
95,2026-03-15 15:35:00,stage,canteen,cultural,medium,evening
135,2026-03-15 15:35:00,canteen,lab,cultural,high,evening
68,2026-03-15 15:35:00,canteen,canteen,sports,medium,afternoon
147,2026-03-15 15:35:00,stage,canteen,sports,low,afternoon
159,2026-03-15 15:35:00,canteen,lab,technical,low,morning
128,2026-03-15 15:35:00,stage,stage,cultural,low,evening
163,2026-03-15 15:35:00,stage,lab,cultural,high,morning
185,2026-03-15 15:35:00,canteen,canteen,sports,high,afternoon
85,2026-03-15 15:35:00,lab,stage,cultural,high,evening
189,2026-03-15 15:35:00,canteen,lab,sports,medium,afternoon
159,2026-03-15 15:35:00,lab,canteen,technical,medium,evening
83,2026-03-15 15:36:00,stage,canteen,cultural,high,evening
95,2026-03-15 15:36:00,lab,lab,sports,high,evening
181,2026-03-15 15:36:00,canteen,canteen,sports,low,morning
32,2026-03-15 15:36:00,canteen,lab,cultural,low,afternoon
66,2026-03-15 15:36:00,lab,lab,technical,medium,afternoon
187,2026-03-15 15:36:00,canteen,canteen,sports,high,afternoon
116,2026-03-15 15:36:00,lab,lab,cultural,high,evening
138,2026-03-15 15:36:00,stage,canteen,technical,medium,morning
130,2026-03-15 15:36:00,lab,stage,sports,high,morning
194,2026-03-15 15:36:00,lab,lab,technical,low,morning
60,2026-03-15 15:36:00,lab,canteen,sports,high,morning
17,2026-03-15 15:36:00,lab,lab,cultural,medium,evening
96,2026-03-15 15:36:00,stage,lab,cultural,medium,evening
144,2026-03-15 15:37:00,stage,canteen,cultural,high,morning
16,2026-03-15 15:37:00,stage,canteen,technical,medium,morning
46,2026-03-15 15:37:00,lab,canteen,technical,low,afternoon
167,2026-03-15 15:37:00,stage,canteen,cultural,low,evening
159,2026-03-15 15:37:00,canteen,lab,sports,low,morning
107,2026-03-15 15:37:00,stage,lab,technical,high,evening
88,2026-03-15 15:37:00,lab,stage,technical,medium,afternoon
129,2026-03-15 15:37:00,canteen,lab,sports,low,morning
139,2026-03-15 15:37:00,lab,lab,sports,medium,evening
119,2026-03-15 15:37:00,canteen,lab,cultural,medium,evening
85,2026-03-15 15:37:00,lab,lab,technical,medium,evening
4,2026-03-15 15:37:00,lab,lab,sports,low,evening
71,2026-03-15 15:37:00,canteen,canteen,sports,medium,evening
154,2026-03-15 15:37:00,stage,canteen,cultural,low,evening
111,2026-03-15 15:37:00,canteen,lab,cultural,low,afternoon
50,2026-03-15 15:37:00,canteen,canteen,technical,low,evening
140,2026-03-15 15:37:00,canteen,lab,sports,high,afternoon
95,2026-03-15 15:37:00,canteen,lab,cultural,medium,afternoon
92,2026-03-15 15:37:00,canteen,lab,technical,high,evening
65,2026-03-15 15:37:00,lab,canteen,cultural,high,morning
47,2026-03-15 15:38:00,lab,stage,technical,high,evening
181,2026-03-15 15:38:00,stage,canteen,sports,high,afternoon
106,2026-03-15 15:38:00,stage,canteen,cultural,low,evening
199,2026-03-15 15:38:00,canteen,canteen,technical,low,evening
130,2026-03-15 15:38:00,stage,canteen,technical,medium,evening
106,2026-03-15 15:38:00,stage,stage,sports,medium,afternoon
24,2026-03-15 15:38:00,canteen,canteen,cultural,low,afternoon
4,2026-03-15 15:38:00,lab,canteen,technical,medium,afternoon
108,2026-03-15 15:38:00,lab,canteen,technical,medium,morning
19,2026-03-15 15:38:00,stage,canteen,technical,high,morning
154,2026-03-15 15:38:00,lab,canteen,technical,high,morning
40,2026-03-15 15:38:00,lab,lab,cultural,high,morning
50,2026-03-15 15:39:00,stage,canteen,cultural,high,evening
171,2026-03-15 15:39:00,canteen,lab,technical,high,morning
75,2026-03-15 15:39:00,stage,lab,cultural,low,morning
195,2026-03-15 15:39:00,stage,canteen,cultural,high,morning
12,2026-03-15 15:39:00,stage,lab,sports,high,evening
195,2026-03-15 15:39:00,canteen,stage,sports,low,morning
27,2026-03-15 15:39:00,canteen,canteen,technical,high,morning
113,2026-03-15 15:39:00,canteen,canteen,sports,medium,morning
182,2026-03-15 15:39:00,canteen,stage,cultural,low,afternoon
194,2026-03-15 15:39:00,stage,canteen,technical,medium,morning
49,2026-03-15 15:39:00,lab,canteen,sports,medium,morning
144,2026-03-15 15:39:00,stage,canteen,technical,low,morning
130,2026-03-15 15:39:00,canteen,lab,technical,low,evening
60,2026-03-15 15:39:00,lab,stage,sports,high,morning
182,2026-03-15 15:39:00,stage,canteen,cultural,low,morning
30,2026-03-15 15:40:00,lab,canteen,cultural,low,afternoon
84,2026-03-15 15:40:00,canteen,canteen,sports,high,afternoon
166,2026-03-15 15:40:00,lab,lab,sports,high,evening
28,2026-03-15 15:40:00,lab,canteen,sports,low,evening
25,2026-03-15 15:40:00,canteen,stage,sports,high,morning
96,2026-03-15 15:40:00,lab,lab,technical,high,afternoon
125,2026-03-15 15:40:00,stage,lab,cultural,high,evening
10,2026-03-15 15:40:00,lab,canteen,cultural,medium,evening
188,2026-03-15 15:40:00,stage,canteen,sports,high,afternoon
42,2026-03-15 15:40:00,lab,stage,cultural,medium,morning
40,2026-03-15 15:40:00,lab,canteen,cultural,low,afternoon
77,2026-03-15 15:40:00,canteen,stage,cultural,medium,morning
105,2026-03-15 15:40:00,canteen,canteen,sports,medium,morning
118,2026-03-15 15:40:00,stage,lab,sports,medium,afternoon
42,2026-03-15 15:40:00,canteen,canteen,cultural,medium,morning
47,2026-03-15 15:40:00,canteen,stage,sports,medium,evening
165,2026-03-15 15:40:00,canteen,canteen,cultural,medium,afternoon
22,2026-03-15 15:40:00,canteen,canteen,sports,low,evening
185,2026-03-15 15:41:00,canteen,lab,cultural,low,morning
107,2026-03-15 15:41:00,stage,canteen,sports,low,morning
27,2026-03-15 15:41:00,stage,canteen,cultural,medium,afternoon
41,2026-03-15 15:41:00,canteen,lab,sports,high,afternoon
80,2026-03-15 15:41:00,canteen,stage,sports,medium,morning
162,2026-03-15 15:41:00,stage,stage,cultural,low,afternoon
160,2026-03-15 15:41:00,lab,stage,technical,medium,morning
89,2026-03-15 15:41:00,stage,canteen,cultural,low,evening
66,2026-03-15 15:41:00,lab,stage,cultural,high,afternoon
12,2026-03-15 15:41:00,canteen,canteen,technical,high,evening
168,2026-03-15 15:42:00,canteen,lab,sports,low,afternoon
73,2026-03-15 15:42:00,stage,canteen,technical,low,evening
76,2026-03-15 15:42:00,canteen,lab,cultural,medium,morning
90,2026-03-15 15:42:00,lab,lab,technical,medium,morning
10,2026-03-15 15:42:00,lab,canteen,sports,medium,morning
96,2026-03-15 15:42:00,stage,lab,cultural,high,morning
176,2026-03-15 15:42:00,lab,canteen,cultural,high,afternoon
20,2026-03-15 15:42:00,stage,canteen,sports,high,evening
39,2026-03-15 15:42:00,stage,canteen,sports,medium,afternoon
60,2026-03-15 15:42:00,lab,stage,cultural,low,afternoon
66,2026-03-15 15:42:00,lab,lab,sports,low,morning
65,2026-03-15 15:42:00,lab,stage,technical,medium,afternoon
179,2026-03-15 15:42:00,lab,canteen,technical,medium,evening
124,2026-03-15 15:42:00,lab,canteen,technical,low,afternoon
164,2026-03-15 15:43:00,lab,stage,technical,low,evening
152,2026-03-15 15:43:00,lab,stage,sports,high,morning
155,2026-03-15 15:43:00,canteen,stage,technical,medium,morning
130,2026-03-15 15:43:00,stage,canteen,technical,high,afternoon
159,2026-03-15 15:43:00,stage,lab,cultural,high,evening
57,2026-03-15 15:43:00,lab,canteen,sports,low,morning
78,2026-03-15 15:43:00,stage,stage,sports,medium,morning
194,2026-03-15 15:43:00,lab,lab,sports,low,afternoon
29,2026-03-15 15:43:00,canteen,lab,cultural,high,evening
15,2026-03-15 15:43:00,stage,canteen,cultural,medium,morning
12,2026-03-15 15:44:00,stage,canteen,sports,high,morning
101,2026-03-15 15:44:00,canteen,lab,technical,high,evening
156,2026-03-15 15:44:00,canteen,stage,cultural,low,afternoon
84,2026-03-15 15:44:00,canteen,canteen,cultural,medium,afternoon
125,2026-03-15 15:44:00,stage,canteen,cultural,medium,morning
103,2026-03-15 15:44:00,stage,lab,sports,medium,morning
24,2026-03-15 15:44:00,canteen,lab,technical,medium,afternoon
149,2026-03-15 15:44:00,canteen,lab,cultural,high,afternoon
138,2026-03-15 15:44:00,canteen,canteen,cultural,low,morning
110,2026-03-15 15:44:00,canteen,canteen,sports,medium,evening
78,2026-03-15 15:45:00,canteen,stage,technical,high,evening
101,2026-03-15 15:45:00,lab,lab,cultural,low,morning
146,2026-03-15 15:45:00,canteen,lab,sports,low,morning
142,2026-03-15 15:45:00,lab,canteen,sports,low,morning
162,2026-03-15 15:45:00,stage,canteen,cultural,medium,morning
128,2026-03-15 15:45:00,stage,canteen,sports,high,afternoon
58,2026-03-15 15:45:00,lab,canteen,sports,low,evening
76,2026-03-15 15:45:00,canteen,lab,cultural,low,evening
150,2026-03-15 15:45:00,stage,canteen,sports,low,evening
198,2026-03-15 15:45:00,canteen,canteen,technical,high,afternoon
36,2026-03-15 15:46:00,canteen,stage,technical,high,morning
173,2026-03-15 15:46:00,lab,lab,cultural,medium,evening
164,2026-03-15 15:46:00,stage,lab,technical,medium,evening
22,2026-03-15 15:46:00,stage,lab,technical,high,afternoon
127,2026-03-15 15:46:00,lab,lab,cultural,medium,morning
80,2026-03-15 15:46:00,canteen,canteen,sports,high,morning
189,2026-03-15 15:46:00,canteen,canteen,technical,medium,morning
100,2026-03-15 15:46:00,stage,lab,sports,medium,evening
184,2026-03-15 15:46:00,lab,lab,cultural,high,afternoon
96,2026-03-15 15:46:00,lab,lab,technical,low,evening
161,2026-03-15 15:46:00,canteen,lab,cultural,low,afternoon
173,2026-03-15 15:46:00,canteen,lab,sports,medium,afternoon
164,2026-03-15 15:47:00,lab,stage,cultural,low,evening
148,2026-03-15 15:47:00,stage,canteen,technical,low,afternoon
18,2026-03-15 15:47:00,canteen,lab,cultural,medium,afternoon
38,2026-03-15 15:47:00,lab,lab,cultural,low,afternoon
195,2026-03-15 15:47:00,lab,lab,cultural,high,morning
151,2026-03-15 15:47:00,lab,canteen,sports,high,morning
109,2026-03-15 15:47:00,stage,canteen,sports,low,morning
123,2026-03-15 15:47:00,canteen,lab,sports,high,morning
144,2026-03-15 15:47:00,canteen,lab,sports,high,evening
187,2026-03-15 15:47:00,canteen,lab,technical,low,evening
197,2026-03-15 15:47:00,stage,canteen,sports,high,evening
196,2026-03-15 15:47:00,canteen,lab,sports,medium,morning
149,2026-03-15 15:47:00,canteen,lab,technical,medium,evening
104,2026-03-15 15:47:00,canteen,lab,sports,medium,morning
198,2026-03-15 15:47:00,canteen,stage,cultural,low,morning
140,2026-03-15 15:47:00,stage,canteen,sports,high,afternoon
144,2026-03-15 15:47:00,lab,lab,technical,low,afternoon
81,2026-03-15 15:48:00,lab,stage,cultural,low,morning
87,2026-03-15 15:48:00,canteen,canteen,technical,high,afternoon
142,2026-03-15 15:48:00,canteen,canteen,cultural,high,afternoon
61,2026-03-15 15:48:00,canteen,lab,cultural,high,afternoon
199,2026-03-15 15:48:00,stage,canteen,cultural,low,afternoon
46,2026-03-15 15:48:00,canteen,stage,technical,low,evening
32,2026-03-15 15:48:00,stage,lab,cultural,medium,afternoon
15,2026-03-15 15:48:00,canteen,lab,cultural,low,morning
44,2026-03-15 15:48:00,canteen,stage,cultural,high,afternoon
145,2026-03-15 15:48:00,lab,stage,cultural,low,afternoon
169,2026-03-15 15:48:00,canteen,lab,cultural,medium,evening
54,2026-03-15 15:48:00,stage,canteen,sports,high,evening
44,2026-03-15 15:48:00,lab,lab,technical,medium,evening
98,2026-03-15 15:48:00,stage,canteen,cultural,low,afternoon
5,2026-03-15 15:48:00,lab,lab,cultural,low,morning
109,2026-03-15 15:49:00,stage,lab,cultural,medium,evening
27,2026-03-15 15:49:00,lab,lab,cultural,medium,afternoon
116,2026-03-15 15:49:00,stage,stage,cultural,high,afternoon
87,2026-03-15 15:49:00,stage,lab,sports,high,afternoon
104,2026-03-15 15:49:00,canteen,canteen,sports,medium,evening
123,2026-03-15 15:49:00,lab,lab,cultural,high,afternoon
79,2026-03-15 15:49:00,lab,canteen,cultural,medium,evening
43,2026-03-15 15:49:00,canteen,lab,cultural,medium,afternoon
97,2026-03-15 15:50:00,stage,stage,technical,low,morning
31,2026-03-15 15:50:00,stage,canteen,technical,medium,morning
99,2026-03-15 15:50:00,lab,canteen,sports,high,afternoon
17,2026-03-15 15:50:00,stage,canteen,sports,medium,evening
83,2026-03-15 15:50:00,lab,stage,technical,low,afternoon
110,2026-03-15 15:50:00,lab,stage,cultural,high,morning
182,2026-03-15 15:50:00,stage,canteen,sports,medium,afternoon
190,2026-03-15 15:50:00,stage,canteen,cultural,low,evening
32,2026-03-15 15:50:00,stage,lab,cultural,high,evening
168,2026-03-15 15:50:00,canteen,canteen,sports,low,evening
141,2026-03-15 15:50:00,lab,lab,technical,low,evening
35,2026-03-15 15:50:00,stage,stage,technical,high,morning
133,2026-03-15 15:51:00,canteen,lab,technical,low,evening
29,2026-03-15 15:51:00,stage,canteen,cultural,low,evening
70,2026-03-15 15:51:00,lab,lab,cultural,low,morning
153,2026-03-15 15:51:00,canteen,lab,cultural,high,evening
95,2026-03-15 15:51:00,lab,canteen,technical,low,morning
22,2026-03-15 15:51:00,stage,lab,cultural,medium,evening
194,2026-03-15 15:51:00,stage,canteen,sports,low,evening
173,2026-03-15 15:51:00,stage,canteen,cultural,medium,evening
69,2026-03-15 15:51:00,canteen,stage,sports,low,evening
89,2026-03-15 15:51:00,canteen,canteen,technical,medium,afternoon
72,2026-03-15 15:51:00,canteen,stage,cultural,high,afternoon
129,2026-03-15 15:51:00,canteen,lab,cultural,low,evening
172,2026-03-15 15:51:00,stage,canteen,technical,medium,evening
87,2026-03-15 15:51:00,stage,lab,cultural,high,evening
96,2026-03-15 15:51:00,stage,canteen,sports,low,afternoon
75,2026-03-15 15:51:00,canteen,stage,technical,low,evening
167,2026-03-15 15:51:00,canteen,lab,sports,low,morning
54,2026-03-15 15:51:00,stage,lab,technical,high,afternoon
88,2026-03-15 15:51:00,stage,lab,sports,high,afternoon
157,2026-03-15 15:52:00,canteen,lab,sports,medium,afternoon
54,2026-03-15 15:52:00,lab,lab,sports,low,evening
16,2026-03-15 15:52:00,stage,lab,cultural,medium,morning
99,2026-03-15 15:52:00,stage,canteen,cultural,medium,afternoon
20,2026-03-15 15:52:00,stage,canteen,cultural,medium,morning
46,2026-03-15 15:52:00,canteen,stage,cultural,medium,morning
195,2026-03-15 15:52:00,stage,canteen,cultural,medium,morning
193,2026-03-15 15:52:00,stage,canteen,sports,low,evening
127,2026-03-15 15:52:00,stage,lab,cultural,high,evening
58,2026-03-15 15:52:00,stage,canteen,sports,medium,evening
181,2026-03-15 15:52:00,stage,canteen,technical,high,afternoon
111,2026-03-15 15:52:00,lab,lab,sports,medium,afternoon
129,2026-03-15 15:52:00,lab,canteen,cultural,low,morning
81,2026-03-15 15:52:00,stage,stage,technical,medium,afternoon
194,2026-03-15 15:53:00,stage,canteen,cultural,medium,evening
157,2026-03-15 15:53:00,stage,canteen,technical,medium,evening
84,2026-03-15 15:53:00,stage,lab,sports,low,evening
70,2026-03-15 15:53:00,canteen,canteen,technical,medium,evening
8,2026-03-15 15:53:00,canteen,lab,cultural,low,morning
29,2026-03-15 15:53:00,canteen,canteen,technical,high,afternoon
112,2026-03-15 15:53:00,lab,lab,sports,high,evening
179,2026-03-15 15:53:00,stage,canteen,technical,high,morning
161,2026-03-15 15:53:00,canteen,stage,sports,low,afternoon
131,2026-03-15 15:53:00,stage,stage,technical,medium,morning
188,2026-03-15 15:54:00,stage,stage,sports,high,evening
163,2026-03-15 15:54:00,lab,canteen,sports,high,evening
197,2026-03-15 15:54:00,lab,lab,sports,medium,evening
108,2026-03-15 15:54:00,canteen,stage,sports,high,afternoon
109,2026-03-15 15:54:00,canteen,lab,cultural,high,evening
20,2026-03-15 15:54:00,lab,canteen,sports,medium,afternoon
73,2026-03-15 15:54:00,lab,lab,cultural,low,morning
167,2026-03-15 15:54:00,stage,lab,sports,low,afternoon
4,2026-03-15 15:54:00,stage,lab,technical,high,morning
19,2026-03-15 15:54:00,canteen,canteen,technical,high,afternoon
102,2026-03-15 15:54:00,canteen,canteen,cultural,low,evening
173,2026-03-15 15:54:00,lab,lab,technical,high,evening
171,2026-03-15 15:54:00,canteen,stage,sports,low,morning
141,2026-03-15 15:54:00,stage,canteen,technical,high,afternoon
141,2026-03-15 15:54:00,lab,stage,cultural,high,afternoon
188,2026-03-15 15:54:00,stage,canteen,technical,low,morning
185,2026-03-15 15:54:00,lab,lab,cultural,medium,afternoon
86,2026-03-15 15:54:00,lab,lab,sports,high,afternoon
52,2026-03-15 15:54:00,stage,canteen,sports,high,morning
111,2026-03-15 15:55:00,canteen,stage,technical,medium,morning
181,2026-03-15 15:55:00,canteen,lab,technical,high,morning
109,2026-03-15 15:55:00,canteen,canteen,technical,medium,afternoon
86,2026-03-15 15:55:00,canteen,canteen,sports,medium,morning
43,2026-03-15 15:55:00,stage,canteen,technical,low,morning
200,2026-03-15 15:55:00,lab,stage,sports,medium,morning
200,2026-03-15 15:55:00,stage,stage,cultural,low,morning
42,2026-03-15 15:55:00,canteen,canteen,technical,low,evening
90,2026-03-15 15:55:00,canteen,stage,technical,low,evening
115,2026-03-15 15:55:00,stage,canteen,cultural,high,evening
26,2026-03-15 15:55:00,lab,lab,cultural,high,morning
151,2026-03-15 15:55:00,stage,canteen,cultural,medium,afternoon
43,2026-03-15 15:55:00,stage,canteen,cultural,low,evening
77,2026-03-15 15:55:00,stage,canteen,sports,high,morning
156,2026-03-15 15:55:00,lab,lab,technical,high,evening
137,2026-03-15 15:55:00,stage,stage,sports,medium,evening
20,2026-03-15 15:56:00,stage,lab,sports,high,morning
184,2026-03-15 15:56:00,canteen,lab,cultural,high,morning
39,2026-03-15 15:56:00,stage,stage,technical,high,evening
179,2026-03-15 15:56:00,canteen,canteen,sports,high,morning
12,2026-03-15 15:56:00,canteen,canteen,sports,high,evening
183,2026-03-15 15:56:00,canteen,lab,cultural,high,evening
11,2026-03-15 15:56:00,lab,canteen,technical,medium,evening
154,2026-03-15 15:56:00,canteen,canteen,technical,low,evening
42,2026-03-15 15:56:00,stage,canteen,technical,high,afternoon
155,2026-03-15 15:56:00,stage,canteen,sports,low,afternoon
11,2026-03-15 15:56:00,canteen,lab,cultural,medium,morning
38,2026-03-15 15:56:00,canteen,lab,technical,medium,afternoon
98,2026-03-15 15:56:00,stage,canteen,sports,low,afternoon
171,2026-03-15 15:57:00,canteen,lab,sports,low,morning
19,2026-03-15 15:57:00,lab,stage,technical,medium,evening
192,2026-03-15 15:57:00,canteen,stage,cultural,high,afternoon
134,2026-03-15 15:57:00,lab,canteen,cultural,low,afternoon
174,2026-03-15 15:57:00,lab,lab,technical,low,afternoon
116,2026-03-15 15:57:00,lab,lab,sports,high,afternoon
113,2026-03-15 15:57:00,canteen,canteen,cultural,low,evening
170,2026-03-15 15:57:00,lab,stage,sports,high,morning
65,2026-03-15 15:57:00,lab,stage,sports,medium,afternoon
99,2026-03-15 15:57:00,canteen,lab,cultural,low,afternoon
72,2026-03-15 15:57:00,lab,lab,sports,high,afternoon
187,2026-03-15 15:57:00,canteen,lab,sports,high,afternoon
52,2026-03-15 15:57:00,stage,canteen,technical,medium,morning
118,2026-03-15 15:57:00,lab,lab,cultural,low,evening
175,2026-03-15 15:58:00,canteen,stage,sports,high,morning
120,2026-03-15 15:58:00,stage,canteen,cultural,low,afternoon
7,2026-03-15 15:58:00,lab,lab,cultural,high,afternoon
11,2026-03-15 15:58:00,lab,canteen,sports,low,morning
103,2026-03-15 15:58:00,canteen,stage,cultural,low,evening
61,2026-03-15 15:58:00,stage,lab,technical,high,evening
68,2026-03-15 15:58:00,canteen,lab,technical,high,evening
153,2026-03-15 15:58:00,lab,canteen,sports,low,evening
140,2026-03-15 15:59:00,lab,lab,cultural,low,morning
154,2026-03-15 15:59:00,lab,lab,sports,medium,morning
102,2026-03-15 15:59:00,lab,stage,cultural,high,evening
110,2026-03-15 15:59:00,stage,canteen,sports,low,morning
140,2026-03-15 15:59:00,stage,canteen,sports,low,morning
171,2026-03-15 15:59:00,canteen,canteen,cultural,high,afternoon
51,2026-03-15 15:59:00,canteen,lab,technical,low,morning
117,2026-03-15 15:59:00,canteen,canteen,sports,low,morning
165,2026-03-15 15:59:00,lab,stage,technical,medium,evening
46,2026-03-15 15:59:00,canteen,stage,cultural,medium,morning
53,2026-03-15 15:59:00,stage,stage,sports,high,evening
88,2026-03-15 15:59:00,canteen,canteen,cultural,high,afternoon
121,2026-03-15 16:00:00,canteen,lab,technical,high,afternoon
13,2026-03-15 16:00:00,stage,canteen,cultural,medium,morning
89,2026-03-15 16:00:00,stage,canteen,sports,medium,morning
125,2026-03-15 16:00:00,lab,lab,technical,medium,evening
118,2026-03-15 16:00:00,stage,canteen,sports,low,afternoon
54,2026-03-15 16:00:00,stage,canteen,technical,medium,evening
185,2026-03-15 16:00:00,canteen,lab,cultural,medium,morning
116,2026-03-15 16:00:00,stage,canteen,cultural,high,afternoon
118,2026-03-15 16:00:00,lab,canteen,sports,medium,morning
4,2026-03-15 16:00:00,canteen,lab,sports,medium,afternoon
75,2026-03-15 16:00:00,lab,lab,sports,low,evening
49,2026-03-15 16:01:00,stage,canteen,technical,medium,morning
7,2026-03-15 16:01:00,lab,canteen,technical,high,morning
110,2026-03-15 16:01:00,lab,canteen,sports,low,afternoon
122,2026-03-15 16:01:00,stage,stage,technical,medium,evening
11,2026-03-15 16:01:00,stage,canteen,technical,medium,afternoon
92,2026-03-15 16:01:00,canteen,canteen,cultural,medium,afternoon
182,2026-03-15 16:01:00,canteen,stage,cultural,low,afternoon
173,2026-03-15 16:01:00,canteen,canteen,cultural,low,morning
23,2026-03-15 16:01:00,stage,stage,sports,medium,evening
28,2026-03-15 16:01:00,lab,canteen,cultural,high,evening
111,2026-03-15 16:01:00,lab,stage,cultural,medium,evening
57,2026-03-15 16:01:00,canteen,stage,technical,low,afternoon
26,2026-03-15 16:02:00,canteen,lab,cultural,low,evening
153,2026-03-15 16:02:00,stage,lab,technical,low,evening
54,2026-03-15 16:02:00,lab,canteen,cultural,high,morning
29,2026-03-15 16:02:00,canteen,canteen,sports,medium,morning
97,2026-03-15 16:02:00,stage,canteen,sports,medium,morning
164,2026-03-15 16:02:00,canteen,canteen,cultural,low,afternoon
14,2026-03-15 16:02:00,stage,canteen,cultural,medium,morning
78,2026-03-15 16:02:00,lab,canteen,cultural,high,evening
35,2026-03-15 16:02:00,stage,canteen,sports,high,morning
30,2026-03-15 16:02:00,canteen,stage,technical,medium,afternoon
92,2026-03-15 16:02:00,canteen,stage,technical,medium,morning
17,2026-03-15 16:02:00,lab,lab,cultural,medium,evening
195,2026-03-15 16:03:00,lab,lab,sports,medium,morning
158,2026-03-15 16:03:00,canteen,canteen,technical,medium,morning
93,2026-03-15 16:03:00,canteen,canteen,cultural,medium,morning
173,2026-03-15 16:03:00,canteen,canteen,sports,low,afternoon
79,2026-03-15 16:03:00,lab,canteen,sports,low,afternoon
110,2026-03-15 16:03:00,canteen,canteen,technical,low,afternoon
179,2026-03-15 16:03:00,lab,canteen,sports,high,afternoon
102,2026-03-15 16:03:00,canteen,canteen,cultural,high,afternoon
106,2026-03-15 16:03:00,stage,canteen,cultural,high,morning
47,2026-03-15 16:04:00,stage,canteen,technical,high,morning
181,2026-03-15 16:04:00,canteen,canteen,sports,low,afternoon
64,2026-03-15 16:04:00,stage,canteen,technical,medium,afternoon
166,2026-03-15 16:04:00,lab,canteen,technical,medium,morning
64,2026-03-15 16:04:00,stage,canteen,sports,medium,evening
87,2026-03-15 16:04:00,stage,canteen,technical,high,morning
7,2026-03-15 16:04:00,lab,lab,sports,low,afternoon
22,2026-03-15 16:04:00,stage,canteen,cultural,medium,morning
81,2026-03-15 16:04:00,stage,lab,technical,high,afternoon
169,2026-03-15 16:04:00,canteen,lab,sports,high,morning
74,2026-03-15 16:05:00,lab,lab,sports,high,morning
138,2026-03-15 16:05:00,lab,lab,sports,medium,morning
185,2026-03-15 16:05:00,canteen,lab,technical,low,evening
135,2026-03-15 16:05:00,canteen,stage,cultural,medium,morning
125,2026-03-15 16:05:00,stage,stage,technical,low,morning
50,2026-03-15 16:05:00,stage,canteen,cultural,low,evening
52,2026-03-15 16:05:00,stage,lab,technical,medium,morning
161,2026-03-15 16:05:00,canteen,canteen,technical,medium,evening
1,2026-03-15 16:05:00,lab,canteen,technical,high,evening
181,2026-03-15 16:05:00,stage,canteen,cultural,high,evening
188,2026-03-15 16:05:00,canteen,lab,sports,medium,morning
162,2026-03-15 16:05:00,lab,canteen,technical,medium,afternoon
4,2026-03-15 16:05:00,canteen,lab,technical,low,morning
145,2026-03-15 16:05:00,stage,lab,cultural,low,afternoon
132,2026-03-15 16:05:00,canteen,lab,technical,high,afternoon
171,2026-03-15 16:05:00,canteen,canteen,sports,low,evening
4,2026-03-15 16:06:00,canteen,canteen,sports,medium,evening
1,2026-03-15 16:06:00,canteen,canteen,cultural,low,evening
71,2026-03-15 16:06:00,lab,canteen,cultural,low,evening
178,2026-03-15 16:06:00,stage,stage,sports,low,morning
189,2026-03-15 16:06:00,lab,lab,sports,medium,morning
35,2026-03-15 16:06:00,canteen,canteen,sports,high,afternoon
8,2026-03-15 16:06:00,canteen,lab,cultural,low,morning
152,2026-03-15 16:06:00,stage,lab,sports,medium,morning
36,2026-03-15 16:06:00,stage,stage,sports,low,afternoon
178,2026-03-15 16:06:00,lab,lab,sports,low,morning
123,2026-03-15 16:06:00,lab,lab,technical,medium,morning
43,2026-03-15 16:06:00,stage,canteen,cultural,low,evening
27,2026-03-15 16:06:00,lab,canteen,cultural,medium,evening
32,2026-03-15 16:06:00,canteen,canteen,cultural,high,afternoon
78,2026-03-15 16:06:00,canteen,canteen,cultural,low,evening
121,2026-03-15 16:06:00,stage,canteen,technical,medium,morning
146,2026-03-15 16:06:00,lab,stage,technical,low,evening
156,2026-03-15 16:06:00,canteen,lab,technical,low,evening
157,2026-03-15 16:06:00,stage,canteen,technical,low,afternoon
16,2026-03-15 16:06:00,lab,stage,technical,medium,morning
99,2026-03-15 16:07:00,canteen,lab,cultural,medium,afternoon
47,2026-03-15 16:07:00,lab,lab,cultural,medium,morning
187,2026-03-15 16:07:00,lab,canteen,cultural,high,morning
31,2026-03-15 16:07:00,lab,stage,technical,low,morning
4,2026-03-15 16:07:00,stage,lab,sports,medium,evening
165,2026-03-15 16:07:00,canteen,lab,cultural,low,afternoon
17,2026-03-15 16:07:00,stage,stage,cultural,low,morning
39,2026-03-15 16:07:00,canteen,canteen,sports,low,evening
48,2026-03-15 16:07:00,canteen,canteen,technical,medium,afternoon
174,2026-03-15 16:07:00,stage,stage,sports,high,evening
176,2026-03-15 16:08:00,stage,canteen,sports,high,evening
39,2026-03-15 16:08:00,canteen,lab,cultural,high,morning
132,2026-03-15 16:08:00,canteen,lab,cultural,high,afternoon
30,2026-03-15 16:08:00,canteen,stage,technical,medium,evening
158,2026-03-15 16:08:00,lab,lab,sports,high,evening
22,2026-03-15 16:08:00,canteen,canteen,technical,high,evening
66,2026-03-15 16:08:00,stage,lab,sports,medium,evening
108,2026-03-15 16:08:00,stage,stage,cultural,medium,morning
12,2026-03-15 16:08:00,stage,canteen,sports,low,morning
36,2026-03-15 16:08:00,canteen,lab,technical,low,afternoon
18,2026-03-15 16:08:00,canteen,stage,sports,high,evening
90,2026-03-15 16:08:00,lab,lab,technical,low,morning
181,2026-03-15 16:08:00,lab,lab,sports,medium,afternoon
199,2026-03-15 16:08:00,stage,stage,cultural,low,afternoon
1,2026-03-15 16:09:00,lab,lab,cultural,low,morning
127,2026-03-15 16:09:00,lab,canteen,technical,medium,morning
186,2026-03-15 16:09:00,stage,canteen,cultural,high,evening
90,2026-03-15 16:09:00,canteen,lab,sports,low,morning
87,2026-03-15 16:09:00,lab,lab,sports,low,morning
90,2026-03-15 16:09:00,canteen,canteen,cultural,high,morning
134,2026-03-15 16:09:00,stage,canteen,technical,low,afternoon
70,2026-03-15 16:09:00,stage,canteen,sports,high,morning
44,2026-03-15 16:09:00,lab,lab,technical,medium,afternoon
200,2026-03-15 16:09:00,stage,lab,sports,medium,afternoon
152,2026-03-15 16:09:00,stage,canteen,technical,high,morning
86,2026-03-15 16:09:00,stage,lab,technical,medium,afternoon
19,2026-03-15 16:10:00,lab,canteen,sports,medium,evening
101,2026-03-15 16:10:00,lab,canteen,sports,medium,evening
146,2026-03-15 16:10:00,lab,lab,technical,medium,afternoon
95,2026-03-15 16:10:00,stage,canteen,sports,medium,morning
101,2026-03-15 16:10:00,canteen,canteen,cultural,medium,morning
30,2026-03-15 16:10:00,stage,canteen,sports,low,afternoon
170,2026-03-15 16:10:00,lab,canteen,technical,low,morning
33,2026-03-15 16:10:00,canteen,canteen,sports,low,afternoon
12,2026-03-15 16:10:00,canteen,lab,sports,medium,evening
118,2026-03-15 16:10:00,lab,lab,technical,low,afternoon
94,2026-03-15 16:10:00,canteen,lab,sports,high,afternoon
155,2026-03-15 16:10:00,canteen,canteen,technical,high,evening
167,2026-03-15 16:10:00,lab,canteen,technical,high,evening
137,2026-03-15 16:10:00,canteen,lab,technical,low,afternoon
149,2026-03-15 16:11:00,canteen,canteen,technical,medium,evening
76,2026-03-15 16:11:00,lab,stage,cultural,high,evening
29,2026-03-15 16:11:00,canteen,canteen,cultural,low,morning
161,2026-03-15 16:11:00,canteen,canteen,technical,low,evening
190,2026-03-15 16:11:00,canteen,stage,sports,medium,evening
117,2026-03-15 16:11:00,canteen,lab,cultural,medium,afternoon
15,2026-03-15 16:11:00,lab,lab,technical,low,evening
2,2026-03-15 16:11:00,stage,canteen,cultural,medium,afternoon
180,2026-03-15 16:11:00,stage,lab,technical,medium,morning
117,2026-03-15 16:11:00,canteen,lab,cultural,medium,afternoon
172,2026-03-15 16:11:00,lab,lab,technical,medium,afternoon
182,2026-03-15 16:11:00,lab,stage,cultural,medium,morning
18,2026-03-15 16:11:00,canteen,stage,cultural,low,morning
3,2026-03-15 16:11:00,stage,stage,sports,high,evening
135,2026-03-15 16:12:00,canteen,stage,cultural,low,afternoon
171,2026-03-15 16:12:00,lab,canteen,sports,low,afternoon
166,2026-03-15 16:12:00,lab,canteen,cultural,low,afternoon
165,2026-03-15 16:12:00,stage,canteen,technical,low,morning
186,2026-03-15 16:12:00,lab,stage,sports,low,afternoon
161,2026-03-15 16:12:00,lab,canteen,cultural,medium,evening
108,2026-03-15 16:12:00,lab,canteen,sports,high,morning
187,2026-03-15 16:12:00,stage,lab,technical,medium,afternoon
95,2026-03-15 16:12:00,lab,stage,technical,high,morning
122,2026-03-15 16:12:00,canteen,lab,technical,low,morning
11,2026-03-15 16:12:00,stage,lab,technical,low,morning
68,2026-03-15 16:12:00,canteen,lab,technical,low,afternoon
123,2026-03-15 16:12:00,canteen,lab,sports,low,afternoon
196,2026-03-15 16:13:00,stage,lab,sports,low,evening
113,2026-03-15 16:13:00,canteen,stage,cultural,low,morning
98,2026-03-15 16:13:00,stage,lab,cultural,low,afternoon
93,2026-03-15 16:13:00,canteen,lab,technical,high,afternoon
22,2026-03-15 16:13:00,stage,canteen,technical,low,evening
194,2026-03-15 16:13:00,lab,canteen,sports,low,afternoon
172,2026-03-15 16:13:00,lab,canteen,technical,low,afternoon
127,2026-03-15 16:13:00,canteen,lab,technical,high,afternoon
134,2026-03-15 16:13:00,lab,lab,technical,high,morning
170,2026-03-15 16:13:00,stage,canteen,cultural,low,evening
25,2026-03-15 16:13:00,canteen,stage,sports,medium,evening
185,2026-03-15 16:14:00,lab,canteen,cultural,high,evening
85,2026-03-15 16:14:00,lab,canteen,technical,low,afternoon
55,2026-03-15 16:14:00,canteen,canteen,technical,high,afternoon
144,2026-03-15 16:14:00,lab,stage,cultural,medium,afternoon
95,2026-03-15 16:14:00,lab,stage,cultural,low,morning
142,2026-03-15 16:14:00,canteen,canteen,sports,high,morning
167,2026-03-15 16:14:00,lab,canteen,technical,medium,evening
156,2026-03-15 16:14:00,lab,stage,technical,high,morning
179,2026-03-15 16:14:00,lab,lab,cultural,high,morning
119,2026-03-15 16:14:00,lab,lab,sports,low,afternoon
177,2026-03-15 16:14:00,canteen,lab,sports,low,afternoon
9,2026-03-15 16:14:00,stage,canteen,technical,high,evening
186,2026-03-15 16:14:00,stage,canteen,technical,medium,afternoon
173,2026-03-15 16:14:00,lab,canteen,cultural,low,afternoon
150,2026-03-15 16:14:00,lab,lab,technical,high,morning
160,2026-03-15 16:14:00,stage,canteen,cultural,high,evening
197,2026-03-15 16:14:00,lab,lab,technical,low,morning
197,2026-03-15 16:14:00,stage,lab,technical,low,evening
42,2026-03-15 16:15:00,canteen,stage,technical,high,evening
53,2026-03-15 16:15:00,canteen,stage,sports,low,afternoon
187,2026-03-15 16:15:00,canteen,lab,technical,high,morning
74,2026-03-15 16:15:00,canteen,stage,technical,medium,morning
39,2026-03-15 16:15:00,canteen,stage,sports,low,afternoon
122,2026-03-15 16:15:00,canteen,lab,sports,low,evening
15,2026-03-15 16:15:00,stage,canteen,technical,high,evening
199,2026-03-15 16:15:00,lab,lab,sports,low,evening
157,2026-03-15 16:15:00,stage,lab,sports,medium,evening
123,2026-03-15 16:15:00,canteen,canteen,sports,high,afternoon
111,2026-03-15 16:15:00,lab,canteen,sports,medium,evening
131,2026-03-15 16:15:00,lab,stage,cultural,medium,morning
83,2026-03-15 16:15:00,canteen,stage,technical,medium,evening
10,2026-03-15 16:15:00,canteen,stage,cultural,medium,evening
92,2026-03-15 16:15:00,canteen,stage,technical,high,evening
29,2026-03-15 16:15:00,canteen,canteen,sports,low,afternoon
35,2026-03-15 16:15:00,canteen,canteen,cultural,medium,evening
6,2026-03-15 16:15:00,canteen,lab,sports,medium,afternoon
140,2026-03-15 16:15:00,lab,lab,sports,high,morning
111,2026-03-15 16:15:00,canteen,lab,sports,medium,evening
38,2026-03-15 16:16:00,canteen,canteen,technical,medium,evening
77,2026-03-15 16:16:00,lab,stage,sports,medium,morning
93,2026-03-15 16:16:00,stage,canteen,technical,medium,evening
147,2026-03-15 16:16:00,canteen,canteen,technical,low,evening
67,2026-03-15 16:16:00,lab,stage,sports,medium,afternoon
136,2026-03-15 16:16:00,lab,lab,technical,high,afternoon
8,2026-03-15 16:16:00,stage,canteen,cultural,low,morning
122,2026-03-15 16:16:00,canteen,stage,technical,high,afternoon
84,2026-03-15 16:16:00,canteen,lab,sports,low,afternoon
175,2026-03-15 16:16:00,canteen,lab,sports,low,morning
132,2026-03-15 16:16:00,lab,canteen,cultural,medium,morning
179,2026-03-15 16:16:00,canteen,canteen,cultural,medium,evening
85,2026-03-15 16:16:00,canteen,lab,technical,high,evening
195,2026-03-15 16:16:00,canteen,lab,technical,low,evening
45,2026-03-15 16:16:00,canteen,stage,cultural,low,evening
136,2026-03-15 16:17:00,stage,canteen,sports,medium,afternoon
87,2026-03-15 16:17:00,stage,lab,sports,low,afternoon
16,2026-03-15 16:17:00,stage,canteen,cultural,medium,morning
77,2026-03-15 16:17:00,canteen,lab,cultural,medium,morning
195,2026-03-15 16:17:00,canteen,lab,sports,high,afternoon
9,2026-03-15 16:17:00,lab,canteen,sports,medium,evening
60,2026-03-15 16:17:00,lab,lab,technical,medium,evening
78,2026-03-15 16:17:00,lab,canteen,cultural,low,evening
77,2026-03-15 16:17:00,canteen,lab,cultural,high,evening
71,2026-03-15 16:17:00,stage,lab,cultural,high,morning
15,2026-03-15 16:17:00,stage,canteen,sports,high,afternoon
71,2026-03-15 16:17:00,stage,canteen,technical,medium,morning
102,2026-03-15 16:17:00,canteen,lab,sports,high,afternoon
169,2026-03-15 16:17:00,stage,canteen,cultural,medium,evening
22,2026-03-15 16:18:00,lab,stage,cultural,medium,morning
152,2026-03-15 16:18:00,lab,stage,cultural,medium,afternoon
113,2026-03-15 16:18:00,stage,canteen,cultural,medium,afternoon
172,2026-03-15 16:18:00,lab,lab,cultural,high,afternoon
1,2026-03-15 16:18:00,stage,lab,sports,high,afternoon
10,2026-03-15 16:18:00,stage,canteen,technical,low,evening
110,2026-03-15 16:18:00,lab,canteen,cultural,high,evening
200,2026-03-15 16:18:00,lab,canteen,cultural,low,afternoon
184,2026-03-15 16:18:00,lab,stage,cultural,high,afternoon
113,2026-03-15 16:18:00,lab,canteen,sports,high,afternoon
50,2026-03-15 16:18:00,stage,canteen,sports,high,evening
12,2026-03-15 16:18:00,lab,canteen,cultural,medium,morning
89,2026-03-15 16:18:00,lab,lab,cultural,high,afternoon
188,2026-03-15 16:18:00,canteen,lab,cultural,high,morning
154,2026-03-15 16:18:00,lab,lab,cultural,low,evening
112,2026-03-15 16:18:00,lab,stage,cultural,high,evening
78,2026-03-15 16:18:00,stage,lab,sports,medium,evening
169,2026-03-15 16:18:00,stage,lab,cultural,high,evening
164,2026-03-15 16:19:00,canteen,lab,cultural,low,evening
121,2026-03-15 16:19:00,lab,canteen,cultural,high,morning
23,2026-03-15 16:19:00,lab,canteen,sports,high,morning
171,2026-03-15 16:19:00,lab,canteen,cultural,low,morning
134,2026-03-15 16:19:00,lab,stage,sports,high,morning
197,2026-03-15 16:19:00,lab,lab,technical,low,afternoon
171,2026-03-15 16:19:00,lab,lab,sports,low,evening
25,2026-03-15 16:19:00,canteen,stage,cultural,medium,morning
18,2026-03-15 16:19:00,lab,stage,sports,medium,morning
190,2026-03-15 16:19:00,lab,lab,cultural,low,afternoon
141,2026-03-15 16:19:00,lab,canteen,sports,medium,afternoon
43,2026-03-15 16:19:00,canteen,lab,sports,medium,evening
78,2026-03-15 16:19:00,lab,lab,technical,low,evening
28,2026-03-15 16:19:00,canteen,canteen,sports,high,afternoon
146,2026-03-15 16:19:00,stage,lab,technical,high,afternoon
59,2026-03-15 16:19:00,lab,canteen,technical,high,afternoon
188,2026-03-15 16:19:00,canteen,lab,sports,medium,evening
63,2026-03-15 16:20:00,stage,lab,sports,medium,afternoon
185,2026-03-15 16:20:00,canteen,lab,sports,high,morning
92,2026-03-15 16:20:00,canteen,stage,technical,low,evening
179,2026-03-15 16:20:00,stage,canteen,cultural,low,evening
56,2026-03-15 16:20:00,lab,stage,cultural,low,morning
155,2026-03-15 16:20:00,lab,canteen,technical,medium,morning
160,2026-03-15 16:20:00,canteen,lab,technical,high,evening
111,2026-03-15 16:20:00,stage,canteen,sports,low,evening
137,2026-03-15 16:20:00,lab,lab,sports,high,afternoon
68,2026-03-15 16:20:00,canteen,canteen,cultural,high,afternoon
46,2026-03-15 16:20:00,stage,canteen,cultural,medium,morning
67,2026-03-15 16:20:00,canteen,lab,cultural,low,morning
154,2026-03-15 16:20:00,stage,canteen,sports,medium,morning
136,2026-03-15 16:20:00,lab,lab,sports,high,morning
6,2026-03-15 16:20:00,lab,canteen,technical,high,afternoon
24,2026-03-15 16:20:00,canteen,lab,sports,high,evening
176,2026-03-15 16:20:00,lab,lab,cultural,low,afternoon
94,2026-03-15 16:20:00,lab,lab,technical,low,morning
173,2026-03-15 16:20:00,stage,stage,sports,low,afternoon
13,2026-03-15 16:20:00,lab,canteen,cultural,high,morning
197,2026-03-15 16:21:00,stage,lab,sports,high,afternoon
25,2026-03-15 16:21:00,stage,lab,technical,low,evening
148,2026-03-15 16:21:00,canteen,stage,sports,high,morning
118,2026-03-15 16:21:00,stage,canteen,cultural,high,afternoon
82,2026-03-15 16:21:00,lab,canteen,technical,high,morning
111,2026-03-15 16:21:00,stage,canteen,cultural,low,evening
82,2026-03-15 16:21:00,stage,canteen,technical,medium,morning
66,2026-03-15 16:21:00,canteen,stage,sports,medium,evening
45,2026-03-15 16:21:00,lab,canteen,sports,medium,afternoon
114,2026-03-15 16:21:00,lab,lab,cultural,low,evening
175,2026-03-15 16:21:00,lab,canteen,sports,high,morning
63,2026-03-15 16:21:00,stage,canteen,technical,medium,afternoon
76,2026-03-15 16:21:00,lab,lab,sports,medium,morning
114,2026-03-15 16:21:00,lab,stage,sports,low,morning
111,2026-03-15 16:21:00,stage,canteen,sports,high,afternoon
183,2026-03-15 16:22:00,canteen,stage,sports,high,evening
147,2026-03-15 16:22:00,canteen,canteen,sports,low,evening
35,2026-03-15 16:22:00,stage,stage,sports,medium,afternoon
53,2026-03-15 16:22:00,canteen,stage,sports,high,afternoon
26,2026-03-15 16:22:00,canteen,canteen,sports,high,morning
14,2026-03-15 16:22:00,canteen,canteen,cultural,medium,morning
118,2026-03-15 16:22:00,lab,lab,cultural,low,afternoon
45,2026-03-15 16:22:00,canteen,lab,sports,medium,afternoon
172,2026-03-15 16:22:00,lab,lab,cultural,high,morning
193,2026-03-15 16:22:00,canteen,lab,sports,low,morning
51,2026-03-15 16:22:00,lab,canteen,sports,medium,evening
171,2026-03-15 16:22:00,stage,canteen,sports,medium,afternoon
119,2026-03-15 16:23:00,stage,canteen,cultural,low,morning
151,2026-03-15 16:23:00,canteen,canteen,technical,high,evening
184,2026-03-15 16:23:00,lab,lab,sports,low,morning
19,2026-03-15 16:23:00,stage,canteen,sports,low,afternoon
82,2026-03-15 16:23:00,stage,canteen,technical,high,evening
76,2026-03-15 16:23:00,stage,stage,cultural,medium,morning
183,2026-03-15 16:23:00,stage,stage,technical,low,afternoon
92,2026-03-15 16:23:00,canteen,stage,sports,low,afternoon
188,2026-03-15 16:23:00,lab,stage,technical,medium,afternoon
187,2026-03-15 16:23:00,stage,lab,sports,high,afternoon
33,2026-03-15 16:23:00,canteen,stage,cultural,medium,evening
147,2026-03-15 16:23:00,stage,canteen,cultural,medium,morning
28,2026-03-15 16:23:00,stage,canteen,cultural,low,morning
123,2026-03-15 16:24:00,stage,stage,sports,low,afternoon
180,2026-03-15 16:24:00,stage,lab,cultural,high,morning
126,2026-03-15 16:24:00,canteen,lab,technical,low,afternoon
177,2026-03-15 16:24:00,lab,canteen,cultural,medium,morning
37,2026-03-15 16:24:00,canteen,lab,sports,medium,morning
154,2026-03-15 16:24:00,canteen,stage,technical,high,morning
99,2026-03-15 16:24:00,canteen,stage,technical,low,evening
98,2026-03-15 16:24:00,stage,lab,technical,low,afternoon
127,2026-03-15 16:24:00,lab,lab,technical,high,evening
168,2026-03-15 16:25:00,stage,canteen,sports,high,morning
80,2026-03-15 16:25:00,canteen,stage,cultural,low,evening
38,2026-03-15 16:25:00,stage,lab,technical,high,evening
77,2026-03-15 16:25:00,lab,canteen,cultural,medium,evening
126,2026-03-15 16:25:00,lab,stage,cultural,high,morning
87,2026-03-15 16:25:00,stage,canteen,cultural,medium,evening
54,2026-03-15 16:25:00,canteen,lab,cultural,medium,morning
150,2026-03-15 16:25:00,stage,stage,sports,medium,afternoon
16,2026-03-15 16:25:00,canteen,lab,technical,low,morning
28,2026-03-15 16:25:00,lab,lab,technical,medium,morning
163,2026-03-15 16:25:00,stage,canteen,cultural,high,morning
188,2026-03-15 16:26:00,lab,lab,technical,medium,afternoon
173,2026-03-15 16:26:00,canteen,lab,cultural,low,afternoon
46,2026-03-15 16:26:00,canteen,stage,sports,low,morning
72,2026-03-15 16:26:00,stage,stage,technical,low,morning
183,2026-03-15 16:26:00,stage,lab,cultural,low,afternoon
85,2026-03-15 16:26:00,stage,canteen,technical,high,afternoon
26,2026-03-15 16:26:00,lab,canteen,cultural,low,morning
85,2026-03-15 16:26:00,canteen,lab,technical,high,afternoon
153,2026-03-15 16:26:00,canteen,lab,sports,low,morning
65,2026-03-15 16:26:00,lab,lab,technical,low,morning
134,2026-03-15 16:26:00,stage,lab,sports,high,morning
151,2026-03-15 16:26:00,stage,canteen,sports,medium,afternoon
115,2026-03-15 16:26:00,lab,canteen,cultural,high,afternoon
64,2026-03-15 16:26:00,canteen,lab,cultural,medium,afternoon
87,2026-03-15 16:26:00,canteen,canteen,technical,high,morning
171,2026-03-15 16:26:00,canteen,lab,sports,medium,morning
107,2026-03-15 16:26:00,canteen,canteen,cultural,low,evening
151,2026-03-15 16:27:00,lab,stage,sports,medium,morning
96,2026-03-15 16:27:00,canteen,canteen,sports,medium,morning
158,2026-03-15 16:27:00,lab,lab,sports,low,evening
77,2026-03-15 16:27:00,stage,lab,technical,low,morning
146,2026-03-15 16:27:00,lab,canteen,sports,medium,morning
87,2026-03-15 16:27:00,canteen,stage,sports,medium,afternoon
149,2026-03-15 16:27:00,stage,canteen,technical,high,evening
57,2026-03-15 16:27:00,lab,lab,technical,low,afternoon
103,2026-03-15 16:27:00,lab,canteen,cultural,low,evening
151,2026-03-15 16:27:00,lab,lab,sports,low,morning
91,2026-03-15 16:27:00,stage,canteen,sports,high,evening
45,2026-03-15 16:27:00,lab,canteen,technical,high,afternoon
172,2026-03-15 16:27:00,canteen,lab,technical,medium,morning
88,2026-03-15 16:27:00,stage,stage,cultural,high,afternoon
115,2026-03-15 16:27:00,stage,canteen,technical,high,evening
47,2026-03-15 16:28:00,lab,canteen,technical,high,evening
168,2026-03-15 16:28:00,canteen,stage,technical,low,evening
179,2026-03-15 16:28:00,stage,canteen,technical,medium,afternoon
170,2026-03-15 16:28:00,lab,canteen,cultural,high,morning
135,2026-03-15 16:28:00,canteen,lab,sports,high,morning
50,2026-03-15 16:28:00,lab,lab,sports,high,afternoon
176,2026-03-15 16:28:00,lab,lab,sports,low,afternoon
84,2026-03-15 16:28:00,stage,canteen,sports,medium,afternoon
91,2026-03-15 16:28:00,stage,canteen,sports,medium,morning
134,2026-03-15 16:28:00,lab,lab,technical,high,evening
91,2026-03-15 16:28:00,stage,canteen,sports,medium,afternoon
137,2026-03-15 16:28:00,stage,canteen,technical,low,afternoon
109,2026-03-15 16:28:00,canteen,lab,sports,high,evening
57,2026-03-15 16:28:00,canteen,stage,sports,medium,morning
31,2026-03-15 16:28:00,lab,lab,technical,high,afternoon
21,2026-03-15 16:28:00,lab,stage,sports,low,afternoon
90,2026-03-15 16:28:00,lab,canteen,technical,high,afternoon
40,2026-03-15 16:28:00,lab,canteen,cultural,low,evening
112,2026-03-15 16:28:00,canteen,lab,cultural,high,evening
45,2026-03-15 16:28:00,stage,stage,cultural,high,evening
77,2026-03-15 16:28:00,canteen,lab,sports,medium,evening
177,2026-03-15 16:28:00,lab,lab,sports,medium,morning
87,2026-03-15 16:28:00,lab,lab,sports,low,evening
148,2026-03-15 16:28:00,canteen,canteen,sports,low,afternoon
101,2026-03-15 16:29:00,canteen,lab,technical,low,afternoon
117,2026-03-15 16:29:00,lab,lab,cultural,medium,afternoon
92,2026-03-15 16:29:00,stage,canteen,technical,high,afternoon
145,2026-03-15 16:29:00,lab,lab,cultural,low,morning
28,2026-03-15 16:29:00,canteen,lab,cultural,high,morning
169,2026-03-15 16:29:00,lab,lab,technical,high,morning
194,2026-03-15 16:30:00,lab,canteen,technical,medium,morning
25,2026-03-15 16:30:00,stage,canteen,technical,medium,morning
58,2026-03-15 16:30:00,lab,stage,cultural,high,morning
41,2026-03-15 16:30:00,lab,canteen,technical,low,evening
134,2026-03-15 16:30:00,lab,lab,sports,medium,morning
75,2026-03-15 16:30:00,canteen,lab,technical,high,morning
38,2026-03-15 16:30:00,canteen,lab,cultural,medium,afternoon
134,2026-03-15 16:30:00,stage,canteen,cultural,high,afternoon
173,2026-03-15 16:30:00,lab,lab,technical,medium,morning
75,2026-03-15 16:30:00,canteen,stage,technical,low,evening
142,2026-03-15 16:30:00,stage,canteen,cultural,low,evening
66,2026-03-15 16:30:00,lab,stage,cultural,medium,evening
168,2026-03-15 16:30:00,stage,canteen,technical,medium,evening
3,2026-03-15 16:30:00,stage,canteen,sports,medium,morning
117,2026-03-15 16:30:00,stage,canteen,sports,low,evening
99,2026-03-15 16:31:00,stage,stage,sports,medium,morning
152,2026-03-15 16:31:00,stage,lab,cultural,low,morning
19,2026-03-15 16:31:00,stage,canteen,sports,medium,morning
146,2026-03-15 16:31:00,stage,stage,sports,medium,morning
192,2026-03-15 16:31:00,lab,stage,technical,high,morning
116,2026-03-15 16:31:00,lab,canteen,technical,low,afternoon
125,2026-03-15 16:31:00,stage,canteen,sports,medium,morning
88,2026-03-15 16:31:00,lab,lab,cultural,low,morning
35,2026-03-15 16:31:00,stage,canteen,sports,high,morning
190,2026-03-15 16:31:00,lab,lab,technical,low,afternoon
1,2026-03-15 16:31:00,canteen,stage,technical,low,afternoon
153,2026-03-15 16:31:00,stage,canteen,technical,low,morning
173,2026-03-15 16:31:00,canteen,lab,sports,low,evening
177,2026-03-15 16:31:00,stage,canteen,cultural,low,morning
126,2026-03-15 16:32:00,stage,canteen,sports,low,evening
89,2026-03-15 16:32:00,canteen,lab,technical,low,evening
144,2026-03-15 16:32:00,canteen,stage,technical,medium,morning
147,2026-03-15 16:32:00,canteen,canteen,technical,medium,evening
151,2026-03-15 16:32:00,stage,lab,technical,low,afternoon
25,2026-03-15 16:32:00,canteen,stage,sports,low,morning
16,2026-03-15 16:32:00,canteen,stage,sports,medium,afternoon
182,2026-03-15 16:32:00,lab,canteen,cultural,high,afternoon
73,2026-03-15 16:32:00,lab,lab,technical,medium,morning
129,2026-03-15 16:32:00,canteen,canteen,sports,high,morning
42,2026-03-15 16:32:00,canteen,stage,sports,low,morning
147,2026-03-15 16:32:00,canteen,canteen,technical,low,afternoon
162,2026-03-15 16:32:00,canteen,lab,sports,medium,morning
80,2026-03-15 16:32:00,lab,canteen,technical,medium,afternoon
104,2026-03-15 16:33:00,stage,canteen,cultural,medium,evening
183,2026-03-15 16:33:00,canteen,lab,technical,low,morning
146,2026-03-15 16:33:00,canteen,lab,technical,medium,afternoon
34,2026-03-15 16:33:00,lab,lab,sports,medium,morning
89,2026-03-15 16:33:00,canteen,lab,cultural,high,afternoon
125,2026-03-15 16:33:00,canteen,canteen,cultural,low,afternoon
45,2026-03-15 16:33:00,lab,canteen,sports,low,evening
134,2026-03-15 16:33:00,canteen,canteen,cultural,low,morning
21,2026-03-15 16:33:00,canteen,lab,cultural,medium,afternoon
122,2026-03-15 16:33:00,lab,canteen,technical,low,morning
70,2026-03-15 16:33:00,stage,lab,sports,medium,afternoon
96,2026-03-15 16:33:00,canteen,lab,cultural,high,evening
105,2026-03-15 16:34:00,canteen,stage,cultural,low,afternoon
48,2026-03-15 16:34:00,stage,stage,cultural,high,afternoon
39,2026-03-15 16:34:00,lab,stage,technical,high,morning
31,2026-03-15 16:34:00,stage,canteen,technical,low,evening
10,2026-03-15 16:34:00,canteen,stage,sports,low,afternoon
30,2026-03-15 16:34:00,stage,lab,sports,medium,morning
18,2026-03-15 16:34:00,lab,stage,technical,high,afternoon
188,2026-03-15 16:34:00,canteen,canteen,sports,high,morning
88,2026-03-15 16:34:00,lab,stage,sports,medium,evening
125,2026-03-15 16:34:00,lab,lab,sports,low,evening
73,2026-03-15 16:34:00,stage,canteen,technical,high,morning
15,2026-03-15 16:34:00,stage,lab,technical,medium,evening
4,2026-03-15 16:34:00,lab,lab,cultural,high,morning
191,2026-03-15 16:35:00,lab,canteen,cultural,high,morning
168,2026-03-15 16:35:00,canteen,stage,cultural,medium,evening
9,2026-03-15 16:35:00,lab,stage,cultural,high,evening
109,2026-03-15 16:35:00,lab,canteen,sports,medium,morning
137,2026-03-15 16:35:00,stage,canteen,sports,medium,morning
154,2026-03-15 16:35:00,lab,stage,technical,high,evening
132,2026-03-15 16:35:00,lab,stage,sports,high,evening
16,2026-03-15 16:35:00,stage,canteen,sports,low,morning
143,2026-03-15 16:35:00,canteen,lab,sports,low,morning
99,2026-03-15 16:35:00,stage,canteen,cultural,high,morning
121,2026-03-15 16:35:00,stage,canteen,technical,low,evening
52,2026-03-15 16:35:00,lab,lab,cultural,low,afternoon
69,2026-03-15 16:35:00,lab,canteen,sports,medium,morning
5,2026-03-15 16:35:00,canteen,stage,sports,high,afternoon
20,2026-03-15 16:35:00,lab,lab,technical,low,evening
79,2026-03-15 16:35:00,canteen,lab,cultural,low,afternoon
146,2026-03-15 16:35:00,canteen,stage,sports,low,afternoon
111,2026-03-15 16:36:00,canteen,canteen,technical,high,morning
2,2026-03-15 16:36:00,canteen,canteen,sports,medium,afternoon
93,2026-03-15 16:36:00,lab,stage,sports,high,evening
13,2026-03-15 16:36:00,stage,lab,technical,medium,morning
4,2026-03-15 16:36:00,stage,canteen,technical,low,afternoon
170,2026-03-15 16:36:00,lab,lab,sports,high,afternoon
109,2026-03-15 16:36:00,lab,lab,technical,medium,afternoon
74,2026-03-15 16:36:00,canteen,lab,sports,low,afternoon
189,2026-03-15 16:36:00,lab,stage,cultural,low,morning
95,2026-03-15 16:36:00,stage,canteen,sports,high,morning
105,2026-03-15 16:36:00,lab,stage,technical,medium,morning
8,2026-03-15 16:36:00,lab,canteen,cultural,low,evening
67,2026-03-15 16:36:00,canteen,canteen,technical,low,evening
191,2026-03-15 16:36:00,canteen,lab,sports,low,morning
110,2026-03-15 16:36:00,canteen,canteen,technical,medium,morning
9,2026-03-15 16:36:00,canteen,lab,sports,medium,evening
117,2026-03-15 16:36:00,stage,canteen,technical,low,afternoon
11,2026-03-15 16:36:00,lab,lab,technical,medium,morning
99,2026-03-15 16:36:00,lab,lab,sports,low,morning
42,2026-03-15 16:36:00,canteen,stage,cultural,low,afternoon
141,2026-03-15 16:36:00,stage,lab,sports,medium,evening
164,2026-03-15 16:36:00,stage,canteen,cultural,medium,evening
120,2026-03-15 16:37:00,lab,lab,cultural,high,morning
141,2026-03-15 16:37:00,canteen,lab,cultural,high,afternoon
12,2026-03-15 16:37:00,lab,canteen,cultural,medium,evening
37,2026-03-15 16:37:00,lab,canteen,sports,medium,afternoon
74,2026-03-15 16:37:00,stage,stage,sports,medium,afternoon
73,2026-03-15 16:37:00,stage,canteen,cultural,medium,morning
52,2026-03-15 16:37:00,lab,lab,cultural,low,afternoon
199,2026-03-15 16:37:00,canteen,lab,cultural,low,afternoon
130,2026-03-15 16:37:00,canteen,canteen,cultural,high,afternoon
56,2026-03-15 16:37:00,lab,lab,cultural,medium,afternoon
60,2026-03-15 16:37:00,lab,lab,cultural,high,afternoon
23,2026-03-15 16:37:00,canteen,canteen,technical,medium,morning
103,2026-03-15 16:37:00,canteen,stage,cultural,medium,evening
40,2026-03-15 16:37:00,canteen,stage,technical,medium,evening
64,2026-03-15 16:37:00,lab,lab,sports,low,afternoon
85,2026-03-15 16:37:00,stage,lab,sports,high,morning
151,2026-03-15 16:37:00,canteen,canteen,cultural,medium,morning
157,2026-03-15 16:37:00,canteen,canteen,sports,high,afternoon
179,2026-03-15 16:37:00,canteen,lab,sports,high,afternoon
197,2026-03-15 16:37:00,lab,lab,cultural,low,evening
89,2026-03-15 16:37:00,stage,lab,sports,low,evening
31,2026-03-15 16:37:00,stage,canteen,sports,medium,evening
178,2026-03-15 16:38:00,canteen,stage,cultural,high,afternoon
20,2026-03-15 16:38:00,lab,canteen,cultural,low,evening
183,2026-03-15 16:38:00,stage,canteen,cultural,high,morning
130,2026-03-15 16:38:00,lab,lab,technical,high,morning
153,2026-03-15 16:38:00,stage,canteen,cultural,medium,afternoon
13,2026-03-15 16:38:00,canteen,lab,sports,high,afternoon
122,2026-03-15 16:38:00,lab,canteen,cultural,low,evening
103,2026-03-15 16:38:00,canteen,lab,technical,medium,morning
106,2026-03-15 16:38:00,stage,canteen,sports,medium,evening
119,2026-03-15 16:38:00,stage,canteen,technical,medium,morning
70,2026-03-15 16:38:00,canteen,lab,sports,low,evening
195,2026-03-15 16:38:00,stage,stage,cultural,medium,afternoon
186,2026-03-15 16:38:00,canteen,lab,technical,high,morning
99,2026-03-15 16:38:00,canteen,lab,cultural,medium,morning
82,2026-03-15 16:38:00,canteen,canteen,sports,low,morning
75,2026-03-15 16:38:00,stage,lab,cultural,low,evening
118,2026-03-15 16:39:00,lab,lab,cultural,medium,evening
84,2026-03-15 16:39:00,canteen,canteen,sports,high,evening
192,2026-03-15 16:39:00,lab,lab,technical,low,morning
69,2026-03-15 16:39:00,stage,stage,sports,low,afternoon
59,2026-03-15 16:39:00,stage,stage,sports,low,evening
188,2026-03-15 16:39:00,lab,lab,cultural,medium,morning
126,2026-03-15 16:39:00,canteen,canteen,sports,low,evening
111,2026-03-15 16:39:00,stage,canteen,technical,low,morning
62,2026-03-15 16:39:00,canteen,canteen,sports,low,morning
144,2026-03-15 16:39:00,canteen,canteen,sports,medium,evening
128,2026-03-15 16:39:00,lab,lab,cultural,low,morning
105,2026-03-15 16:39:00,stage,canteen,technical,low,evening
68,2026-03-15 16:39:00,lab,lab,cultural,medium,morning
15,2026-03-15 16:39:00,stage,lab,cultural,medium,afternoon
183,2026-03-15 16:39:00,lab,canteen,technical,high,afternoon
35,2026-03-15 16:40:00,stage,canteen,technical,low,afternoon
183,2026-03-15 16:40:00,stage,canteen,sports,medium,afternoon
14,2026-03-15 16:40:00,stage,lab,technical,high,evening
177,2026-03-15 16:40:00,canteen,stage,cultural,low,morning
102,2026-03-15 16:40:00,canteen,stage,technical,medium,morning
100,2026-03-15 16:40:00,lab,lab,technical,medium,afternoon
7,2026-03-15 16:40:00,lab,lab,technical,low,afternoon
30,2026-03-15 16:40:00,stage,canteen,cultural,low,morning
49,2026-03-15 16:40:00,stage,canteen,sports,high,morning
144,2026-03-15 16:40:00,canteen,lab,sports,low,morning
111,2026-03-15 16:40:00,canteen,lab,cultural,low,afternoon
179,2026-03-15 16:40:00,canteen,canteen,sports,low,morning
72,2026-03-15 16:40:00,lab,canteen,sports,medium,afternoon
80,2026-03-15 16:40:00,canteen,lab,cultural,high,afternoon
83,2026-03-15 16:40:00,lab,lab,cultural,high,afternoon
42,2026-03-15 16:40:00,canteen,lab,sports,high,morning
17,2026-03-15 16:40:00,canteen,canteen,technical,medium,afternoon
191,2026-03-15 16:40:00,stage,lab,sports,low,evening
173,2026-03-15 16:41:00,lab,canteen,technical,medium,morning
7,2026-03-15 16:41:00,canteen,stage,cultural,high,morning
155,2026-03-15 16:41:00,stage,canteen,technical,low,morning
10,2026-03-15 16:41:00,lab,canteen,technical,low,morning
34,2026-03-15 16:41:00,lab,lab,technical,high,afternoon
36,2026-03-15 16:41:00,canteen,stage,cultural,low,evening
153,2026-03-15 16:41:00,lab,lab,sports,medium,afternoon
6,2026-03-15 16:41:00,stage,canteen,sports,high,evening
152,2026-03-15 16:41:00,stage,canteen,technical,medium,morning
146,2026-03-15 16:41:00,lab,stage,sports,low,afternoon
134,2026-03-15 16:41:00,stage,canteen,cultural,high,afternoon
29,2026-03-15 16:41:00,lab,lab,cultural,low,afternoon
126,2026-03-15 16:41:00,stage,canteen,cultural,high,evening
153,2026-03-15 16:41:00,lab,canteen,cultural,high,evening
183,2026-03-15 16:41:00,lab,canteen,sports,high,morning
81,2026-03-15 16:42:00,lab,lab,technical,high,afternoon
174,2026-03-15 16:42:00,stage,canteen,technical,high,morning
152,2026-03-15 16:42:00,lab,canteen,technical,low,evening
75,2026-03-15 16:42:00,lab,canteen,cultural,high,morning
26,2026-03-15 16:42:00,canteen,lab,sports,medium,afternoon
127,2026-03-15 16:42:00,canteen,canteen,sports,high,afternoon
115,2026-03-15 16:42:00,lab,stage,sports,medium,evening
126,2026-03-15 16:42:00,canteen,lab,sports,low,evening
28,2026-03-15 16:42:00,lab,lab,sports,high,morning
131,2026-03-15 16:42:00,canteen,stage,sports,high,afternoon
75,2026-03-15 16:42:00,stage,lab,technical,medium,morning
166,2026-03-15 16:42:00,stage,canteen,cultural,high,evening
189,2026-03-15 16:42:00,lab,canteen,technical,low,evening
78,2026-03-15 16:42:00,lab,canteen,sports,low,morning
179,2026-03-15 16:42:00,stage,lab,cultural,high,afternoon
90,2026-03-15 16:43:00,stage,canteen,cultural,medium,evening
176,2026-03-15 16:43:00,canteen,canteen,cultural,low,morning
21,2026-03-15 16:43:00,lab,stage,cultural,high,afternoon
54,2026-03-15 16:43:00,stage,lab,sports,medium,morning
184,2026-03-15 16:43:00,stage,canteen,sports,medium,evening
103,2026-03-15 16:43:00,lab,lab,cultural,low,afternoon
59,2026-03-15 16:43:00,canteen,stage,sports,high,evening
72,2026-03-15 16:43:00,canteen,lab,cultural,low,evening
179,2026-03-15 16:43:00,canteen,lab,sports,medium,evening
20,2026-03-15 16:43:00,canteen,canteen,cultural,low,evening
112,2026-03-15 16:43:00,stage,lab,sports,high,evening
59,2026-03-15 16:43:00,lab,canteen,technical,low,morning
71,2026-03-15 16:43:00,lab,lab,technical,medium,evening
137,2026-03-15 16:43:00,stage,stage,sports,low,evening
109,2026-03-15 16:43:00,stage,canteen,sports,medium,evening
129,2026-03-15 16:43:00,stage,lab,technical,medium,afternoon
157,2026-03-15 16:43:00,lab,lab,sports,medium,evening
191,2026-03-15 16:43:00,lab,canteen,cultural,low,afternoon
200,2026-03-15 16:43:00,lab,canteen,sports,high,morning
56,2026-03-15 16:43:00,canteen,stage,sports,medium,evening
196,2026-03-15 16:43:00,stage,lab,technical,low,morning
35,2026-03-15 16:43:00,stage,canteen,technical,medium,morning
123,2026-03-15 16:43:00,stage,canteen,sports,low,evening
131,2026-03-15 16:44:00,lab,stage,cultural,medium,morning
104,2026-03-15 16:44:00,stage,lab,sports,low,evening
7,2026-03-15 16:44:00,stage,canteen,cultural,medium,morning
27,2026-03-15 16:44:00,canteen,canteen,cultural,medium,afternoon
1,2026-03-15 16:44:00,lab,canteen,sports,medium,afternoon
199,2026-03-15 16:44:00,stage,canteen,cultural,high,afternoon
172,2026-03-15 16:44:00,lab,lab,technical,low,evening
87,2026-03-15 16:44:00,lab,lab,cultural,high,morning
41,2026-03-15 16:44:00,lab,lab,cultural,low,afternoon
123,2026-03-15 16:44:00,canteen,canteen,cultural,medium,evening
75,2026-03-15 16:44:00,lab,lab,technical,low,afternoon
42,2026-03-15 16:44:00,lab,canteen,technical,low,afternoon
117,2026-03-15 16:44:00,lab,canteen,sports,medium,evening
161,2026-03-15 16:44:00,stage,lab,cultural,medium,afternoon
178,2026-03-15 16:44:00,canteen,canteen,technical,medium,evening
63,2026-03-15 16:44:00,stage,canteen,cultural,low,afternoon
165,2026-03-15 16:44:00,canteen,lab,cultural,medium,evening
187,2026-03-15 16:44:00,canteen,stage,sports,medium,afternoon
127,2026-03-15 16:44:00,lab,lab,cultural,low,morning
176,2026-03-15 16:45:00,lab,lab,technical,high,morning
133,2026-03-15 16:45:00,stage,canteen,sports,low,evening
48,2026-03-15 16:45:00,canteen,stage,sports,low,evening
3,2026-03-15 16:45:00,lab,canteen,cultural,low,morning
116,2026-03-15 16:45:00,lab,stage,cultural,medium,evening
175,2026-03-15 16:45:00,lab,canteen,technical,low,afternoon
190,2026-03-15 16:45:00,lab,lab,cultural,high,afternoon
99,2026-03-15 16:45:00,stage,canteen,technical,low,afternoon
116,2026-03-15 16:45:00,stage,canteen,cultural,low,afternoon
14,2026-03-15 16:45:00,lab,lab,technical,medium,afternoon
191,2026-03-15 16:45:00,lab,lab,cultural,medium,afternoon
112,2026-03-15 16:45:00,lab,lab,sports,high,afternoon
61,2026-03-15 16:45:00,lab,canteen,technical,low,evening
159,2026-03-15 16:45:00,lab,lab,sports,low,morning
95,2026-03-15 16:46:00,canteen,lab,sports,low,afternoon
17,2026-03-15 16:46:00,canteen,canteen,sports,low,afternoon
124,2026-03-15 16:46:00,canteen,canteen,sports,low,evening
24,2026-03-15 16:46:00,canteen,canteen,technical,low,evening
116,2026-03-15 16:46:00,lab,lab,cultural,medium,morning
151,2026-03-15 16:46:00,canteen,stage,sports,high,morning
82,2026-03-15 16:46:00,canteen,lab,cultural,low,evening
50,2026-03-15 16:46:00,stage,canteen,technical,low,afternoon
79,2026-03-15 16:46:00,canteen,lab,cultural,medium,afternoon
79,2026-03-15 16:46:00,canteen,stage,technical,low,afternoon
70,2026-03-15 16:46:00,lab,canteen,cultural,medium,afternoon
27,2026-03-15 16:47:00,canteen,stage,technical,high,afternoon
15,2026-03-15 16:47:00,canteen,canteen,technical,low,evening
50,2026-03-15 16:47:00,lab,lab,cultural,high,morning
36,2026-03-15 16:47:00,canteen,stage,sports,low,morning
8,2026-03-15 16:47:00,lab,canteen,sports,high,evening
79,2026-03-15 16:47:00,canteen,stage,cultural,high,afternoon
131,2026-03-15 16:47:00,stage,canteen,sports,low,evening
190,2026-03-15 16:47:00,stage,lab,sports,high,morning
47,2026-03-15 16:47:00,canteen,lab,technical,medium,morning
105,2026-03-15 16:47:00,stage,canteen,cultural,medium,morning
98,2026-03-15 16:47:00,lab,canteen,sports,high,morning
96,2026-03-15 16:47:00,canteen,lab,sports,high,evening
189,2026-03-15 16:47:00,lab,lab,sports,medium,afternoon
160,2026-03-15 16:47:00,stage,canteen,cultural,low,afternoon
116,2026-03-15 16:48:00,lab,canteen,sports,medium,evening
13,2026-03-15 16:48:00,stage,lab,sports,high,afternoon
1,2026-03-15 16:48:00,stage,canteen,sports,medium,afternoon
34,2026-03-15 16:48:00,stage,canteen,technical,low,afternoon
190,2026-03-15 16:48:00,lab,canteen,cultural,medium,afternoon
79,2026-03-15 16:48:00,stage,canteen,sports,low,morning
78,2026-03-15 16:48:00,canteen,lab,technical,high,afternoon
121,2026-03-15 16:48:00,stage,canteen,cultural,medium,evening
93,2026-03-15 16:48:00,canteen,canteen,technical,medium,morning
98,2026-03-15 16:48:00,canteen,lab,technical,low,morning
82,2026-03-15 16:48:00,canteen,stage,cultural,medium,evening
199,2026-03-15 16:48:00,canteen,lab,sports,medium,afternoon
159,2026-03-15 16:48:00,lab,lab,sports,low,morning
192,2026-03-15 16:48:00,canteen,lab,technical,medium,evening
153,2026-03-15 16:49:00,stage,canteen,cultural,low,evening
38,2026-03-15 16:49:00,canteen,canteen,cultural,high,afternoon
14,2026-03-15 16:49:00,stage,lab,sports,medium,afternoon
136,2026-03-15 16:49:00,lab,lab,technical,low,evening
91,2026-03-15 16:49:00,canteen,canteen,sports,low,afternoon
54,2026-03-15 16:49:00,stage,lab,cultural,medium,evening
130,2026-03-15 16:49:00,lab,canteen,cultural,low,afternoon
101,2026-03-15 16:49:00,lab,canteen,sports,high,afternoon
89,2026-03-15 16:49:00,stage,stage,sports,high,evening
56,2026-03-15 16:49:00,canteen,stage,cultural,medium,evening
94,2026-03-15 16:49:00,lab,stage,technical,high,afternoon
93,2026-03-15 16:49:00,stage,lab,cultural,medium,evening
84,2026-03-15 16:49:00,canteen,canteen,technical,medium,morning
85,2026-03-15 16:49:00,lab,canteen,sports,low,afternoon
189,2026-03-15 16:49:00,stage,lab,sports,low,morning
22,2026-03-15 16:49:00,lab,lab,technical,low,morning
35,2026-03-15 16:49:00,lab,lab,cultural,low,morning
16,2026-03-15 16:49:00,stage,canteen,cultural,medium,evening
50,2026-03-15 16:49:00,lab,lab,technical,low,afternoon
122,2026-03-15 16:50:00,stage,canteen,technical,low,afternoon
128,2026-03-15 16:50:00,canteen,stage,technical,high,morning
113,2026-03-15 16:50:00,stage,canteen,technical,medium,evening
171,2026-03-15 16:50:00,canteen,canteen,cultural,high,afternoon
17,2026-03-15 16:50:00,lab,canteen,sports,high,afternoon
80,2026-03-15 16:50:00,stage,canteen,cultural,high,afternoon
186,2026-03-15 16:50:00,stage,canteen,technical,low,morning
130,2026-03-15 16:50:00,stage,canteen,cultural,medium,morning
132,2026-03-15 16:50:00,stage,stage,technical,high,morning
85,2026-03-15 16:50:00,canteen,stage,technical,high,morning
167,2026-03-15 16:50:00,canteen,canteen,technical,medium,morning
94,2026-03-15 16:50:00,lab,lab,technical,low,afternoon
134,2026-03-15 16:50:00,lab,lab,cultural,high,morning
81,2026-03-15 16:50:00,lab,lab,technical,medium,evening
69,2026-03-15 16:50:00,lab,lab,cultural,low,morning
69,2026-03-15 16:50:00,stage,canteen,cultural,low,morning
148,2026-03-15 16:51:00,canteen,lab,sports,low,morning
192,2026-03-15 16:51:00,canteen,lab,cultural,low,afternoon
16,2026-03-15 16:51:00,canteen,stage,sports,low,afternoon
51,2026-03-15 16:51:00,canteen,canteen,sports,medium,evening
105,2026-03-15 16:51:00,lab,canteen,sports,low,afternoon
165,2026-03-15 16:51:00,stage,canteen,cultural,high,morning
197,2026-03-15 16:51:00,canteen,canteen,sports,medium,evening
170,2026-03-15 16:51:00,stage,stage,technical,high,evening
185,2026-03-15 16:51:00,stage,canteen,cultural,high,evening
66,2026-03-15 16:51:00,stage,stage,technical,low,morning
9,2026-03-15 16:51:00,stage,lab,cultural,low,afternoon
107,2026-03-15 16:51:00,canteen,stage,sports,medium,afternoon
100,2026-03-15 16:51:00,canteen,canteen,sports,medium,morning
86,2026-03-15 16:51:00,canteen,lab,cultural,high,afternoon
64,2026-03-15 16:51:00,lab,canteen,sports,low,morning
22,2026-03-15 16:52:00,canteen,stage,technical,low,morning
162,2026-03-15 16:52:00,lab,canteen,technical,high,evening
183,2026-03-15 16:52:00,lab,stage,sports,low,afternoon
157,2026-03-15 16:52:00,lab,canteen,cultural,medium,evening
166,2026-03-15 16:52:00,canteen,stage,cultural,high,afternoon
110,2026-03-15 16:52:00,canteen,canteen,technical,low,morning
97,2026-03-15 16:52:00,canteen,lab,sports,high,evening
18,2026-03-15 16:52:00,lab,lab,sports,low,morning
71,2026-03-15 16:52:00,lab,lab,technical,low,morning
193,2026-03-15 16:52:00,stage,canteen,cultural,low,evening
127,2026-03-15 16:52:00,lab,canteen,sports,medium,evening
97,2026-03-15 16:53:00,lab,lab,cultural,high,afternoon
1,2026-03-15 16:53:00,canteen,stage,cultural,medium,afternoon
132,2026-03-15 16:53:00,stage,lab,technical,medium,evening
4,2026-03-15 16:53:00,stage,canteen,cultural,high,afternoon
125,2026-03-15 16:53:00,stage,lab,technical,high,morning
82,2026-03-15 16:53:00,canteen,canteen,sports,low,morning
27,2026-03-15 16:53:00,stage,canteen,cultural,low,morning
171,2026-03-15 16:53:00,stage,lab,technical,high,morning
59,2026-03-15 16:53:00,canteen,lab,technical,low,morning
32,2026-03-15 16:53:00,stage,canteen,cultural,low,morning
161,2026-03-15 16:53:00,lab,lab,technical,high,afternoon
28,2026-03-15 16:53:00,lab,stage,sports,medium,evening
106,2026-03-15 16:53:00,lab,stage,cultural,high,evening
105,2026-03-15 16:53:00,lab,lab,sports,high,afternoon
183,2026-03-15 16:53:00,lab,lab,technical,medium,afternoon
188,2026-03-15 16:53:00,lab,lab,sports,low,afternoon
70,2026-03-15 16:53:00,lab,canteen,technical,medium,evening
62,2026-03-15 16:54:00,lab,stage,technical,medium,afternoon
34,2026-03-15 16:54:00,lab,lab,sports,high,afternoon
87,2026-03-15 16:54:00,canteen,canteen,cultural,low,evening
114,2026-03-15 16:54:00,canteen,canteen,cultural,low,afternoon
106,2026-03-15 16:54:00,lab,canteen,cultural,medium,morning
56,2026-03-15 16:54:00,canteen,stage,sports,high,evening
113,2026-03-15 16:54:00,canteen,canteen,sports,medium,evening
13,2026-03-15 16:54:00,lab,canteen,sports,low,evening
184,2026-03-15 16:54:00,lab,lab,sports,low,afternoon
18,2026-03-15 16:54:00,canteen,lab,cultural,high,evening
182,2026-03-15 16:55:00,lab,stage,cultural,high,morning
113,2026-03-15 16:55:00,lab,canteen,technical,medium,morning
171,2026-03-15 16:55:00,lab,canteen,sports,high,evening
39,2026-03-15 16:55:00,lab,stage,cultural,medium,morning
189,2026-03-15 16:55:00,canteen,lab,cultural,high,afternoon
170,2026-03-15 16:55:00,stage,lab,cultural,medium,evening
79,2026-03-15 16:55:00,canteen,lab,cultural,low,morning
146,2026-03-15 16:55:00,stage,canteen,cultural,low,afternoon
151,2026-03-15 16:55:00,stage,canteen,cultural,low,evening
182,2026-03-15 16:55:00,stage,canteen,sports,low,evening
30,2026-03-15 16:56:00,canteen,lab,technical,low,evening
98,2026-03-15 16:56:00,canteen,lab,technical,low,morning
58,2026-03-15 16:56:00,canteen,canteen,sports,high,evening
196,2026-03-15 16:56:00,canteen,canteen,cultural,high,morning
67,2026-03-15 16:56:00,canteen,lab,sports,high,afternoon
71,2026-03-15 16:56:00,stage,stage,cultural,medium,afternoon
146,2026-03-15 16:56:00,canteen,lab,cultural,high,afternoon
106,2026-03-15 16:56:00,stage,lab,cultural,high,evening
7,2026-03-15 16:56:00,canteen,stage,cultural,medium,afternoon
40,2026-03-15 16:56:00,canteen,lab,cultural,medium,morning
70,2026-03-15 16:56:00,lab,lab,sports,low,morning
193,2026-03-15 16:56:00,stage,lab,sports,high,morning
68,2026-03-15 16:56:00,canteen,canteen,technical,high,morning
49,2026-03-15 16:56:00,canteen,stage,cultural,medium,morning
52,2026-03-15 16:57:00,canteen,lab,sports,low,morning
114,2026-03-15 16:57:00,lab,canteen,sports,high,afternoon
107,2026-03-15 16:57:00,stage,canteen,cultural,medium,evening
29,2026-03-15 16:57:00,canteen,canteen,cultural,medium,morning
149,2026-03-15 16:57:00,canteen,lab,sports,high,afternoon
78,2026-03-15 16:57:00,canteen,stage,cultural,medium,afternoon
9,2026-03-15 16:57:00,lab,canteen,sports,medium,morning
175,2026-03-15 16:57:00,canteen,stage,technical,high,afternoon
76,2026-03-15 16:57:00,stage,canteen,cultural,low,morning
42,2026-03-15 16:57:00,stage,canteen,technical,high,evening
179,2026-03-15 16:57:00,stage,stage,technical,low,morning
184,2026-03-15 16:57:00,stage,lab,technical,medium,evening
179,2026-03-15 16:57:00,canteen,stage,cultural,high,afternoon
198,2026-03-15 16:57:00,lab,lab,technical,high,afternoon
128,2026-03-15 16:57:00,lab,lab,sports,low,morning
20,2026-03-15 16:58:00,lab,lab,sports,medium,afternoon
155,2026-03-15 16:58:00,canteen,stage,cultural,high,afternoon
166,2026-03-15 16:58:00,lab,lab,cultural,high,evening
72,2026-03-15 16:58:00,stage,lab,technical,medium,morning
65,2026-03-15 16:58:00,canteen,lab,cultural,low,morning
182,2026-03-15 16:58:00,lab,canteen,sports,high,evening
113,2026-03-15 16:58:00,stage,stage,sports,medium,evening
24,2026-03-15 16:58:00,stage,canteen,sports,high,evening
128,2026-03-15 16:58:00,canteen,canteen,cultural,high,morning
175,2026-03-15 16:58:00,canteen,lab,sports,high,evening
199,2026-03-15 16:58:00,lab,canteen,cultural,low,morning
83,2026-03-15 16:58:00,lab,lab,technical,medium,evening
63,2026-03-15 16:58:00,lab,stage,sports,high,afternoon
185,2026-03-15 16:59:00,canteen,stage,technical,high,morning
183,2026-03-15 16:59:00,lab,stage,sports,high,morning
60,2026-03-15 16:59:00,lab,stage,sports,low,morning
99,2026-03-15 16:59:00,stage,canteen,sports,high,afternoon
62,2026-03-15 16:59:00,stage,lab,technical,medium,afternoon
30,2026-03-15 16:59:00,stage,canteen,sports,low,morning
22,2026-03-15 16:59:00,lab,lab,technical,medium,evening
126,2026-03-15 16:59:00,canteen,lab,cultural,high,morning
157,2026-03-15 16:59:00,stage,canteen,sports,high,morning
169,2026-03-15 16:59:00,canteen,canteen,sports,low,afternoon
42,2026-03-15 16:59:00,lab,canteen,technical,high,afternoon
98,2026-03-15 16:59:00,lab,lab,sports,medium,evening
193,2026-03-15 16:59:00,stage,canteen,cultural,medium,evening
31,2026-03-15 16:59:00,canteen,stage,sports,medium,morning
158,2026-03-15 16:59:00,stage,canteen,cultural,high,morning
112,2026-03-15 16:59:00,lab,lab,cultural,high,evening
146,2026-03-15 16:59:00,canteen,lab,sports,low,morning
122,2026-03-15 17:00:00,stage,lab,sports,low,morning
17,2026-03-15 17:00:00,lab,lab,cultural,medium,evening
38,2026-03-15 17:00:00,stage,canteen,cultural,medium,evening
142,2026-03-15 17:00:00,canteen,lab,cultural,low,evening
110,2026-03-15 17:00:00,canteen,lab,sports,low,afternoon
184,2026-03-15 17:00:00,canteen,stage,technical,medium,evening
22,2026-03-15 17:00:00,canteen,canteen,sports,low,afternoon
195,2026-03-15 17:00:00,canteen,stage,technical,high,evening
56,2026-03-15 17:00:00,stage,canteen,technical,high,evening
119,2026-03-15 17:00:00,stage,lab,sports,low,afternoon
147,2026-03-15 17:00:00,stage,canteen,technical,low,afternoon
57,2026-03-15 17:00:00,stage,canteen,cultural,high,morning
172,2026-03-15 17:00:00,lab,lab,sports,high,morning
35,2026-03-15 17:00:00,lab,canteen,technical,medium,morning
114,2026-03-15 17:00:00,stage,canteen,cultural,low,afternoon
125,2026-03-15 17:00:00,lab,lab,technical,high,evening
129,2026-03-15 17:00:00,lab,canteen,technical,low,afternoon
52,2026-03-15 17:00:00,canteen,lab,cultural,high,evening
85,2026-03-15 17:00:00,stage,stage,cultural,high,evening
198,2026-03-15 17:00:00,lab,stage,sports,low,evening
165,2026-03-15 17:00:00,lab,canteen,technical,medium,morning
65,2026-03-15 17:00:00,stage,canteen,sports,high,afternoon
179,2026-03-15 17:00:00,canteen,lab,sports,low,afternoon
129,2026-03-15 17:00:00,stage,lab,technical,high,morning
21,2026-03-15 17:00:00,canteen,lab,technical,low,evening
181,2026-03-15 17:00:00,lab,canteen,sports,low,morning
16,2026-03-15 17:01:00,canteen,lab,cultural,high,evening
123,2026-03-15 17:01:00,canteen,lab,sports,medium,morning
61,2026-03-15 17:01:00,stage,canteen,technical,high,afternoon
54,2026-03-15 17:01:00,lab,lab,cultural,high,morning
168,2026-03-15 17:01:00,stage,stage,sports,medium,afternoon
26,2026-03-15 17:01:00,stage,stage,technical,medium,evening
80,2026-03-15 17:01:00,lab,lab,cultural,low,morning
65,2026-03-15 17:01:00,stage,canteen,cultural,low,morning
100,2026-03-15 17:01:00,stage,canteen,cultural,medium,morning
74,2026-03-15 17:01:00,canteen,canteen,technical,medium,morning
192,2026-03-15 17:01:00,stage,lab,sports,high,afternoon
171,2026-03-15 17:01:00,lab,lab,technical,medium,afternoon
17,2026-03-15 17:01:00,stage,canteen,technical,high,morning
121,2026-03-15 17:01:00,canteen,stage,cultural,high,afternoon
187,2026-03-15 17:01:00,stage,canteen,sports,high,morning
23,2026-03-15 17:02:00,stage,lab,cultural,medium,afternoon
135,2026-03-15 17:02:00,stage,canteen,technical,medium,afternoon
172,2026-03-15 17:02:00,canteen,canteen,cultural,high,afternoon
181,2026-03-15 17:02:00,lab,canteen,technical,medium,morning
71,2026-03-15 17:02:00,lab,lab,technical,low,morning
108,2026-03-15 17:02:00,canteen,lab,technical,low,afternoon
79,2026-03-15 17:02:00,canteen,lab,cultural,high,evening
162,2026-03-15 17:02:00,stage,canteen,sports,medium,afternoon
46,2026-03-15 17:02:00,lab,stage,cultural,low,morning
196,2026-03-15 17:02:00,canteen,lab,technical,high,evening
78,2026-03-15 17:02:00,lab,lab,cultural,low,morning
16,2026-03-15 17:02:00,stage,lab,technical,high,evening
71,2026-03-15 17:02:00,canteen,lab,sports,high,evening
96,2026-03-15 17:02:00,lab,lab,sports,high,morning
147,2026-03-15 17:02:00,lab,lab,technical,low,afternoon
2,2026-03-15 17:02:00,stage,lab,sports,high,morning
10,2026-03-15 17:02:00,canteen,lab,technical,high,morning
178,2026-03-15 17:02:00,lab,stage,cultural,low,afternoon
125,2026-03-15 17:02:00,stage,canteen,cultural,high,afternoon
81,2026-03-15 17:03:00,lab,lab,sports,low,evening
140,2026-03-15 17:03:00,stage,canteen,sports,high,evening
70,2026-03-15 17:03:00,lab,lab,technical,medium,afternoon
150,2026-03-15 17:03:00,lab,stage,sports,medium,morning
32,2026-03-15 17:03:00,stage,canteen,sports,low,afternoon
105,2026-03-15 17:03:00,canteen,canteen,sports,high,afternoon
84,2026-03-15 17:03:00,stage,stage,technical,low,afternoon
129,2026-03-15 17:03:00,canteen,stage,cultural,high,morning
182,2026-03-15 17:03:00,lab,stage,technical,low,morning
58,2026-03-15 17:03:00,lab,lab,technical,medium,evening
198,2026-03-15 17:03:00,stage,stage,sports,low,afternoon
146,2026-03-15 17:03:00,stage,canteen,cultural,medium,afternoon
134,2026-03-15 17:04:00,canteen,stage,technical,medium,morning
45,2026-03-15 17:04:00,canteen,lab,sports,medium,afternoon
97,2026-03-15 17:04:00,canteen,lab,technical,low,morning
23,2026-03-15 17:04:00,stage,canteen,sports,low,evening
23,2026-03-15 17:04:00,lab,canteen,cultural,medium,evening
154,2026-03-15 17:04:00,stage,canteen,cultural,low,evening
135,2026-03-15 17:04:00,lab,lab,sports,high,morning
79,2026-03-15 17:04:00,stage,lab,technical,medium,morning
44,2026-03-15 17:04:00,stage,stage,technical,high,afternoon
27,2026-03-15 17:04:00,canteen,canteen,cultural,medium,evening
26,2026-03-15 17:04:00,lab,canteen,technical,high,morning
97,2026-03-15 17:04:00,stage,canteen,sports,medium,evening
36,2026-03-15 17:04:00,stage,canteen,sports,medium,evening
109,2026-03-15 17:05:00,lab,canteen,sports,medium,evening
55,2026-03-15 17:05:00,stage,canteen,cultural,low,afternoon
192,2026-03-15 17:05:00,lab,canteen,cultural,high,morning
185,2026-03-15 17:05:00,canteen,lab,cultural,medium,morning
69,2026-03-15 17:05:00,canteen,lab,sports,low,morning
61,2026-03-15 17:05:00,lab,lab,cultural,medium,afternoon
130,2026-03-15 17:05:00,canteen,canteen,sports,high,afternoon
55,2026-03-15 17:05:00,lab,lab,technical,medium,afternoon
122,2026-03-15 17:05:00,stage,canteen,cultural,low,afternoon
97,2026-03-15 17:05:00,stage,stage,technical,medium,morning
80,2026-03-15 17:05:00,lab,canteen,technical,medium,afternoon
87,2026-03-15 17:05:00,stage,canteen,cultural,medium,morning
38,2026-03-15 17:06:00,canteen,canteen,cultural,medium,evening
119,2026-03-15 17:06:00,stage,lab,technical,low,morning
78,2026-03-15 17:06:00,stage,canteen,technical,medium,evening
157,2026-03-15 17:06:00,lab,canteen,technical,high,afternoon
154,2026-03-15 17:06:00,canteen,stage,sports,high,evening
35,2026-03-15 17:06:00,stage,canteen,technical,medium,afternoon
79,2026-03-15 17:06:00,stage,stage,sports,low,morning
67,2026-03-15 17:06:00,lab,canteen,cultural,high,morning
87,2026-03-15 17:06:00,lab,canteen,technical,medium,afternoon
157,2026-03-15 17:06:00,canteen,canteen,cultural,medium,morning
34,2026-03-15 17:06:00,stage,canteen,technical,low,evening
97,2026-03-15 17:06:00,lab,canteen,cultural,medium,evening
169,2026-03-15 17:06:00,lab,canteen,technical,low,evening
169,2026-03-15 17:06:00,lab,canteen,sports,high,afternoon
151,2026-03-15 17:06:00,canteen,canteen,cultural,medium,evening
71,2026-03-15 17:07:00,lab,lab,cultural,low,evening
3,2026-03-15 17:07:00,canteen,canteen,technical,medium,evening
58,2026-03-15 17:07:00,canteen,canteen,sports,medium,evening
32,2026-03-15 17:07:00,stage,lab,sports,high,evening
31,2026-03-15 17:07:00,stage,lab,sports,medium,evening
82,2026-03-15 17:07:00,canteen,lab,technical,low,afternoon
43,2026-03-15 17:07:00,stage,canteen,cultural,low,evening
135,2026-03-15 17:07:00,stage,canteen,technical,low,afternoon
105,2026-03-15 17:07:00,lab,canteen,sports,medium,afternoon
1,2026-03-15 17:07:00,stage,canteen,sports,medium,afternoon
61,2026-03-15 17:07:00,canteen,lab,cultural,high,evening
14,2026-03-15 17:07:00,stage,canteen,technical,medium,evening
180,2026-03-15 17:08:00,lab,lab,technical,low,afternoon
6,2026-03-15 17:08:00,canteen,canteen,sports,low,afternoon
103,2026-03-15 17:08:00,stage,canteen,cultural,high,evening
10,2026-03-15 17:08:00,canteen,lab,cultural,low,morning
71,2026-03-15 17:08:00,stage,lab,sports,low,morning
90,2026-03-15 17:08:00,lab,lab,technical,low,morning
158,2026-03-15 17:08:00,stage,lab,technical,high,evening
149,2026-03-15 17:08:00,canteen,canteen,cultural,high,afternoon
126,2026-03-15 17:08:00,canteen,canteen,cultural,low,morning
188,2026-03-15 17:08:00,canteen,lab,sports,low,afternoon
97,2026-03-15 17:08:00,stage,canteen,cultural,medium,evening
74,2026-03-15 17:08:00,stage,canteen,technical,medium,afternoon
115,2026-03-15 17:08:00,stage,canteen,technical,low,morning
191,2026-03-15 17:08:00,lab,canteen,cultural,medium,evening
170,2026-03-15 17:08:00,lab,stage,sports,low,afternoon
51,2026-03-15 17:08:00,lab,lab,technical,low,evening
192,2026-03-15 17:09:00,canteen,stage,technical,medium,morning
56,2026-03-15 17:09:00,canteen,canteen,sports,high,morning
41,2026-03-15 17:09:00,canteen,lab,cultural,high,morning
32,2026-03-15 17:09:00,canteen,canteen,technical,high,evening
15,2026-03-15 17:09:00,canteen,lab,technical,low,evening
62,2026-03-15 17:09:00,stage,canteen,sports,low,morning
155,2026-03-15 17:09:00,canteen,lab,cultural,high,evening
28,2026-03-15 17:09:00,stage,canteen,sports,high,evening
64,2026-03-15 17:09:00,lab,stage,sports,high,morning
187,2026-03-15 17:09:00,lab,lab,cultural,low,morning
186,2026-03-15 17:09:00,lab,lab,technical,low,afternoon
130,2026-03-15 17:09:00,lab,canteen,sports,medium,morning
127,2026-03-15 17:10:00,lab,lab,technical,medium,evening
36,2026-03-15 17:10:00,canteen,canteen,technical,medium,afternoon
114,2026-03-15 17:10:00,canteen,lab,technical,high,evening
199,2026-03-15 17:10:00,canteen,canteen,technical,low,afternoon
13,2026-03-15 17:10:00,lab,canteen,sports,medium,evening
15,2026-03-15 17:10:00,lab,canteen,cultural,medium,afternoon
89,2026-03-15 17:10:00,stage,canteen,technical,medium,afternoon
188,2026-03-15 17:10:00,canteen,canteen,technical,medium,evening
22,2026-03-15 17:10:00,lab,canteen,technical,high,afternoon
191,2026-03-15 17:11:00,lab,stage,cultural,low,evening
74,2026-03-15 17:11:00,lab,canteen,technical,low,evening
25,2026-03-15 17:11:00,stage,canteen,cultural,low,afternoon
101,2026-03-15 17:11:00,lab,lab,sports,medium,morning
176,2026-03-15 17:11:00,stage,canteen,cultural,high,morning
171,2026-03-15 17:11:00,stage,lab,technical,high,morning
117,2026-03-15 17:11:00,canteen,lab,sports,high,evening
166,2026-03-15 17:11:00,lab,lab,cultural,low,evening
41,2026-03-15 17:11:00,stage,lab,technical,low,morning
173,2026-03-15 17:11:00,lab,canteen,sports,high,evening
88,2026-03-15 17:11:00,canteen,stage,sports,medium,morning
168,2026-03-15 17:12:00,canteen,canteen,cultural,low,evening
110,2026-03-15 17:12:00,stage,canteen,technical,low,evening
120,2026-03-15 17:12:00,canteen,lab,cultural,medium,evening
97,2026-03-15 17:12:00,canteen,lab,sports,medium,morning
145,2026-03-15 17:12:00,canteen,canteen,sports,low,afternoon
57,2026-03-15 17:12:00,lab,lab,technical,medium,evening
130,2026-03-15 17:12:00,lab,canteen,sports,medium,evening
96,2026-03-15 17:12:00,stage,canteen,technical,medium,morning
121,2026-03-15 17:12:00,stage,canteen,cultural,medium,morning
62,2026-03-15 17:13:00,canteen,lab,sports,medium,evening
137,2026-03-15 17:13:00,canteen,lab,sports,high,evening
68,2026-03-15 17:13:00,stage,canteen,technical,low,afternoon
81,2026-03-15 17:13:00,canteen,canteen,technical,high,evening
17,2026-03-15 17:13:00,stage,stage,cultural,high,evening
117,2026-03-15 17:13:00,lab,canteen,technical,high,evening
50,2026-03-15 17:13:00,canteen,lab,sports,low,afternoon
112,2026-03-15 17:13:00,canteen,canteen,cultural,low,evening
94,2026-03-15 17:13:00,canteen,stage,cultural,low,afternoon
168,2026-03-15 17:13:00,lab,lab,cultural,high,morning
186,2026-03-15 17:13:00,lab,lab,technical,low,evening
85,2026-03-15 17:14:00,canteen,lab,technical,high,evening
149,2026-03-15 17:14:00,stage,stage,sports,medium,evening
146,2026-03-15 17:14:00,lab,stage,cultural,low,evening
183,2026-03-15 17:14:00,canteen,stage,cultural,medium,afternoon
157,2026-03-15 17:14:00,canteen,lab,cultural,high,morning
152,2026-03-15 17:14:00,lab,stage,sports,low,morning
74,2026-03-15 17:14:00,stage,lab,technical,low,afternoon
109,2026-03-15 17:14:00,canteen,lab,cultural,medium,afternoon
145,2026-03-15 17:14:00,stage,canteen,technical,high,afternoon
18,2026-03-15 17:14:00,stage,canteen,technical,high,afternoon
42,2026-03-15 17:14:00,lab,lab,technical,low,evening
101,2026-03-15 17:14:00,canteen,lab,technical,low,evening
45,2026-03-15 17:14:00,canteen,lab,technical,low,afternoon
82,2026-03-15 17:14:00,stage,stage,sports,low,evening
17,2026-03-15 17:15:00,lab,stage,technical,low,evening
73,2026-03-15 17:15:00,lab,lab,cultural,high,morning
14,2026-03-15 17:15:00,lab,lab,cultural,low,evening
177,2026-03-15 17:15:00,stage,stage,cultural,medium,morning
157,2026-03-15 17:15:00,stage,canteen,sports,low,evening
132,2026-03-15 17:15:00,canteen,lab,technical,low,morning
82,2026-03-15 17:15:00,lab,canteen,cultural,high,morning
148,2026-03-15 17:15:00,stage,lab,cultural,high,morning
120,2026-03-15 17:15:00,lab,stage,cultural,high,morning
120,2026-03-15 17:15:00,stage,lab,technical,medium,afternoon
47,2026-03-15 17:15:00,canteen,lab,cultural,high,evening
107,2026-03-15 17:15:00,lab,canteen,technical,low,afternoon
108,2026-03-15 17:15:00,stage,canteen,cultural,high,evening
9,2026-03-15 17:15:00,lab,lab,cultural,medium,afternoon
79,2026-03-15 17:15:00,stage,lab,technical,low,evening
155,2026-03-15 17:15:00,stage,canteen,cultural,low,afternoon
15,2026-03-15 17:15:00,stage,canteen,sports,medium,afternoon
19,2026-03-15 17:15:00,lab,lab,technical,high,morning
90,2026-03-15 17:15:00,stage,canteen,cultural,high,afternoon
180,2026-03-15 17:15:00,canteen,lab,sports,high,morning
26,2026-03-15 17:16:00,lab,stage,sports,high,morning
154,2026-03-15 17:16:00,canteen,canteen,technical,medium,afternoon
154,2026-03-15 17:16:00,canteen,canteen,cultural,medium,evening
174,2026-03-15 17:16:00,lab,stage,technical,high,afternoon
92,2026-03-15 17:16:00,stage,lab,sports,medium,morning
177,2026-03-15 17:16:00,canteen,lab,sports,low,morning
82,2026-03-15 17:16:00,lab,canteen,technical,high,afternoon
181,2026-03-15 17:16:00,stage,lab,technical,low,afternoon
131,2026-03-15 17:16:00,lab,canteen,cultural,low,afternoon
194,2026-03-15 17:17:00,lab,lab,sports,low,afternoon
42,2026-03-15 17:17:00,lab,stage,technical,high,evening
19,2026-03-15 17:17:00,stage,canteen,sports,high,morning
17,2026-03-15 17:17:00,canteen,stage,technical,high,afternoon
161,2026-03-15 17:17:00,canteen,lab,cultural,medium,afternoon
76,2026-03-15 17:17:00,lab,canteen,sports,high,afternoon
177,2026-03-15 17:17:00,lab,canteen,cultural,low,morning
184,2026-03-15 17:17:00,stage,canteen,cultural,high,morning
63,2026-03-15 17:17:00,lab,canteen,sports,medium,morning
131,2026-03-15 17:17:00,lab,lab,technical,high,afternoon
107,2026-03-15 17:17:00,lab,stage,cultural,medium,morning
49,2026-03-15 17:17:00,canteen,lab,cultural,low,afternoon
55,2026-03-15 17:17:00,lab,canteen,sports,low,afternoon
154,2026-03-15 17:17:00,canteen,lab,sports,low,evening
99,2026-03-15 17:17:00,stage,canteen,sports,low,evening
200,2026-03-15 17:17:00,stage,lab,cultural,low,evening
52,2026-03-15 17:17:00,canteen,canteen,technical,low,morning
100,2026-03-15 17:17:00,canteen,lab,technical,medium,evening
117,2026-03-15 17:17:00,canteen,lab,sports,low,morning
118,2026-03-15 17:17:00,canteen,lab,cultural,high,afternoon
7,2026-03-15 17:18:00,lab,canteen,cultural,medium,evening
46,2026-03-15 17:18:00,canteen,lab,cultural,medium,evening
46,2026-03-15 17:18:00,canteen,lab,sports,high,morning
100,2026-03-15 17:18:00,canteen,stage,cultural,high,morning
144,2026-03-15 17:18:00,lab,canteen,cultural,high,evening
152,2026-03-15 17:18:00,lab,canteen,technical,high,morning
189,2026-03-15 17:18:00,lab,canteen,sports,high,morning
54,2026-03-15 17:18:00,stage,lab,sports,low,morning
62,2026-03-15 17:18:00,lab,lab,sports,medium,afternoon
129,2026-03-15 17:18:00,canteen,stage,cultural,high,evening
49,2026-03-15 17:18:00,lab,lab,cultural,high,morning
25,2026-03-15 17:18:00,lab,canteen,technical,medium,morning
10,2026-03-15 17:19:00,canteen,lab,sports,medium,afternoon
118,2026-03-15 17:19:00,lab,lab,cultural,low,afternoon
144,2026-03-15 17:19:00,stage,lab,technical,medium,afternoon
186,2026-03-15 17:19:00,lab,lab,cultural,high,afternoon
200,2026-03-15 17:19:00,stage,canteen,cultural,medium,evening
157,2026-03-15 17:19:00,stage,canteen,sports,high,evening
92,2026-03-15 17:19:00,stage,canteen,sports,medium,morning
134,2026-03-15 17:19:00,canteen,canteen,cultural,medium,evening
144,2026-03-15 17:19:00,lab,lab,cultural,low,morning
148,2026-03-15 17:19:00,stage,stage,cultural,high,evening
80,2026-03-15 17:19:00,stage,lab,cultural,low,evening
71,2026-03-15 17:19:00,lab,lab,cultural,low,evening
78,2026-03-15 17:19:00,canteen,canteen,sports,high,morning
43,2026-03-15 17:20:00,canteen,canteen,sports,medium,morning
154,2026-03-15 17:20:00,stage,canteen,cultural,low,afternoon
90,2026-03-15 17:20:00,canteen,lab,cultural,medium,morning
78,2026-03-15 17:20:00,lab,lab,sports,medium,afternoon
199,2026-03-15 17:20:00,canteen,canteen,cultural,low,morning
161,2026-03-15 17:20:00,lab,canteen,sports,low,morning
26,2026-03-15 17:20:00,stage,canteen,sports,low,evening
121,2026-03-15 17:20:00,lab,lab,sports,medium,morning
45,2026-03-15 17:20:00,stage,canteen,sports,high,evening
63,2026-03-15 17:20:00,lab,stage,technical,high,morning
195,2026-03-15 17:20:00,lab,lab,cultural,low,afternoon
180,2026-03-15 17:20:00,canteen,lab,cultural,medium,morning
68,2026-03-15 17:20:00,lab,lab,cultural,low,evening
154,2026-03-15 17:21:00,stage,canteen,sports,medium,evening
2,2026-03-15 17:21:00,lab,lab,sports,high,evening
142,2026-03-15 17:21:00,stage,canteen,sports,high,evening
108,2026-03-15 17:21:00,stage,stage,cultural,low,morning
30,2026-03-15 17:21:00,lab,lab,sports,low,evening
49,2026-03-15 17:21:00,canteen,stage,technical,high,evening
140,2026-03-15 17:21:00,lab,canteen,cultural,medium,morning
44,2026-03-15 17:21:00,lab,lab,technical,high,evening
161,2026-03-15 17:21:00,canteen,canteen,technical,medium,afternoon
13,2026-03-15 17:21:00,stage,lab,cultural,low,afternoon
78,2026-03-15 17:21:00,lab,canteen,technical,high,evening
126,2026-03-15 17:21:00,canteen,canteen,technical,low,afternoon
98,2026-03-15 17:22:00,canteen,lab,sports,high,evening
26,2026-03-15 17:22:00,stage,lab,technical,low,morning
149,2026-03-15 17:22:00,canteen,canteen,sports,high,afternoon
156,2026-03-15 17:22:00,stage,lab,technical,high,afternoon
48,2026-03-15 17:22:00,lab,stage,cultural,low,morning
168,2026-03-15 17:22:00,canteen,lab,cultural,high,afternoon
66,2026-03-15 17:22:00,lab,stage,cultural,high,evening
87,2026-03-15 17:22:00,canteen,lab,cultural,high,evening
79,2026-03-15 17:22:00,canteen,canteen,sports,high,afternoon
23,2026-03-15 17:22:00,lab,lab,technical,low,morning
81,2026-03-15 17:22:00,canteen,lab,technical,low,evening
48,2026-03-15 17:23:00,lab,stage,cultural,high,evening
124,2026-03-15 17:23:00,lab,lab,sports,high,afternoon
130,2026-03-15 17:23:00,stage,canteen,sports,low,morning
84,2026-03-15 17:23:00,lab,canteen,cultural,high,evening
20,2026-03-15 17:23:00,stage,lab,technical,medium,morning
187,2026-03-15 17:23:00,lab,stage,cultural,low,afternoon
46,2026-03-15 17:23:00,canteen,stage,technical,high,afternoon
131,2026-03-15 17:23:00,lab,canteen,cultural,medium,evening
183,2026-03-15 17:23:00,canteen,lab,technical,high,morning
12,2026-03-15 17:23:00,stage,stage,sports,high,morning
40,2026-03-15 17:23:00,canteen,canteen,cultural,high,afternoon
66,2026-03-15 17:23:00,lab,lab,technical,medium,afternoon
100,2026-03-15 17:23:00,canteen,lab,technical,medium,afternoon
78,2026-03-15 17:23:00,stage,lab,technical,low,afternoon
16,2026-03-15 17:23:00,canteen,lab,technical,high,afternoon
83,2026-03-15 17:24:00,canteen,lab,sports,high,evening
162,2026-03-15 17:24:00,lab,canteen,technical,medium,evening
44,2026-03-15 17:24:00,lab,stage,sports,high,morning
134,2026-03-15 17:24:00,canteen,lab,technical,high,evening
192,2026-03-15 17:24:00,stage,lab,sports,high,evening
100,2026-03-15 17:24:00,canteen,lab,sports,medium,evening
22,2026-03-15 17:24:00,stage,stage,technical,high,morning
18,2026-03-15 17:24:00,stage,canteen,sports,high,evening
12,2026-03-15 17:24:00,stage,canteen,cultural,low,morning
180,2026-03-15 17:24:00,canteen,lab,technical,high,morning
123,2026-03-15 17:24:00,stage,canteen,cultural,medium,evening
117,2026-03-15 17:24:00,canteen,lab,sports,medium,evening
51,2026-03-15 17:24:00,stage,canteen,sports,high,evening
71,2026-03-15 17:24:00,stage,lab,cultural,low,afternoon
48,2026-03-15 17:24:00,canteen,lab,technical,high,morning
19,2026-03-15 17:24:00,lab,canteen,cultural,high,morning
6,2026-03-15 17:24:00,lab,canteen,sports,high,afternoon
84,2026-03-15 17:24:00,canteen,lab,technical,medium,afternoon
155,2026-03-15 17:24:00,canteen,lab,cultural,high,evening
53,2026-03-15 17:24:00,lab,canteen,cultural,medium,afternoon
107,2026-03-15 17:24:00,lab,stage,technical,low,afternoon
101,2026-03-15 17:24:00,lab,stage,cultural,high,afternoon
48,2026-03-15 17:25:00,canteen,canteen,technical,medium,morning
135,2026-03-15 17:25:00,stage,canteen,technical,medium,afternoon
187,2026-03-15 17:25:00,canteen,lab,cultural,medium,evening
69,2026-03-15 17:25:00,lab,lab,technical,high,morning
11,2026-03-15 17:25:00,stage,canteen,technical,low,morning
143,2026-03-15 17:25:00,canteen,stage,sports,medium,afternoon
192,2026-03-15 17:25:00,lab,stage,sports,high,afternoon
131,2026-03-15 17:25:00,canteen,canteen,sports,medium,afternoon
122,2026-03-15 17:25:00,stage,canteen,cultural,medium,afternoon
69,2026-03-15 17:25:00,lab,stage,cultural,high,evening
23,2026-03-15 17:25:00,canteen,lab,cultural,medium,afternoon
181,2026-03-15 17:25:00,stage,lab,cultural,medium,evening
37,2026-03-15 17:25:00,stage,lab,technical,high,afternoon
9,2026-03-15 17:25:00,canteen,lab,technical,low,afternoon
15,2026-03-15 17:25:00,stage,canteen,sports,low,evening
131,2026-03-15 17:25:00,lab,lab,technical,low,afternoon
93,2026-03-15 17:25:00,stage,canteen,cultural,low,morning
198,2026-03-15 17:25:00,canteen,lab,technical,high,evening
17,2026-03-15 17:25:00,lab,stage,sports,high,evening
154,2026-03-15 17:25:00,stage,canteen,cultural,low,morning
149,2026-03-15 17:26:00,stage,canteen,technical,high,evening
72,2026-03-15 17:26:00,lab,lab,sports,low,afternoon
149,2026-03-15 17:26:00,lab,lab,technical,medium,evening
121,2026-03-15 17:26:00,stage,lab,sports,medium,evening
11,2026-03-15 17:26:00,lab,lab,sports,medium,morning
166,2026-03-15 17:26:00,canteen,canteen,sports,low,evening
72,2026-03-15 17:26:00,stage,lab,cultural,medium,afternoon
106,2026-03-15 17:26:00,canteen,lab,technical,low,evening
125,2026-03-15 17:26:00,stage,lab,technical,high,evening
35,2026-03-15 17:26:00,canteen,canteen,cultural,medium,morning
119,2026-03-15 17:26:00,canteen,canteen,cultural,medium,morning
14,2026-03-15 17:26:00,lab,lab,technical,medium,evening
14,2026-03-15 17:26:00,stage,stage,cultural,high,afternoon
10,2026-03-15 17:26:00,lab,lab,cultural,low,morning
140,2026-03-15 17:27:00,lab,canteen,technical,medium,morning
38,2026-03-15 17:27:00,stage,lab,sports,medium,afternoon
108,2026-03-15 17:27:00,canteen,canteen,cultural,low,morning
119,2026-03-15 17:27:00,stage,canteen,technical,medium,evening
34,2026-03-15 17:27:00,stage,canteen,technical,medium,morning
169,2026-03-15 17:27:00,stage,canteen,technical,medium,afternoon
10,2026-03-15 17:27:00,lab,canteen,cultural,low,evening
122,2026-03-15 17:27:00,stage,lab,sports,medium,afternoon
145,2026-03-15 17:27:00,stage,canteen,sports,high,afternoon
145,2026-03-15 17:27:00,stage,canteen,technical,low,afternoon
195,2026-03-15 17:27:00,canteen,lab,cultural,medium,afternoon
190,2026-03-15 17:27:00,canteen,canteen,cultural,high,morning
115,2026-03-15 17:27:00,canteen,canteen,sports,high,morning
1,2026-03-15 17:27:00,canteen,stage,sports,high,morning
12,2026-03-15 17:27:00,lab,lab,cultural,high,morning
103,2026-03-15 17:27:00,lab,canteen,sports,high,evening
4,2026-03-15 17:27:00,stage,canteen,technical,medium,morning
170,2026-03-15 17:27:00,lab,lab,sports,high,afternoon
141,2026-03-15 17:27:00,canteen,lab,cultural,low,evening
98,2026-03-15 17:27:00,stage,stage,technical,medium,morning
106,2026-03-15 17:27:00,stage,lab,cultural,medium,morning
85,2026-03-15 17:27:00,canteen,lab,sports,high,evening
121,2026-03-15 17:28:00,canteen,stage,sports,high,morning
132,2026-03-15 17:28:00,canteen,lab,technical,medium,afternoon
82,2026-03-15 17:28:00,lab,canteen,technical,low,afternoon
197,2026-03-15 17:28:00,stage,canteen,technical,medium,afternoon
19,2026-03-15 17:28:00,canteen,canteen,technical,medium,afternoon
130,2026-03-15 17:29:00,stage,canteen,sports,high,morning
12,2026-03-15 17:29:00,stage,stage,cultural,low,afternoon
81,2026-03-15 17:29:00,lab,lab,sports,high,morning
74,2026-03-15 17:29:00,stage,stage,sports,high,morning
98,2026-03-15 17:29:00,canteen,canteen,technical,high,morning
6,2026-03-15 17:29:00,canteen,stage,technical,high,morning
136,2026-03-15 17:29:00,stage,lab,cultural,low,evening
125,2026-03-15 17:29:00,stage,canteen,cultural,high,evening
51,2026-03-15 17:29:00,lab,canteen,sports,high,evening
11,2026-03-15 17:29:00,canteen,canteen,cultural,low,afternoon
191,2026-03-15 17:29:00,canteen,lab,technical,medium,morning
185,2026-03-15 17:29:00,stage,canteen,technical,high,morning
127,2026-03-15 17:29:00,stage,lab,technical,medium,afternoon
140,2026-03-15 17:29:00,stage,stage,sports,high,evening
73,2026-03-15 17:29:00,canteen,stage,cultural,high,morning
2,2026-03-15 17:29:00,stage,canteen,technical,low,afternoon
8,2026-03-15 17:29:00,lab,lab,sports,low,evening
139,2026-03-15 17:30:00,lab,stage,sports,medium,afternoon
124,2026-03-15 17:30:00,stage,stage,sports,high,afternoon
53,2026-03-15 17:30:00,lab,stage,cultural,low,morning
10,2026-03-15 17:30:00,lab,lab,cultural,high,evening
112,2026-03-15 17:30:00,lab,canteen,cultural,high,evening
8,2026-03-15 17:30:00,lab,lab,sports,medium,morning
36,2026-03-15 17:30:00,lab,stage,sports,high,evening
106,2026-03-15 17:30:00,canteen,stage,cultural,low,afternoon
14,2026-03-15 17:30:00,stage,canteen,technical,medium,afternoon
182,2026-03-15 17:30:00,lab,lab,cultural,low,afternoon
86,2026-03-15 17:30:00,stage,canteen,sports,medium,morning
149,2026-03-15 17:30:00,lab,stage,sports,medium,evening
50,2026-03-15 17:30:00,canteen,lab,sports,high,morning
167,2026-03-15 17:30:00,canteen,canteen,sports,medium,morning
20,2026-03-15 17:31:00,lab,lab,sports,medium,morning
87,2026-03-15 17:31:00,lab,canteen,sports,high,morning
135,2026-03-15 17:31:00,lab,canteen,cultural,medium,evening
137,2026-03-15 17:31:00,canteen,lab,sports,medium,afternoon
129,2026-03-15 17:31:00,canteen,lab,sports,low,afternoon
154,2026-03-15 17:31:00,stage,canteen,sports,low,afternoon
166,2026-03-15 17:31:00,canteen,lab,sports,high,evening
38,2026-03-15 17:31:00,lab,canteen,sports,medium,evening
189,2026-03-15 17:31:00,stage,canteen,technical,high,evening
44,2026-03-15 17:31:00,canteen,canteen,cultural,high,afternoon
86,2026-03-15 17:31:00,canteen,lab,cultural,high,evening
44,2026-03-15 17:31:00,lab,canteen,technical,low,afternoon
74,2026-03-15 17:31:00,stage,stage,technical,high,afternoon
119,2026-03-15 17:31:00,canteen,canteen,sports,medium,morning
190,2026-03-15 17:31:00,canteen,stage,cultural,low,evening
122,2026-03-15 17:32:00,lab,canteen,cultural,low,morning
134,2026-03-15 17:32:00,stage,canteen,technical,low,evening
145,2026-03-15 17:32:00,stage,lab,cultural,medium,evening
51,2026-03-15 17:32:00,stage,canteen,cultural,high,morning
38,2026-03-15 17:32:00,stage,canteen,sports,high,evening
152,2026-03-15 17:32:00,lab,lab,sports,low,evening
51,2026-03-15 17:32:00,canteen,lab,sports,low,evening
10,2026-03-15 17:32:00,canteen,lab,cultural,high,afternoon
120,2026-03-15 17:32:00,stage,lab,cultural,medium,afternoon
200,2026-03-15 17:32:00,stage,lab,sports,low,evening
149,2026-03-15 17:32:00,stage,canteen,sports,low,morning
70,2026-03-15 17:32:00,canteen,lab,cultural,medium,afternoon
85,2026-03-15 17:32:00,canteen,lab,cultural,low,afternoon
57,2026-03-15 17:32:00,stage,stage,technical,medium,evening
126,2026-03-15 17:32:00,lab,canteen,sports,high,afternoon
39,2026-03-15 17:32:00,canteen,stage,sports,high,morning
33,2026-03-15 17:33:00,canteen,lab,sports,low,morning
187,2026-03-15 17:33:00,stage,canteen,cultural,high,morning
18,2026-03-15 17:33:00,lab,lab,cultural,medium,morning
184,2026-03-15 17:33:00,stage,canteen,technical,low,afternoon
57,2026-03-15 17:33:00,stage,lab,technical,medium,afternoon
96,2026-03-15 17:33:00,lab,lab,sports,high,morning
48,2026-03-15 17:33:00,lab,lab,technical,high,afternoon
42,2026-03-15 17:33:00,lab,canteen,cultural,high,evening
27,2026-03-15 17:33:00,canteen,canteen,technical,low,evening
74,2026-03-15 17:33:00,stage,canteen,technical,medium,evening
110,2026-03-15 17:33:00,canteen,canteen,cultural,low,evening
180,2026-03-15 17:33:00,lab,canteen,sports,high,evening
170,2026-03-15 17:33:00,canteen,lab,sports,high,morning
32,2026-03-15 17:33:00,lab,lab,technical,low,afternoon
26,2026-03-15 17:33:00,lab,lab,cultural,medium,morning
25,2026-03-15 17:33:00,stage,canteen,cultural,high,morning
75,2026-03-15 17:34:00,stage,canteen,technical,medium,morning
23,2026-03-15 17:34:00,stage,canteen,sports,high,afternoon
57,2026-03-15 17:34:00,canteen,stage,sports,low,evening
180,2026-03-15 17:34:00,stage,canteen,sports,high,morning
126,2026-03-15 17:34:00,lab,stage,cultural,low,afternoon
87,2026-03-15 17:34:00,stage,stage,cultural,low,morning
31,2026-03-15 17:34:00,canteen,stage,cultural,low,afternoon
64,2026-03-15 17:34:00,stage,stage,sports,high,morning
199,2026-03-15 17:34:00,stage,canteen,technical,medium,evening
33,2026-03-15 17:34:00,stage,canteen,cultural,medium,afternoon
2,2026-03-15 17:34:00,canteen,stage,cultural,high,morning
18,2026-03-15 17:34:00,lab,canteen,technical,low,evening
175,2026-03-15 17:34:00,lab,lab,sports,medium,evening
161,2026-03-15 17:34:00,lab,lab,cultural,medium,afternoon
84,2026-03-15 17:34:00,stage,canteen,sports,high,evening
35,2026-03-15 17:34:00,stage,lab,cultural,low,afternoon
179,2026-03-15 17:35:00,canteen,canteen,cultural,medium,afternoon
114,2026-03-15 17:35:00,lab,stage,technical,high,evening
146,2026-03-15 17:35:00,stage,lab,technical,high,evening
110,2026-03-15 17:35:00,stage,lab,technical,low,afternoon
88,2026-03-15 17:35:00,stage,canteen,technical,high,evening
72,2026-03-15 17:35:00,canteen,lab,sports,low,afternoon
125,2026-03-15 17:35:00,lab,lab,sports,medium,evening
30,2026-03-15 17:35:00,canteen,stage,sports,high,afternoon
172,2026-03-15 17:35:00,lab,canteen,technical,medium,evening
53,2026-03-15 17:35:00,lab,canteen,cultural,low,evening
138,2026-03-15 17:35:00,stage,lab,sports,low,morning
87,2026-03-15 17:35:00,stage,stage,technical,low,morning
180,2026-03-15 17:35:00,stage,lab,technical,high,afternoon
177,2026-03-15 17:35:00,stage,stage,technical,high,morning
139,2026-03-15 17:35:00,stage,canteen,sports,high,morning
194,2026-03-15 17:35:00,lab,lab,cultural,medium,afternoon
186,2026-03-15 17:35:00,stage,canteen,sports,medium,evening
164,2026-03-15 17:36:00,stage,stage,technical,high,evening
161,2026-03-15 17:36:00,canteen,canteen,technical,medium,afternoon
175,2026-03-15 17:36:00,canteen,lab,technical,low,morning
13,2026-03-15 17:36:00,lab,stage,sports,high,evening
40,2026-03-15 17:36:00,lab,stage,cultural,low,morning
89,2026-03-15 17:36:00,canteen,lab,sports,low,afternoon
68,2026-03-15 17:36:00,canteen,canteen,technical,low,morning
42,2026-03-15 17:36:00,stage,canteen,technical,medium,afternoon
147,2026-03-15 17:36:00,stage,canteen,technical,low,afternoon
94,2026-03-15 17:36:00,lab,lab,sports,medium,evening
19,2026-03-15 17:36:00,canteen,stage,sports,low,afternoon
186,2026-03-15 17:36:00,lab,lab,sports,high,evening
23,2026-03-15 17:36:00,stage,stage,technical,low,afternoon
54,2026-03-15 17:36:00,lab,stage,sports,low,evening
65,2026-03-15 17:36:00,lab,stage,cultural,high,morning
140,2026-03-15 17:37:00,lab,canteen,cultural,medium,afternoon
24,2026-03-15 17:37:00,stage,lab,cultural,high,morning
34,2026-03-15 17:37:00,lab,canteen,sports,low,afternoon
53,2026-03-15 17:37:00,stage,canteen,technical,low,afternoon
136,2026-03-15 17:37:00,canteen,canteen,technical,medium,afternoon
18,2026-03-15 17:37:00,lab,canteen,technical,low,evening
57,2026-03-15 17:37:00,lab,canteen,technical,low,evening
112,2026-03-15 17:37:00,stage,lab,technical,medium,morning
5,2026-03-15 17:37:00,lab,lab,sports,medium,morning
154,2026-03-15 17:37:00,stage,lab,cultural,medium,afternoon
158,2026-03-15 17:37:00,lab,canteen,sports,medium,morning
182,2026-03-15 17:37:00,canteen,lab,technical,low,afternoon
13,2026-03-15 17:37:00,canteen,stage,sports,medium,afternoon
83,2026-03-15 17:38:00,canteen,lab,sports,medium,afternoon
29,2026-03-15 17:38:00,lab,lab,sports,low,evening
3,2026-03-15 17:38:00,lab,stage,technical,medium,morning
90,2026-03-15 17:38:00,canteen,canteen,technical,low,evening
104,2026-03-15 17:38:00,canteen,lab,technical,medium,afternoon
123,2026-03-15 17:38:00,stage,canteen,sports,medium,afternoon
186,2026-03-15 17:38:00,stage,canteen,sports,high,evening
76,2026-03-15 17:38:00,canteen,lab,cultural,low,morning
130,2026-03-15 17:38:00,canteen,lab,cultural,medium,evening
108,2026-03-15 17:38:00,lab,stage,technical,high,evening
156,2026-03-15 17:38:00,canteen,stage,cultural,high,morning
82,2026-03-15 17:38:00,stage,lab,technical,low,afternoon
77,2026-03-15 17:38:00,stage,stage,technical,high,morning
2,2026-03-15 17:38:00,stage,stage,sports,low,morning
127,2026-03-15 17:39:00,stage,canteen,cultural,high,evening
135,2026-03-15 17:39:00,stage,canteen,technical,low,afternoon
26,2026-03-15 17:39:00,stage,canteen,technical,medium,afternoon
88,2026-03-15 17:39:00,canteen,canteen,cultural,low,afternoon
16,2026-03-15 17:39:00,stage,lab,cultural,high,evening
151,2026-03-15 17:39:00,stage,lab,cultural,low,evening
168,2026-03-15 17:39:00,stage,canteen,cultural,medium,morning
188,2026-03-15 17:39:00,stage,canteen,cultural,medium,morning
73,2026-03-15 17:39:00,canteen,lab,cultural,high,evening
32,2026-03-15 17:39:00,lab,lab,cultural,high,morning
15,2026-03-15 17:39:00,lab,lab,technical,high,evening
141,2026-03-15 17:39:00,lab,canteen,sports,medium,morning
5,2026-03-15 17:39:00,lab,canteen,technical,medium,afternoon
74,2026-03-15 17:39:00,stage,canteen,technical,high,evening
52,2026-03-15 17:40:00,lab,lab,sports,medium,morning
77,2026-03-15 17:40:00,lab,lab,sports,medium,evening
169,2026-03-15 17:40:00,canteen,stage,sports,high,evening
181,2026-03-15 17:40:00,canteen,stage,cultural,medium,morning
110,2026-03-15 17:40:00,canteen,stage,cultural,high,morning
178,2026-03-15 17:40:00,stage,canteen,cultural,medium,evening
143,2026-03-15 17:40:00,stage,stage,technical,low,evening
106,2026-03-15 17:40:00,stage,canteen,sports,low,morning
127,2026-03-15 17:40:00,canteen,canteen,sports,medium,afternoon
7,2026-03-15 17:40:00,lab,canteen,technical,medium,afternoon
40,2026-03-15 17:40:00,canteen,stage,cultural,low,afternoon
156,2026-03-15 17:40:00,stage,lab,sports,high,evening
160,2026-03-15 17:40:00,canteen,lab,technical,high,afternoon
99,2026-03-15 17:40:00,lab,lab,cultural,low,evening
143,2026-03-15 17:41:00,stage,canteen,technical,high,morning
85,2026-03-15 17:41:00,lab,stage,cultural,high,afternoon
198,2026-03-15 17:41:00,lab,stage,technical,low,morning
65,2026-03-15 17:41:00,stage,lab,cultural,low,afternoon
132,2026-03-15 17:41:00,lab,lab,technical,medium,afternoon
11,2026-03-15 17:41:00,canteen,stage,technical,low,morning
108,2026-03-15 17:41:00,lab,lab,technical,low,morning
26,2026-03-15 17:41:00,lab,canteen,technical,high,evening
189,2026-03-15 17:41:00,lab,canteen,sports,high,morning
165,2026-03-15 17:41:00,canteen,stage,sports,medium,evening
151,2026-03-15 17:41:00,lab,lab,sports,high,evening
85,2026-03-15 17:41:00,lab,stage,sports,high,morning
168,2026-03-15 17:41:00,canteen,canteen,technical,high,afternoon
151,2026-03-15 17:42:00,stage,canteen,sports,low,afternoon
123,2026-03-15 17:42:00,stage,canteen,sports,high,afternoon
144,2026-03-15 17:42:00,stage,canteen,technical,low,morning
189,2026-03-15 17:42:00,lab,stage,sports,high,afternoon
68,2026-03-15 17:42:00,stage,canteen,sports,low,evening
104,2026-03-15 17:42:00,canteen,lab,cultural,high,morning
80,2026-03-15 17:42:00,lab,canteen,sports,medium,evening
159,2026-03-15 17:42:00,lab,canteen,cultural,medium,afternoon
53,2026-03-15 17:42:00,lab,canteen,sports,medium,afternoon
106,2026-03-15 17:42:00,stage,canteen,technical,high,afternoon
153,2026-03-15 17:42:00,stage,lab,sports,medium,evening
44,2026-03-15 17:42:00,stage,canteen,technical,low,afternoon
140,2026-03-15 17:42:00,lab,lab,sports,medium,evening
90,2026-03-15 17:43:00,canteen,lab,sports,medium,morning
101,2026-03-15 17:43:00,lab,lab,technical,medium,morning
97,2026-03-15 17:43:00,canteen,stage,technical,medium,morning
9,2026-03-15 17:43:00,lab,stage,technical,low,afternoon
12,2026-03-15 17:43:00,canteen,lab,technical,medium,evening
69,2026-03-15 17:43:00,lab,lab,cultural,high,afternoon
182,2026-03-15 17:43:00,lab,lab,cultural,medium,morning
182,2026-03-15 17:43:00,canteen,stage,technical,high,morning
28,2026-03-15 17:43:00,canteen,stage,cultural,high,afternoon
56,2026-03-15 17:43:00,canteen,lab,sports,medium,afternoon
99,2026-03-15 17:43:00,canteen,lab,sports,medium,afternoon
197,2026-03-15 17:43:00,canteen,stage,sports,high,evening
110,2026-03-15 17:43:00,canteen,stage,cultural,low,afternoon
77,2026-03-15 17:43:00,canteen,canteen,cultural,low,morning
103,2026-03-15 17:43:00,canteen,lab,sports,medium,morning
106,2026-03-15 17:44:00,lab,lab,technical,low,evening
109,2026-03-15 17:44:00,canteen,lab,sports,low,afternoon
112,2026-03-15 17:44:00,canteen,lab,cultural,medium,evening
58,2026-03-15 17:44:00,lab,stage,sports,high,afternoon
78,2026-03-15 17:44:00,lab,lab,sports,high,morning
75,2026-03-15 17:44:00,stage,lab,cultural,low,afternoon
42,2026-03-15 17:44:00,stage,lab,cultural,high,afternoon
166,2026-03-15 17:44:00,canteen,lab,cultural,medium,morning
68,2026-03-15 17:44:00,canteen,canteen,cultural,low,morning
181,2026-03-15 17:44:00,stage,lab,sports,high,morning
33,2026-03-15 17:44:00,stage,lab,cultural,low,afternoon
71,2026-03-15 17:44:00,canteen,lab,technical,high,evening
56,2026-03-15 17:44:00,stage,canteen,cultural,low,afternoon
105,2026-03-15 17:45:00,canteen,lab,cultural,high,evening
200,2026-03-15 17:45:00,lab,canteen,sports,high,afternoon
101,2026-03-15 17:45:00,lab,stage,technical,medium,afternoon
51,2026-03-15 17:45:00,stage,stage,technical,medium,afternoon
74,2026-03-15 17:45:00,lab,lab,technical,medium,afternoon
171,2026-03-15 17:45:00,lab,canteen,cultural,low,evening
121,2026-03-15 17:45:00,lab,stage,sports,low,afternoon
143,2026-03-15 17:45:00,lab,lab,sports,low,morning
166,2026-03-15 17:45:00,canteen,lab,cultural,high,morning
143,2026-03-15 17:45:00,canteen,lab,technical,high,afternoon
5,2026-03-15 17:45:00,stage,canteen,technical,high,evening
83,2026-03-15 17:45:00,lab,lab,sports,low,morning
182,2026-03-15 17:45:00,lab,stage,cultural,medium,morning
51,2026-03-15 17:45:00,lab,canteen,technical,low,morning
10,2026-03-15 17:45:00,stage,canteen,cultural,low,afternoon
140,2026-03-15 17:45:00,canteen,lab,sports,medium,morning
4,2026-03-15 17:45:00,lab,canteen,cultural,medium,evening
95,2026-03-15 17:45:00,canteen,stage,cultural,low,evening
146,2026-03-15 17:46:00,stage,canteen,cultural,high,evening
80,2026-03-15 17:46:00,canteen,canteen,cultural,high,morning
36,2026-03-15 17:46:00,lab,lab,technical,medium,morning
25,2026-03-15 17:46:00,canteen,lab,sports,low,evening
98,2026-03-15 17:46:00,canteen,stage,technical,high,morning
164,2026-03-15 17:46:00,stage,canteen,technical,high,evening
101,2026-03-15 17:46:00,stage,canteen,technical,medium,afternoon
195,2026-03-15 17:46:00,stage,lab,technical,low,afternoon
9,2026-03-15 17:46:00,stage,stage,sports,medium,afternoon
61,2026-03-15 17:46:00,canteen,stage,sports,low,morning
53,2026-03-15 17:46:00,canteen,canteen,technical,low,afternoon
146,2026-03-15 17:46:00,stage,canteen,cultural,low,afternoon
171,2026-03-15 17:46:00,stage,stage,cultural,low,evening
163,2026-03-15 17:46:00,lab,canteen,cultural,low,evening
63,2026-03-15 17:46:00,lab,canteen,cultural,low,evening
121,2026-03-15 17:46:00,stage,canteen,cultural,high,afternoon
105,2026-03-15 17:46:00,canteen,lab,sports,high,evening
4,2026-03-15 17:47:00,stage,stage,cultural,high,afternoon
93,2026-03-15 17:47:00,canteen,canteen,sports,high,morning
169,2026-03-15 17:47:00,canteen,lab,cultural,low,afternoon
173,2026-03-15 17:47:00,lab,lab,cultural,high,evening
178,2026-03-15 17:47:00,stage,canteen,technical,low,evening
28,2026-03-15 17:47:00,stage,canteen,technical,medium,evening
170,2026-03-15 17:47:00,canteen,stage,technical,medium,evening
80,2026-03-15 17:47:00,stage,canteen,sports,high,morning
76,2026-03-15 17:47:00,lab,lab,sports,low,morning
116,2026-03-15 17:47:00,lab,canteen,technical,high,afternoon
69,2026-03-15 17:47:00,stage,canteen,technical,low,evening
98,2026-03-15 17:47:00,stage,canteen,cultural,high,morning
1,2026-03-15 17:47:00,lab,lab,sports,medium,morning
167,2026-03-15 17:47:00,stage,canteen,cultural,medium,morning
96,2026-03-15 17:48:00,canteen,lab,cultural,high,evening
17,2026-03-15 17:48:00,stage,stage,technical,high,morning
112,2026-03-15 17:48:00,canteen,canteen,cultural,low,evening
91,2026-03-15 17:48:00,stage,canteen,cultural,medium,morning
88,2026-03-15 17:48:00,stage,canteen,technical,high,morning
163,2026-03-15 17:48:00,lab,canteen,technical,low,evening
174,2026-03-15 17:48:00,canteen,canteen,cultural,medium,evening
170,2026-03-15 17:48:00,lab,lab,cultural,low,evening
167,2026-03-15 17:48:00,stage,canteen,cultural,medium,morning
90,2026-03-15 17:49:00,lab,lab,sports,medium,afternoon
49,2026-03-15 17:49:00,stage,canteen,cultural,low,afternoon
190,2026-03-15 17:49:00,stage,lab,technical,low,evening
38,2026-03-15 17:49:00,stage,canteen,cultural,medium,evening
151,2026-03-15 17:49:00,canteen,canteen,sports,medium,afternoon
150,2026-03-15 17:49:00,canteen,stage,cultural,low,afternoon
132,2026-03-15 17:49:00,canteen,canteen,sports,high,evening
177,2026-03-15 17:49:00,lab,lab,sports,low,evening
59,2026-03-15 17:49:00,stage,canteen,technical,high,evening
68,2026-03-15 17:49:00,lab,canteen,cultural,low,afternoon
199,2026-03-15 17:49:00,lab,stage,sports,high,afternoon
130,2026-03-15 17:49:00,stage,lab,cultural,high,afternoon
49,2026-03-15 17:49:00,lab,canteen,sports,medium,evening
126,2026-03-15 17:49:00,stage,canteen,technical,low,morning
159,2026-03-15 17:49:00,stage,canteen,technical,low,afternoon
111,2026-03-15 17:49:00,stage,canteen,cultural,low,morning
168,2026-03-15 17:50:00,stage,canteen,cultural,high,morning
48,2026-03-15 17:50:00,lab,canteen,cultural,high,afternoon
51,2026-03-15 17:50:00,lab,lab,cultural,medium,afternoon
43,2026-03-15 17:50:00,lab,lab,cultural,high,afternoon
98,2026-03-15 17:50:00,canteen,lab,sports,low,evening
183,2026-03-15 17:50:00,lab,stage,cultural,high,morning
177,2026-03-15 17:50:00,lab,lab,sports,high,morning
124,2026-03-15 17:50:00,canteen,stage,sports,medium,morning
80,2026-03-15 17:50:00,stage,stage,sports,high,morning
185,2026-03-15 17:50:00,stage,lab,cultural,low,evening
111,2026-03-15 17:50:00,stage,lab,technical,low,afternoon
143,2026-03-15 17:50:00,canteen,lab,technical,low,afternoon
27,2026-03-15 17:50:00,lab,lab,cultural,low,evening
196,2026-03-15 17:50:00,lab,lab,cultural,medium,afternoon
192,2026-03-15 17:51:00,lab,lab,cultural,medium,morning
158,2026-03-15 17:51:00,lab,lab,sports,low,evening
164,2026-03-15 17:51:00,canteen,lab,technical,low,evening
195,2026-03-15 17:51:00,lab,canteen,technical,high,morning
113,2026-03-15 17:51:00,stage,canteen,technical,high,evening
86,2026-03-15 17:51:00,canteen,lab,technical,high,morning
114,2026-03-15 17:51:00,canteen,canteen,sports,high,evening
124,2026-03-15 17:51:00,stage,stage,cultural,high,afternoon
49,2026-03-15 17:51:00,stage,canteen,sports,low,morning
76,2026-03-15 17:51:00,lab,canteen,cultural,high,afternoon
55,2026-03-15 17:51:00,stage,lab,cultural,high,evening
56,2026-03-15 17:51:00,canteen,lab,technical,high,evening
196,2026-03-15 17:52:00,canteen,canteen,technical,medium,evening
95,2026-03-15 17:52:00,canteen,lab,cultural,medium,evening
44,2026-03-15 17:52:00,lab,lab,cultural,medium,evening
159,2026-03-15 17:52:00,lab,canteen,technical,low,afternoon
186,2026-03-15 17:52:00,stage,lab,technical,medium,morning
87,2026-03-15 17:52:00,lab,canteen,technical,high,evening
181,2026-03-15 17:52:00,lab,canteen,technical,high,evening
84,2026-03-15 17:52:00,canteen,stage,technical,high,evening
151,2026-03-15 17:52:00,canteen,lab,sports,low,afternoon
156,2026-03-15 17:52:00,stage,canteen,sports,medium,evening
16,2026-03-15 17:52:00,canteen,lab,sports,medium,evening
165,2026-03-15 17:52:00,lab,lab,technical,high,evening
149,2026-03-15 17:52:00,stage,stage,cultural,high,morning
145,2026-03-15 17:53:00,stage,stage,cultural,medium,morning
37,2026-03-15 17:53:00,canteen,canteen,technical,medium,evening
77,2026-03-15 17:53:00,canteen,stage,sports,high,morning
147,2026-03-15 17:53:00,canteen,lab,cultural,medium,evening
158,2026-03-15 17:53:00,stage,canteen,technical,medium,evening
45,2026-03-15 17:53:00,canteen,lab,sports,low,morning
146,2026-03-15 17:53:00,lab,canteen,sports,high,morning
62,2026-03-15 17:53:00,stage,canteen,sports,medium,evening
164,2026-03-15 17:53:00,canteen,lab,sports,low,morning
100,2026-03-15 17:53:00,lab,lab,sports,low,morning
52,2026-03-15 17:53:00,lab,lab,sports,low,morning
19,2026-03-15 17:53:00,canteen,lab,sports,low,afternoon
109,2026-03-15 17:53:00,lab,stage,sports,low,afternoon
44,2026-03-15 17:53:00,stage,canteen,sports,low,afternoon
7,2026-03-15 17:53:00,stage,lab,sports,low,afternoon
172,2026-03-15 17:53:00,lab,canteen,technical,high,afternoon
117,2026-03-15 17:53:00,stage,canteen,cultural,high,evening
68,2026-03-15 17:53:00,canteen,stage,technical,high,morning
34,2026-03-15 17:54:00,lab,lab,cultural,low,afternoon
194,2026-03-15 17:54:00,stage,canteen,technical,medium,morning
69,2026-03-15 17:54:00,canteen,stage,cultural,low,evening
55,2026-03-15 17:54:00,canteen,lab,cultural,high,morning
10,2026-03-15 17:54:00,stage,canteen,cultural,high,morning
42,2026-03-15 17:54:00,lab,canteen,technical,low,evening
41,2026-03-15 17:54:00,canteen,canteen,cultural,high,evening
197,2026-03-15 17:54:00,canteen,canteen,sports,medium,morning
122,2026-03-15 17:54:00,canteen,canteen,cultural,medium,morning
138,2026-03-15 17:54:00,canteen,canteen,technical,medium,evening
10,2026-03-15 17:54:00,lab,canteen,technical,low,afternoon
102,2026-03-15 17:54:00,stage,lab,sports,high,afternoon
188,2026-03-15 17:54:00,stage,canteen,cultural,high,afternoon
128,2026-03-15 17:54:00,stage,canteen,technical,medium,afternoon
179,2026-03-15 17:54:00,canteen,canteen,cultural,high,morning
149,2026-03-15 17:55:00,lab,lab,sports,low,afternoon
136,2026-03-15 17:55:00,stage,stage,sports,medium,afternoon
193,2026-03-15 17:55:00,lab,stage,technical,low,evening
92,2026-03-15 17:55:00,stage,canteen,cultural,low,evening
113,2026-03-15 17:55:00,canteen,lab,sports,high,evening
78,2026-03-15 17:55:00,stage,canteen,sports,low,evening
85,2026-03-15 17:55:00,canteen,lab,technical,medium,morning
30,2026-03-15 17:55:00,canteen,lab,sports,low,morning
49,2026-03-15 17:55:00,stage,lab,technical,high,morning
9,2026-03-15 17:55:00,lab,stage,sports,low,afternoon
145,2026-03-15 17:55:00,canteen,lab,sports,low,afternoon
69,2026-03-15 17:56:00,lab,stage,technical,high,morning
58,2026-03-15 17:56:00,stage,canteen,technical,high,afternoon
185,2026-03-15 17:56:00,canteen,lab,cultural,high,afternoon
62,2026-03-15 17:56:00,lab,canteen,sports,high,afternoon
52,2026-03-15 17:56:00,canteen,lab,cultural,high,afternoon
189,2026-03-15 17:56:00,stage,stage,cultural,high,afternoon
40,2026-03-15 17:56:00,canteen,canteen,technical,high,evening
166,2026-03-15 17:56:00,stage,canteen,sports,low,morning
171,2026-03-15 17:56:00,lab,lab,technical,low,morning
63,2026-03-15 17:56:00,canteen,stage,sports,low,afternoon
147,2026-03-15 17:56:00,lab,lab,technical,medium,afternoon
50,2026-03-15 17:56:00,stage,lab,sports,high,evening
161,2026-03-15 17:56:00,stage,lab,cultural,low,morning
141,2026-03-15 17:56:00,lab,stage,sports,high,evening
78,2026-03-15 17:56:00,lab,lab,sports,medium,evening
97,2026-03-15 17:57:00,stage,stage,technical,high,morning
190,2026-03-15 17:57:00,lab,lab,sports,low,evening
43,2026-03-15 17:57:00,stage,canteen,sports,medium,evening
177,2026-03-15 17:57:00,lab,canteen,sports,high,morning
36,2026-03-15 17:57:00,stage,canteen,sports,medium,morning
122,2026-03-15 17:57:00,stage,stage,cultural,high,morning
108,2026-03-15 17:57:00,canteen,canteen,technical,medium,evening
10,2026-03-15 17:57:00,stage,canteen,sports,low,afternoon
95,2026-03-15 17:57:00,stage,lab,technical,high,afternoon
6,2026-03-15 17:57:00,canteen,lab,cultural,high,afternoon
57,2026-03-15 17:58:00,canteen,lab,cultural,high,evening
129,2026-03-15 17:58:00,lab,lab,sports,low,evening
71,2026-03-15 17:58:00,lab,canteen,technical,medium,afternoon
186,2026-03-15 17:58:00,stage,lab,technical,low,morning
21,2026-03-15 17:58:00,lab,canteen,technical,medium,morning
92,2026-03-15 17:58:00,lab,lab,cultural,high,evening
127,2026-03-15 17:58:00,stage,canteen,cultural,medium,afternoon
80,2026-03-15 17:58:00,canteen,stage,sports,medium,evening
56,2026-03-15 17:58:00,canteen,canteen,technical,high,evening
116,2026-03-15 17:58:00,stage,stage,technical,high,afternoon
148,2026-03-15 17:58:00,stage,lab,cultural,medium,evening
182,2026-03-15 17:58:00,stage,stage,sports,high,morning
25,2026-03-15 17:58:00,stage,canteen,sports,high,morning
156,2026-03-15 17:59:00,stage,lab,sports,medium,afternoon
5,2026-03-15 17:59:00,stage,canteen,cultural,low,evening
120,2026-03-15 17:59:00,lab,canteen,technical,low,morning
21,2026-03-15 17:59:00,lab,lab,sports,high,afternoon
18,2026-03-15 17:59:00,lab,stage,sports,medium,afternoon
175,2026-03-15 17:59:00,canteen,lab,technical,high,afternoon
198,2026-03-15 17:59:00,stage,canteen,sports,low,evening
57,2026-03-15 17:59:00,stage,canteen,cultural,low,afternoon
93,2026-03-15 17:59:00,lab,lab,sports,medium,evening
19,2026-03-15 17:59:00,canteen,canteen,technical,medium,afternoon
128,2026-03-15 17:59:00,lab,lab,cultural,low,evening
97,2026-03-15 17:59:00,stage,lab,sports,medium,morning
193,2026-03-15 17:59:00,stage,canteen,technical,low,evening
131,2026-03-15 17:59:00,lab,canteen,technical,high,morning
170,2026-03-15 18:00:00,lab,canteen,technical,low,morning
21,2026-03-15 18:00:00,stage,canteen,technical,low,afternoon
40,2026-03-15 18:00:00,lab,canteen,sports,medium,morning
67,2026-03-15 18:00:00,stage,lab,sports,medium,evening
153,2026-03-15 18:00:00,lab,canteen,cultural,medium,morning
127,2026-03-15 18:00:00,canteen,stage,cultural,high,evening
55,2026-03-15 18:00:00,stage,canteen,technical,medium,evening
180,2026-03-15 18:00:00,canteen,stage,technical,high,evening
172,2026-03-15 18:00:00,lab,lab,cultural,medium,afternoon
109,2026-03-15 18:00:00,canteen,canteen,sports,medium,evening
98,2026-03-15 18:00:00,lab,canteen,sports,low,afternoon
184,2026-03-15 18:00:00,canteen,canteen,sports,low,morning
183,2026-03-15 18:00:00,canteen,lab,technical,low,morning
112,2026-03-15 18:00:00,canteen,stage,cultural,high,afternoon
198,2026-03-15 18:00:00,stage,lab,cultural,medium,morning
115,2026-03-15 18:00:00,canteen,canteen,cultural,low,morning
117,2026-03-15 18:00:00,lab,lab,sports,medium,morning
87,2026-03-15 18:00:00,lab,lab,cultural,low,morning
81,2026-03-15 18:00:00,stage,stage,cultural,medium,evening
66,2026-03-15 18:01:00,stage,lab,sports,low,morning
19,2026-03-15 18:01:00,lab,lab,technical,low,evening
135,2026-03-15 18:01:00,canteen,stage,technical,low,morning
118,2026-03-15 18:01:00,lab,stage,sports,low,afternoon
191,2026-03-15 18:01:00,stage,canteen,cultural,low,afternoon
42,2026-03-15 18:01:00,stage,canteen,technical,medium,evening
42,2026-03-15 18:01:00,lab,lab,technical,low,afternoon
59,2026-03-15 18:01:00,canteen,lab,technical,medium,evening
20,2026-03-15 18:01:00,canteen,lab,sports,low,morning
73,2026-03-15 18:01:00,stage,lab,technical,medium,afternoon
17,2026-03-15 18:01:00,lab,lab,cultural,low,evening
27,2026-03-15 18:01:00,lab,canteen,sports,low,evening
175,2026-03-15 18:01:00,stage,lab,sports,low,morning
2,2026-03-15 18:01:00,lab,stage,technical,high,morning
63,2026-03-15 18:01:00,stage,canteen,cultural,medium,afternoon
62,2026-03-15 18:02:00,canteen,lab,sports,medium,evening
100,2026-03-15 18:02:00,canteen,canteen,technical,low,morning
19,2026-03-15 18:02:00,lab,stage,cultural,low,afternoon
17,2026-03-15 18:02:00,canteen,stage,cultural,low,evening
69,2026-03-15 18:02:00,canteen,lab,sports,high,morning
167,2026-03-15 18:02:00,stage,lab,technical,low,afternoon
117,2026-03-15 18:02:00,stage,canteen,cultural,low,afternoon
199,2026-03-15 18:02:00,lab,canteen,sports,medium,morning
81,2026-03-15 18:02:00,stage,canteen,sports,high,morning
39,2026-03-15 18:02:00,lab,canteen,sports,medium,evening
36,2026-03-15 18:02:00,lab,stage,sports,high,evening
168,2026-03-15 18:02:00,stage,canteen,sports,high,morning
173,2026-03-15 18:02:00,canteen,canteen,cultural,medium,afternoon
132,2026-03-15 18:02:00,canteen,stage,sports,medium,morning
153,2026-03-15 18:02:00,canteen,stage,technical,high,evening
197,2026-03-15 18:02:00,canteen,lab,technical,high,evening
158,2026-03-15 18:03:00,lab,lab,cultural,low,morning
196,2026-03-15 18:03:00,canteen,lab,sports,low,evening
29,2026-03-15 18:03:00,lab,lab,sports,medium,afternoon
196,2026-03-15 18:03:00,stage,stage,cultural,high,evening
51,2026-03-15 18:03:00,stage,canteen,sports,medium,afternoon
152,2026-03-15 18:03:00,lab,stage,sports,low,evening
14,2026-03-15 18:03:00,canteen,lab,technical,low,afternoon
69,2026-03-15 18:03:00,lab,lab,sports,low,morning
146,2026-03-15 18:03:00,canteen,lab,cultural,high,afternoon
170,2026-03-15 18:04:00,canteen,lab,technical,medium,morning
57,2026-03-15 18:04:00,lab,lab,cultural,high,evening
12,2026-03-15 18:04:00,lab,lab,cultural,high,afternoon
17,2026-03-15 18:04:00,canteen,canteen,sports,low,afternoon
30,2026-03-15 18:04:00,lab,lab,sports,low,evening
88,2026-03-15 18:04:00,canteen,stage,technical,medium,evening
99,2026-03-15 18:04:00,lab,lab,cultural,high,afternoon
23,2026-03-15 18:04:00,stage,canteen,cultural,medium,morning
129,2026-03-15 18:04:00,canteen,stage,sports,medium,evening
79,2026-03-15 18:04:00,stage,lab,cultural,medium,afternoon
32,2026-03-15 18:04:00,lab,stage,cultural,medium,evening
9,2026-03-15 18:04:00,stage,lab,cultural,low,evening
15,2026-03-15 18:04:00,lab,canteen,cultural,medium,morning
156,2026-03-15 18:05:00,canteen,lab,cultural,low,morning
152,2026-03-15 18:05:00,lab,lab,technical,medium,morning
188,2026-03-15 18:05:00,lab,lab,cultural,low,afternoon
163,2026-03-15 18:05:00,canteen,canteen,cultural,medium,evening
27,2026-03-15 18:05:00,lab,stage,technical,high,morning
109,2026-03-15 18:05:00,canteen,lab,sports,high,afternoon
76,2026-03-15 18:05:00,lab,stage,sports,low,morning
148,2026-03-15 18:05:00,canteen,canteen,technical,low,morning
65,2026-03-15 18:05:00,stage,canteen,technical,medium,evening
177,2026-03-15 18:05:00,lab,canteen,sports,high,afternoon
109,2026-03-15 18:05:00,lab,stage,cultural,medium,evening
129,2026-03-15 18:05:00,lab,stage,cultural,low,morning
10,2026-03-15 18:05:00,canteen,stage,technical,medium,evening
47,2026-03-15 18:05:00,lab,lab,cultural,high,afternoon
123,2026-03-15 18:05:00,canteen,stage,technical,high,morning
59,2026-03-15 18:05:00,lab,lab,sports,high,morning
96,2026-03-15 18:06:00,stage,canteen,cultural,high,morning
190,2026-03-15 18:06:00,lab,stage,sports,high,morning
103,2026-03-15 18:06:00,stage,canteen,cultural,low,afternoon
124,2026-03-15 18:06:00,canteen,stage,cultural,medium,evening
86,2026-03-15 18:06:00,stage,canteen,cultural,medium,afternoon
146,2026-03-15 18:06:00,lab,lab,technical,medium,morning
112,2026-03-15 18:06:00,lab,stage,sports,low,afternoon
174,2026-03-15 18:06:00,canteen,lab,technical,low,morning
160,2026-03-15 18:06:00,lab,canteen,technical,low,morning
27,2026-03-15 18:06:00,lab,stage,sports,low,evening
18,2026-03-15 18:06:00,canteen,stage,sports,medium,morning
167,2026-03-15 18:06:00,canteen,lab,technical,high,afternoon
177,2026-03-15 18:06:00,stage,stage,technical,high,afternoon
82,2026-03-15 18:06:00,canteen,lab,technical,low,evening
172,2026-03-15 18:06:00,lab,canteen,sports,medium,evening
72,2026-03-15 18:06:00,canteen,stage,technical,medium,morning
54,2026-03-15 18:06:00,lab,canteen,sports,low,morning
162,2026-03-15 18:06:00,stage,lab,technical,medium,morning
71,2026-03-15 18:06:00,canteen,lab,sports,high,morning
164,2026-03-15 18:06:00,lab,canteen,technical,low,afternoon
146,2026-03-15 18:06:00,canteen,lab,cultural,medium,morning
38,2026-03-15 18:07:00,canteen,stage,cultural,medium,evening
187,2026-03-15 18:07:00,canteen,lab,sports,medium,afternoon
137,2026-03-15 18:07:00,canteen,lab,sports,low,afternoon
200,2026-03-15 18:07:00,stage,canteen,cultural,high,morning
179,2026-03-15 18:07:00,lab,lab,sports,medium,morning
35,2026-03-15 18:07:00,canteen,canteen,sports,low,afternoon
82,2026-03-15 18:07:00,lab,lab,cultural,low,evening
133,2026-03-15 18:07:00,stage,canteen,technical,medium,morning
142,2026-03-15 18:07:00,lab,canteen,sports,low,afternoon
158,2026-03-15 18:07:00,lab,lab,sports,high,afternoon
4,2026-03-15 18:07:00,stage,canteen,technical,high,morning
167,2026-03-15 18:07:00,canteen,canteen,technical,low,evening
192,2026-03-15 18:07:00,lab,canteen,sports,medium,afternoon
153,2026-03-15 18:07:00,lab,stage,sports,high,afternoon
156,2026-03-15 18:08:00,canteen,canteen,technical,medium,afternoon
194,2026-03-15 18:08:00,canteen,lab,sports,low,morning
150,2026-03-15 18:08:00,lab,canteen,technical,high,afternoon
159,2026-03-15 18:08:00,stage,canteen,technical,medium,afternoon
23,2026-03-15 18:08:00,canteen,stage,sports,low,morning
48,2026-03-15 18:08:00,canteen,canteen,sports,medium,evening
148,2026-03-15 18:08:00,stage,stage,technical,high,afternoon
125,2026-03-15 18:08:00,lab,stage,sports,low,morning
166,2026-03-15 18:08:00,canteen,lab,technical,low,evening
55,2026-03-15 18:08:00,lab,lab,cultural,medium,morning
68,2026-03-15 18:08:00,lab,canteen,cultural,medium,evening
88,2026-03-15 18:09:00,lab,canteen,technical,low,morning
1,2026-03-15 18:09:00,stage,lab,technical,high,evening
135,2026-03-15 18:09:00,lab,stage,sports,high,evening
185,2026-03-15 18:09:00,lab,stage,technical,medium,morning
95,2026-03-15 18:09:00,canteen,lab,technical,medium,afternoon
140,2026-03-15 18:09:00,canteen,stage,sports,medium,evening
106,2026-03-15 18:09:00,stage,lab,sports,high,morning
133,2026-03-15 18:09:00,stage,canteen,cultural,high,afternoon
108,2026-03-15 18:09:00,canteen,canteen,technical,medium,afternoon
178,2026-03-15 18:09:00,canteen,canteen,technical,medium,morning
42,2026-03-15 18:09:00,stage,canteen,cultural,low,morning
102,2026-03-15 18:09:00,lab,stage,technical,low,evening
124,2026-03-15 18:10:00,stage,lab,sports,low,morning
140,2026-03-15 18:10:00,lab,lab,technical,low,afternoon
103,2026-03-15 18:10:00,canteen,stage,sports,medium,morning
146,2026-03-15 18:10:00,canteen,lab,technical,high,afternoon
194,2026-03-15 18:10:00,canteen,stage,cultural,high,afternoon
74,2026-03-15 18:10:00,lab,stage,sports,low,morning
108,2026-03-15 18:10:00,stage,canteen,sports,high,afternoon
122,2026-03-15 18:10:00,lab,lab,cultural,low,afternoon
17,2026-03-15 18:10:00,stage,canteen,sports,medium,evening
196,2026-03-15 18:10:00,stage,canteen,cultural,low,afternoon
71,2026-03-15 18:10:00,stage,canteen,technical,high,evening
62,2026-03-15 18:10:00,canteen,stage,cultural,high,evening
41,2026-03-15 18:10:00,stage,canteen,technical,high,evening
119,2026-03-15 18:10:00,canteen,lab,sports,medium,evening
162,2026-03-15 18:10:00,stage,canteen,sports,low,afternoon
198,2026-03-15 18:10:00,stage,lab,cultural,medium,afternoon
45,2026-03-15 18:10:00,canteen,lab,technical,medium,morning
58,2026-03-15 18:11:00,canteen,lab,cultural,low,evening
179,2026-03-15 18:11:00,lab,lab,sports,high,afternoon
126,2026-03-15 18:11:00,stage,lab,sports,high,evening
162,2026-03-15 18:11:00,canteen,lab,technical,high,evening
44,2026-03-15 18:11:00,lab,lab,technical,high,morning
15,2026-03-15 18:11:00,lab,lab,sports,medium,evening
78,2026-03-15 18:11:00,canteen,stage,sports,low,afternoon
70,2026-03-15 18:11:00,stage,stage,technical,low,afternoon
178,2026-03-15 18:11:00,lab,lab,cultural,low,afternoon
101,2026-03-15 18:11:00,stage,canteen,cultural,medium,afternoon
160,2026-03-15 18:11:00,stage,lab,technical,high,evening
195,2026-03-15 18:11:00,lab,canteen,technical,high,afternoon
3,2026-03-15 18:11:00,canteen,canteen,technical,low,morning
86,2026-03-15 18:11:00,stage,canteen,sports,high,evening
74,2026-03-15 18:11:00,canteen,lab,cultural,medium,afternoon
51,2026-03-15 18:12:00,lab,stage,technical,high,afternoon
67,2026-03-15 18:12:00,stage,lab,cultural,high,morning
76,2026-03-15 18:12:00,canteen,lab,sports,high,evening
93,2026-03-15 18:12:00,canteen,canteen,sports,low,morning
176,2026-03-15 18:12:00,stage,canteen,technical,medium,morning
145,2026-03-15 18:12:00,canteen,stage,technical,low,afternoon
7,2026-03-15 18:12:00,canteen,stage,technical,medium,afternoon
13,2026-03-15 18:12:00,lab,canteen,technical,low,morning
120,2026-03-15 18:12:00,lab,stage,cultural,medium,evening
66,2026-03-15 18:12:00,canteen,stage,technical,medium,evening
4,2026-03-15 18:12:00,canteen,lab,cultural,low,evening
138,2026-03-15 18:13:00,stage,canteen,sports,low,morning
88,2026-03-15 18:13:00,lab,lab,sports,high,evening
17,2026-03-15 18:13:00,stage,canteen,cultural,medium,afternoon
52,2026-03-15 18:13:00,canteen,lab,cultural,medium,morning
134,2026-03-15 18:13:00,stage,lab,technical,medium,morning
69,2026-03-15 18:13:00,canteen,canteen,technical,medium,morning
137,2026-03-15 18:13:00,lab,lab,technical,medium,evening
21,2026-03-15 18:13:00,lab,lab,sports,high,evening
24,2026-03-15 18:13:00,canteen,lab,cultural,high,afternoon
4,2026-03-15 18:13:00,lab,lab,cultural,high,evening
152,2026-03-15 18:13:00,canteen,stage,cultural,medium,evening
187,2026-03-15 18:13:00,stage,canteen,cultural,low,evening
3,2026-03-15 18:13:00,canteen,stage,technical,low,evening
68,2026-03-15 18:13:00,stage,stage,technical,medium,afternoon
101,2026-03-15 18:13:00,canteen,stage,cultural,high,afternoon
168,2026-03-15 18:14:00,lab,lab,technical,low,afternoon
176,2026-03-15 18:14:00,canteen,stage,sports,low,evening
54,2026-03-15 18:14:00,canteen,lab,technical,high,evening
35,2026-03-15 18:14:00,canteen,lab,sports,medium,morning
56,2026-03-15 18:14:00,lab,canteen,sports,medium,morning
108,2026-03-15 18:14:00,canteen,canteen,cultural,medium,evening
40,2026-03-15 18:14:00,lab,canteen,cultural,medium,morning
68,2026-03-15 18:14:00,canteen,lab,technical,medium,afternoon
46,2026-03-15 18:14:00,stage,lab,cultural,low,afternoon
78,2026-03-15 18:14:00,canteen,stage,sports,high,afternoon
141,2026-03-15 18:14:00,stage,lab,sports,low,morning
155,2026-03-15 18:14:00,lab,lab,technical,low,afternoon
6,2026-03-15 18:14:00,lab,stage,sports,low,afternoon
17,2026-03-15 18:14:00,canteen,lab,cultural,high,afternoon
164,2026-03-15 18:14:00,lab,lab,technical,low,evening
99,2026-03-15 18:14:00,canteen,stage,technical,low,evening
81,2026-03-15 18:14:00,lab,lab,technical,medium,afternoon
2,2026-03-15 18:14:00,stage,stage,cultural,high,afternoon
77,2026-03-15 18:14:00,lab,canteen,sports,medium,evening
180,2026-03-15 18:15:00,stage,stage,cultural,medium,evening
66,2026-03-15 18:15:00,canteen,lab,technical,low,morning
52,2026-03-15 18:15:00,canteen,lab,sports,medium,evening
92,2026-03-15 18:15:00,canteen,stage,technical,low,afternoon
171,2026-03-15 18:15:00,stage,canteen,cultural,medium,evening
22,2026-03-15 18:15:00,canteen,stage,technical,high,afternoon
111,2026-03-15 18:15:00,canteen,lab,cultural,high,morning
107,2026-03-15 18:15:00,stage,stage,technical,medium,evening
183,2026-03-15 18:15:00,lab,lab,technical,low,morning
67,2026-03-15 18:15:00,canteen,lab,technical,low,afternoon
188,2026-03-15 18:15:00,lab,lab,cultural,low,afternoon
186,2026-03-15 18:15:00,lab,canteen,cultural,medium,afternoon
140,2026-03-15 18:15:00,canteen,canteen,cultural,low,afternoon
69,2026-03-15 18:15:00,canteen,canteen,cultural,medium,morning
84,2026-03-15 18:15:00,stage,canteen,cultural,high,evening
103,2026-03-15 18:15:00,stage,canteen,sports,low,evening
39,2026-03-15 18:16:00,canteen,lab,technical,medium,afternoon
13,2026-03-15 18:16:00,lab,canteen,cultural,low,afternoon
41,2026-03-15 18:16:00,stage,lab,sports,medium,morning
57,2026-03-15 18:16:00,stage,stage,sports,low,morning
181,2026-03-15 18:16:00,canteen,canteen,technical,high,afternoon
12,2026-03-15 18:16:00,canteen,lab,technical,medium,afternoon
13,2026-03-15 18:16:00,canteen,stage,technical,medium,evening
120,2026-03-15 18:16:00,canteen,lab,cultural,high,evening
97,2026-03-15 18:16:00,stage,lab,technical,high,evening
57,2026-03-15 18:17:00,stage,canteen,technical,low,afternoon
40,2026-03-15 18:17:00,stage,stage,technical,medium,morning
118,2026-03-15 18:17:00,lab,stage,sports,medium,morning
80,2026-03-15 18:17:00,stage,canteen,cultural,low,morning
128,2026-03-15 18:17:00,stage,canteen,technical,low,afternoon
173,2026-03-15 18:17:00,canteen,lab,sports,medium,afternoon
35,2026-03-15 18:17:00,stage,canteen,cultural,high,morning
3,2026-03-15 18:17:00,stage,canteen,technical,low,morning
120,2026-03-15 18:17:00,stage,lab,sports,medium,morning
5,2026-03-15 18:17:00,canteen,lab,cultural,low,afternoon
11,2026-03-15 18:17:00,stage,canteen,technical,high,evening
126,2026-03-15 18:17:00,stage,canteen,technical,medium,evening
71,2026-03-15 18:17:00,lab,stage,sports,medium,afternoon
117,2026-03-15 18:17:00,lab,lab,technical,medium,evening
184,2026-03-15 18:17:00,lab,canteen,sports,high,morning
138,2026-03-15 18:17:00,lab,lab,sports,low,evening
106,2026-03-15 18:18:00,canteen,canteen,sports,high,morning
116,2026-03-15 18:18:00,lab,lab,cultural,high,afternoon
162,2026-03-15 18:18:00,stage,stage,sports,high,afternoon
67,2026-03-15 18:18:00,lab,lab,cultural,medium,morning
200,2026-03-15 18:18:00,canteen,lab,technical,high,morning
31,2026-03-15 18:18:00,lab,canteen,cultural,medium,evening
75,2026-03-15 18:18:00,lab,lab,sports,medium,morning
71,2026-03-15 18:18:00,canteen,lab,technical,low,afternoon
66,2026-03-15 18:18:00,canteen,lab,sports,low,afternoon
70,2026-03-15 18:18:00,canteen,canteen,sports,high,evening
41,2026-03-15 18:18:00,canteen,canteen,technical,medium,morning
191,2026-03-15 18:19:00,canteen,lab,sports,medium,morning
160,2026-03-15 18:19:00,canteen,lab,cultural,low,evening
20,2026-03-15 18:19:00,stage,canteen,technical,medium,afternoon
185,2026-03-15 18:19:00,lab,lab,technical,high,morning
178,2026-03-15 18:19:00,lab,stage,technical,medium,evening
153,2026-03-15 18:19:00,canteen,lab,sports,high,evening
140,2026-03-15 18:19:00,canteen,stage,sports,low,evening
199,2026-03-15 18:19:00,stage,canteen,technical,low,evening
39,2026-03-15 18:19:00,stage,canteen,cultural,medium,morning
145,2026-03-15 18:19:00,canteen,canteen,sports,medium,evening
45,2026-03-15 18:19:00,stage,canteen,sports,low,morning
139,2026-03-15 18:19:00,stage,canteen,sports,high,afternoon
70,2026-03-15 18:19:00,canteen,canteen,cultural,high,evening
125,2026-03-15 18:20:00,canteen,stage,sports,high,evening
151,2026-03-15 18:20:00,canteen,lab,sports,low,afternoon
91,2026-03-15 18:20:00,canteen,canteen,cultural,low,evening
70,2026-03-15 18:20:00,lab,canteen,cultural,low,morning
166,2026-03-15 18:20:00,lab,lab,sports,medium,afternoon
130,2026-03-15 18:20:00,canteen,lab,technical,low,afternoon
84,2026-03-15 18:20:00,stage,canteen,technical,high,morning
89,2026-03-15 18:20:00,canteen,stage,cultural,high,morning
79,2026-03-15 18:20:00,lab,lab,sports,low,afternoon
113,2026-03-15 18:20:00,stage,lab,cultural,low,evening
93,2026-03-15 18:20:00,lab,canteen,cultural,high,morning
72,2026-03-15 18:20:00,canteen,lab,technical,low,morning
165,2026-03-15 18:20:00,lab,canteen,cultural,medium,morning
49,2026-03-15 18:20:00,lab,canteen,cultural,low,afternoon
52,2026-03-15 18:20:00,lab,canteen,sports,high,evening
33,2026-03-15 18:20:00,stage,canteen,sports,high,morning
22,2026-03-15 18:20:00,lab,canteen,cultural,low,afternoon
114,2026-03-15 18:20:00,stage,stage,cultural,high,afternoon
133,2026-03-15 18:21:00,canteen,stage,sports,low,evening
18,2026-03-15 18:21:00,canteen,canteen,technical,high,afternoon
166,2026-03-15 18:21:00,lab,canteen,sports,high,afternoon
118,2026-03-15 18:21:00,stage,canteen,sports,high,morning
117,2026-03-15 18:21:00,canteen,canteen,sports,low,morning
37,2026-03-15 18:21:00,stage,lab,sports,low,morning
64,2026-03-15 18:21:00,stage,canteen,sports,low,afternoon
138,2026-03-15 18:21:00,lab,canteen,technical,medium,evening
79,2026-03-15 18:21:00,lab,stage,sports,medium,evening
170,2026-03-15 18:21:00,stage,canteen,sports,medium,evening
123,2026-03-15 18:22:00,stage,stage,technical,high,afternoon
176,2026-03-15 18:22:00,lab,lab,cultural,high,morning
44,2026-03-15 18:22:00,stage,lab,technical,low,afternoon
82,2026-03-15 18:22:00,lab,stage,sports,high,morning
87,2026-03-15 18:22:00,stage,canteen,cultural,medium,afternoon
16,2026-03-15 18:22:00,lab,stage,technical,medium,afternoon
54,2026-03-15 18:22:00,stage,lab,cultural,low,evening
102,2026-03-15 18:22:00,lab,lab,technical,high,afternoon
163,2026-03-15 18:22:00,stage,stage,technical,high,evening
98,2026-03-15 18:22:00,canteen,canteen,cultural,medium,afternoon
156,2026-03-15 18:22:00,canteen,lab,cultural,low,evening
2,2026-03-15 18:22:00,stage,canteen,cultural,medium,afternoon
94,2026-03-15 18:22:00,canteen,canteen,cultural,high,afternoon
141,2026-03-15 18:22:00,stage,canteen,sports,medium,morning
169,2026-03-15 18:22:00,stage,canteen,technical,medium,morning
59,2026-03-15 18:23:00,canteen,lab,sports,high,morning
69,2026-03-15 18:23:00,stage,lab,technical,high,afternoon
119,2026-03-15 18:23:00,lab,lab,sports,high,morning
92,2026-03-15 18:23:00,stage,canteen,sports,medium,morning
181,2026-03-15 18:23:00,stage,canteen,technical,medium,afternoon
45,2026-03-15 18:23:00,canteen,canteen,sports,medium,afternoon
148,2026-03-15 18:23:00,lab,lab,cultural,low,morning
24,2026-03-15 18:23:00,stage,canteen,cultural,low,morning
189,2026-03-15 18:23:00,stage,canteen,sports,high,afternoon
91,2026-03-15 18:23:00,stage,stage,sports,low,afternoon
94,2026-03-15 18:23:00,stage,canteen,technical,high,evening
58,2026-03-15 18:23:00,stage,lab,technical,medium,evening
155,2026-03-15 18:23:00,stage,canteen,sports,high,afternoon
154,2026-03-15 18:23:00,lab,stage,technical,medium,afternoon
128,2026-03-15 18:23:00,lab,stage,cultural,high,morning
7,2026-03-15 18:24:00,stage,canteen,cultural,low,evening
170,2026-03-15 18:24:00,stage,lab,cultural,medium,morning
47,2026-03-15 18:24:00,canteen,lab,technical,medium,evening
53,2026-03-15 18:24:00,lab,lab,technical,medium,morning
187,2026-03-15 18:24:00,lab,lab,technical,low,evening
38,2026-03-15 18:24:00,stage,canteen,technical,low,afternoon
197,2026-03-15 18:24:00,lab,lab,sports,low,afternoon
53,2026-03-15 18:24:00,lab,canteen,sports,medium,afternoon
143,2026-03-15 18:24:00,canteen,lab,sports,high,morning
154,2026-03-15 18:24:00,canteen,canteen,sports,high,evening
48,2026-03-15 18:24:00,lab,lab,cultural,low,morning
95,2026-03-15 18:24:00,lab,stage,technical,high,afternoon
147,2026-03-15 18:24:00,lab,canteen,cultural,medium,evening
137,2026-03-15 18:24:00,stage,lab,technical,medium,evening
64,2026-03-15 18:25:00,canteen,lab,sports,low,morning
93,2026-03-15 18:25:00,stage,canteen,cultural,low,afternoon
182,2026-03-15 18:25:00,canteen,stage,technical,high,morning
125,2026-03-15 18:25:00,canteen,lab,sports,high,morning
179,2026-03-15 18:25:00,canteen,lab,technical,high,afternoon
39,2026-03-15 18:25:00,lab,canteen,technical,low,afternoon
4,2026-03-15 18:25:00,canteen,lab,sports,low,morning
126,2026-03-15 18:25:00,stage,canteen,cultural,low,evening
3,2026-03-15 18:25:00,canteen,canteen,technical,medium,afternoon
64,2026-03-15 18:25:00,stage,lab,sports,high,afternoon
29,2026-03-15 18:25:00,canteen,stage,technical,low,afternoon
116,2026-03-15 18:25:00,canteen,stage,technical,low,afternoon
11,2026-03-15 18:25:00,lab,stage,technical,low,evening
97,2026-03-15 18:25:00,stage,canteen,cultural,high,evening
102,2026-03-15 18:26:00,canteen,stage,cultural,high,morning
186,2026-03-15 18:26:00,canteen,stage,cultural,medium,morning
155,2026-03-15 18:26:00,stage,stage,cultural,medium,afternoon
21,2026-03-15 18:26:00,canteen,stage,sports,medium,morning
39,2026-03-15 18:26:00,lab,canteen,cultural,medium,evening
102,2026-03-15 18:26:00,stage,stage,technical,low,afternoon
46,2026-03-15 18:26:00,lab,lab,sports,medium,afternoon
66,2026-03-15 18:26:00,stage,canteen,technical,low,afternoon
91,2026-03-15 18:26:00,stage,stage,cultural,low,morning
164,2026-03-15 18:26:00,stage,canteen,technical,high,afternoon
111,2026-03-15 18:26:00,canteen,lab,technical,low,afternoon
82,2026-03-15 18:26:00,stage,lab,technical,high,evening
123,2026-03-15 18:26:00,stage,stage,technical,medium,afternoon
193,2026-03-15 18:26:00,stage,lab,cultural,medium,morning
191,2026-03-15 18:26:00,lab,canteen,technical,high,afternoon
99,2026-03-15 18:26:00,stage,stage,technical,high,morning
35,2026-03-15 18:26:00,canteen,canteen,technical,medium,evening
159,2026-03-15 18:27:00,stage,canteen,technical,low,evening
156,2026-03-15 18:27:00,stage,canteen,cultural,low,afternoon
103,2026-03-15 18:27:00,lab,lab,technical,high,evening
129,2026-03-15 18:27:00,canteen,lab,sports,low,afternoon
25,2026-03-15 18:27:00,canteen,stage,sports,low,evening
43,2026-03-15 18:27:00,canteen,canteen,technical,medium,evening
84,2026-03-15 18:27:00,stage,canteen,technical,high,morning
195,2026-03-15 18:27:00,stage,canteen,cultural,medium,morning
191,2026-03-15 18:27:00,canteen,lab,sports,low,afternoon
51,2026-03-15 18:27:00,canteen,lab,cultural,low,afternoon
130,2026-03-15 18:27:00,lab,lab,technical,medium,morning
126,2026-03-15 18:27:00,canteen,lab,sports,low,evening
192,2026-03-15 18:28:00,stage,canteen,sports,low,afternoon
69,2026-03-15 18:28:00,stage,canteen,cultural,medium,evening
9,2026-03-15 18:28:00,stage,canteen,technical,low,morning
2,2026-03-15 18:28:00,lab,canteen,sports,medium,evening
162,2026-03-15 18:28:00,canteen,lab,cultural,high,evening
188,2026-03-15 18:28:00,stage,canteen,sports,low,afternoon
189,2026-03-15 18:28:00,lab,canteen,technical,low,evening
159,2026-03-15 18:28:00,lab,lab,technical,medium,morning
10,2026-03-15 18:28:00,stage,lab,technical,high,evening
114,2026-03-15 18:28:00,lab,canteen,cultural,low,morning
76,2026-03-15 18:28:00,lab,lab,technical,low,morning
164,2026-03-15 18:28:00,stage,stage,cultural,high,afternoon
85,2026-03-15 18:28:00,lab,canteen,sports,low,morning
49,2026-03-15 18:28:00,stage,stage,technical,medium,morning
70,2026-03-15 18:28:00,stage,stage,cultural,high,afternoon
177,2026-03-15 18:28:00,lab,lab,cultural,high,afternoon
131,2026-03-15 18:28:00,stage,canteen,cultural,low,afternoon
133,2026-03-15 18:29:00,stage,canteen,technical,high,morning
189,2026-03-15 18:29:00,canteen,lab,cultural,high,afternoon
90,2026-03-15 18:29:00,stage,stage,technical,high,morning
26,2026-03-15 18:29:00,canteen,lab,technical,low,morning
72,2026-03-15 18:29:00,canteen,canteen,sports,high,morning
5,2026-03-15 18:29:00,canteen,stage,sports,low,afternoon
15,2026-03-15 18:29:00,canteen,lab,technical,high,morning
123,2026-03-15 18:29:00,lab,lab,sports,medium,morning
144,2026-03-15 18:29:00,lab,canteen,cultural,high,afternoon
1,2026-03-15 18:29:00,stage,lab,technical,high,afternoon
144,2026-03-15 18:29:00,stage,canteen,sports,high,morning
165,2026-03-15 18:29:00,stage,lab,cultural,medium,morning
3,2026-03-15 18:30:00,lab,canteen,technical,high,morning
180,2026-03-15 18:30:00,canteen,stage,cultural,medium,afternoon
47,2026-03-15 18:30:00,lab,canteen,technical,medium,afternoon
95,2026-03-15 18:30:00,lab,stage,sports,medium,evening
13,2026-03-15 18:30:00,stage,canteen,cultural,low,afternoon
120,2026-03-15 18:30:00,stage,canteen,sports,low,morning
55,2026-03-15 18:30:00,stage,canteen,cultural,medium,afternoon
149,2026-03-15 18:30:00,canteen,stage,cultural,low,afternoon
66,2026-03-15 18:30:00,canteen,canteen,cultural,medium,evening
182,2026-03-15 18:30:00,lab,stage,cultural,low,evening
155,2026-03-15 18:30:00,canteen,lab,sports,low,morning
166,2026-03-15 18:30:00,stage,lab,cultural,high,evening
90,2026-03-15 18:30:00,canteen,lab,sports,low,morning
186,2026-03-15 18:31:00,canteen,stage,cultural,low,morning
62,2026-03-15 18:31:00,canteen,canteen,technical,high,morning
102,2026-03-15 18:31:00,canteen,lab,technical,medium,morning
174,2026-03-15 18:31:00,stage,lab,cultural,high,evening
139,2026-03-15 18:31:00,stage,canteen,technical,low,morning
200,2026-03-15 18:31:00,lab,stage,cultural,low,morning
8,2026-03-15 18:31:00,lab,canteen,sports,medium,afternoon
97,2026-03-15 18:31:00,lab,lab,technical,low,morning
117,2026-03-15 18:31:00,canteen,lab,cultural,high,afternoon
199,2026-03-15 18:31:00,canteen,lab,cultural,medium,evening
64,2026-03-15 18:31:00,stage,canteen,sports,high,afternoon
21,2026-03-15 18:32:00,lab,lab,sports,low,evening
200,2026-03-15 18:32:00,stage,stage,cultural,medium,evening
115,2026-03-15 18:32:00,lab,lab,cultural,low,afternoon
191,2026-03-15 18:32:00,lab,lab,cultural,low,evening
85,2026-03-15 18:32:00,lab,lab,cultural,high,evening
192,2026-03-15 18:32:00,canteen,lab,cultural,low,evening
20,2026-03-15 18:32:00,lab,stage,cultural,high,afternoon
8,2026-03-15 18:32:00,lab,stage,sports,low,evening
58,2026-03-15 18:32:00,canteen,stage,technical,high,morning
46,2026-03-15 18:32:00,lab,stage,cultural,high,afternoon
31,2026-03-15 18:32:00,canteen,canteen,cultural,medium,morning
93,2026-03-15 18:32:00,canteen,stage,sports,medium,afternoon
9,2026-03-15 18:32:00,stage,lab,technical,low,morning
15,2026-03-15 18:32:00,canteen,canteen,sports,low,evening
94,2026-03-15 18:32:00,canteen,lab,sports,medium,morning
154,2026-03-15 18:32:00,canteen,lab,cultural,high,morning
138,2026-03-15 18:32:00,lab,canteen,cultural,high,morning
29,2026-03-15 18:32:00,stage,canteen,sports,medium,afternoon
80,2026-03-15 18:32:00,lab,canteen,cultural,medium,evening
36,2026-03-15 18:32:00,canteen,lab,cultural,low,evening
84,2026-03-15 18:32:00,canteen,lab,cultural,high,morning
109,2026-03-15 18:32:00,stage,canteen,technical,medium,morning
118,2026-03-15 18:32:00,stage,lab,technical,high,afternoon
37,2026-03-15 18:33:00,canteen,stage,cultural,high,morning
86,2026-03-15 18:33:00,canteen,lab,sports,medium,morning
71,2026-03-15 18:33:00,lab,canteen,technical,high,morning
151,2026-03-15 18:33:00,canteen,lab,sports,low,afternoon
169,2026-03-15 18:33:00,lab,lab,cultural,medium,morning
93,2026-03-15 18:33:00,stage,lab,sports,high,morning
80,2026-03-15 18:33:00,lab,canteen,sports,medium,morning
102,2026-03-15 18:33:00,canteen,stage,technical,medium,afternoon
156,2026-03-15 18:33:00,lab,lab,sports,high,afternoon
176,2026-03-15 18:33:00,lab,canteen,sports,low,evening
166,2026-03-15 18:33:00,stage,stage,technical,medium,afternoon
159,2026-03-15 18:34:00,lab,lab,cultural,high,evening
14,2026-03-15 18:34:00,canteen,canteen,sports,medium,evening
117,2026-03-15 18:34:00,lab,stage,cultural,medium,morning
73,2026-03-15 18:34:00,lab,lab,cultural,high,evening
91,2026-03-15 18:34:00,lab,canteen,cultural,low,morning
90,2026-03-15 18:34:00,canteen,canteen,technical,high,afternoon
29,2026-03-15 18:34:00,lab,lab,cultural,medium,afternoon
179,2026-03-15 18:34:00,canteen,lab,sports,low,evening
49,2026-03-15 18:34:00,lab,stage,cultural,low,morning
171,2026-03-15 18:34:00,stage,canteen,cultural,low,evening
72,2026-03-15 18:34:00,stage,lab,cultural,low,evening
133,2026-03-15 18:34:00,stage,canteen,sports,medium,afternoon
42,2026-03-15 18:34:00,canteen,canteen,cultural,high,evening
135,2026-03-15 18:35:00,canteen,stage,cultural,high,morning
42,2026-03-15 18:35:00,canteen,lab,cultural,low,afternoon
164,2026-03-15 18:35:00,lab,lab,technical,low,afternoon
105,2026-03-15 18:35:00,canteen,stage,sports,high,evening
27,2026-03-15 18:35:00,canteen,lab,technical,low,evening
58,2026-03-15 18:35:00,canteen,lab,sports,high,evening
46,2026-03-15 18:35:00,canteen,canteen,cultural,high,morning
66,2026-03-15 18:35:00,stage,canteen,sports,low,evening
25,2026-03-15 18:35:00,lab,stage,sports,high,morning
73,2026-03-15 18:35:00,stage,lab,sports,high,evening
117,2026-03-15 18:35:00,lab,lab,sports,high,evening
155,2026-03-15 18:35:00,lab,lab,technical,low,afternoon
129,2026-03-15 18:35:00,stage,canteen,sports,medium,afternoon
87,2026-03-15 18:35:00,canteen,lab,technical,medium,morning
74,2026-03-15 18:35:00,stage,lab,technical,medium,evening
170,2026-03-15 18:36:00,lab,lab,cultural,medium,morning
180,2026-03-15 18:36:00,lab,lab,sports,medium,afternoon
153,2026-03-15 18:36:00,canteen,lab,cultural,low,afternoon
182,2026-03-15 18:36:00,stage,canteen,sports,low,afternoon
125,2026-03-15 18:36:00,lab,lab,technical,medium,afternoon
67,2026-03-15 18:36:00,stage,canteen,technical,medium,morning
6,2026-03-15 18:36:00,canteen,lab,technical,high,evening
125,2026-03-15 18:36:00,canteen,lab,sports,high,morning
58,2026-03-15 18:36:00,lab,stage,sports,high,evening
70,2026-03-15 18:36:00,canteen,canteen,sports,medium,afternoon
53,2026-03-15 18:36:00,lab,canteen,sports,medium,morning
66,2026-03-15 18:36:00,lab,lab,sports,low,evening
58,2026-03-15 18:36:00,canteen,lab,cultural,high,evening
82,2026-03-15 18:36:00,canteen,lab,sports,high,afternoon
87,2026-03-15 18:36:00,stage,canteen,cultural,low,evening
2,2026-03-15 18:37:00,stage,lab,sports,low,evening
150,2026-03-15 18:37:00,lab,lab,sports,low,morning
37,2026-03-15 18:37:00,stage,canteen,sports,high,afternoon
148,2026-03-15 18:37:00,lab,canteen,sports,low,afternoon
103,2026-03-15 18:37:00,canteen,lab,technical,medium,evening
24,2026-03-15 18:37:00,canteen,lab,technical,medium,evening
112,2026-03-15 18:37:00,stage,lab,cultural,medium,afternoon
65,2026-03-15 18:37:00,lab,lab,cultural,low,afternoon
193,2026-03-15 18:37:00,lab,lab,sports,high,afternoon
129,2026-03-15 18:37:00,stage,canteen,sports,high,evening
117,2026-03-15 18:37:00,lab,canteen,sports,low,evening
116,2026-03-15 18:37:00,lab,lab,sports,low,afternoon
105,2026-03-15 18:37:00,canteen,stage,technical,high,afternoon
3,2026-03-15 18:38:00,lab,stage,cultural,medium,evening
46,2026-03-15 18:38:00,lab,canteen,cultural,medium,evening
55,2026-03-15 18:38:00,lab,lab,cultural,high,evening
75,2026-03-15 18:38:00,stage,canteen,technical,low,morning
192,2026-03-15 18:38:00,stage,canteen,sports,medium,afternoon
45,2026-03-15 18:38:00,stage,lab,technical,medium,morning
154,2026-03-15 18:38:00,lab,lab,technical,medium,morning
77,2026-03-15 18:38:00,lab,canteen,cultural,low,evening
193,2026-03-15 18:38:00,stage,canteen,technical,low,afternoon
24,2026-03-15 18:38:00,stage,canteen,cultural,medium,evening
35,2026-03-15 18:38:00,lab,lab,technical,low,evening
24,2026-03-15 18:38:00,lab,canteen,cultural,high,evening
28,2026-03-15 18:38:00,canteen,canteen,cultural,low,evening
16,2026-03-15 18:38:00,stage,canteen,sports,high,afternoon
59,2026-03-15 18:38:00,lab,canteen,cultural,medium,afternoon
182,2026-03-15 18:38:00,stage,canteen,technical,medium,evening
144,2026-03-15 18:39:00,stage,canteen,cultural,high,morning
15,2026-03-15 18:39:00,stage,canteen,technical,medium,evening
11,2026-03-15 18:39:00,canteen,lab,cultural,medium,morning
193,2026-03-15 18:39:00,lab,canteen,sports,medium,morning
79,2026-03-15 18:39:00,lab,lab,sports,low,evening
115,2026-03-15 18:39:00,stage,stage,technical,low,afternoon
68,2026-03-15 18:39:00,lab,canteen,cultural,high,evening
43,2026-03-15 18:39:00,canteen,lab,technical,high,afternoon
69,2026-03-15 18:39:00,stage,canteen,sports,low,morning
141,2026-03-15 18:39:00,canteen,canteen,technical,medium,afternoon
138,2026-03-15 18:39:00,canteen,lab,technical,low,afternoon
75,2026-03-15 18:39:00,lab,lab,cultural,medium,afternoon
103,2026-03-15 18:39:00,lab,lab,sports,high,evening
41,2026-03-15 18:39:00,canteen,lab,sports,high,morning
178,2026-03-15 18:39:00,lab,lab,cultural,high,morning
199,2026-03-15 18:40:00,canteen,lab,cultural,low,afternoon
59,2026-03-15 18:40:00,canteen,lab,cultural,low,morning
39,2026-03-15 18:40:00,stage,stage,sports,medium,afternoon
3,2026-03-15 18:40:00,canteen,canteen,sports,high,afternoon
7,2026-03-15 18:40:00,canteen,lab,cultural,medium,afternoon
49,2026-03-15 18:40:00,lab,lab,technical,medium,afternoon
26,2026-03-15 18:40:00,stage,canteen,sports,low,evening
161,2026-03-15 18:40:00,lab,lab,cultural,low,afternoon
101,2026-03-15 18:40:00,stage,canteen,cultural,medium,morning
176,2026-03-15 18:40:00,lab,lab,technical,medium,evening
79,2026-03-15 18:40:00,canteen,canteen,cultural,medium,morning
2,2026-03-15 18:41:00,stage,canteen,technical,low,evening
127,2026-03-15 18:41:00,stage,lab,technical,medium,afternoon
199,2026-03-15 18:41:00,stage,canteen,sports,low,evening
160,2026-03-15 18:41:00,stage,stage,cultural,high,morning
132,2026-03-15 18:41:00,lab,canteen,sports,high,evening
20,2026-03-15 18:41:00,lab,canteen,sports,medium,evening
117,2026-03-15 18:41:00,stage,lab,sports,low,afternoon
164,2026-03-15 18:41:00,stage,lab,cultural,high,afternoon
32,2026-03-15 18:41:00,stage,stage,cultural,low,evening
28,2026-03-15 18:41:00,lab,lab,cultural,low,afternoon
77,2026-03-15 18:41:00,stage,canteen,sports,high,afternoon
1,2026-03-15 18:41:00,stage,lab,technical,medium,evening
188,2026-03-15 18:41:00,stage,lab,sports,medium,morning
56,2026-03-15 18:41:00,lab,lab,technical,high,afternoon
35,2026-03-15 18:41:00,canteen,canteen,cultural,low,evening
112,2026-03-15 18:41:00,canteen,stage,cultural,medium,evening
30,2026-03-15 18:41:00,lab,canteen,sports,low,evening
54,2026-03-15 18:41:00,canteen,lab,technical,high,morning
36,2026-03-15 18:42:00,stage,canteen,cultural,medium,morning
183,2026-03-15 18:42:00,stage,canteen,cultural,medium,morning
80,2026-03-15 18:42:00,lab,lab,sports,medium,afternoon
58,2026-03-15 18:42:00,lab,canteen,sports,high,evening
83,2026-03-15 18:42:00,canteen,lab,sports,high,evening
65,2026-03-15 18:42:00,canteen,stage,technical,high,morning
69,2026-03-15 18:42:00,stage,canteen,technical,low,afternoon
128,2026-03-15 18:42:00,lab,stage,cultural,low,afternoon
51,2026-03-15 18:42:00,canteen,lab,sports,low,evening
22,2026-03-15 18:42:00,canteen,stage,cultural,medium,morning
107,2026-03-15 18:43:00,stage,lab,technical,medium,evening
109,2026-03-15 18:43:00,stage,canteen,cultural,medium,morning
116,2026-03-15 18:43:00,stage,canteen,cultural,high,morning
101,2026-03-15 18:43:00,stage,lab,sports,high,evening
181,2026-03-15 18:43:00,canteen,lab,cultural,medium,morning
100,2026-03-15 18:43:00,lab,canteen,sports,high,morning
164,2026-03-15 18:43:00,lab,canteen,cultural,low,morning
68,2026-03-15 18:43:00,stage,lab,cultural,low,morning
36,2026-03-15 18:43:00,stage,canteen,technical,high,afternoon
180,2026-03-15 18:43:00,canteen,lab,technical,low,morning
181,2026-03-15 18:43:00,stage,canteen,cultural,low,morning
178,2026-03-15 18:43:00,lab,canteen,cultural,low,morning
169,2026-03-15 18:43:00,stage,canteen,sports,medium,evening
146,2026-03-15 18:43:00,lab,lab,technical,high,afternoon
22,2026-03-15 18:44:00,stage,canteen,technical,high,morning
66,2026-03-15 18:44:00,stage,canteen,cultural,medium,morning
21,2026-03-15 18:44:00,lab,lab,sports,low,evening
100,2026-03-15 18:44:00,canteen,lab,technical,medium,afternoon
128,2026-03-15 18:44:00,canteen,lab,cultural,low,afternoon
44,2026-03-15 18:44:00,stage,canteen,cultural,medium,afternoon
103,2026-03-15 18:44:00,stage,canteen,cultural,low,morning
47,2026-03-15 18:44:00,lab,lab,cultural,medium,afternoon
39,2026-03-15 18:44:00,lab,stage,cultural,medium,evening
29,2026-03-15 18:44:00,stage,stage,technical,low,evening
54,2026-03-15 18:44:00,lab,lab,technical,low,morning
90,2026-03-15 18:44:00,canteen,canteen,sports,high,morning
85,2026-03-15 18:45:00,canteen,canteen,cultural,high,morning
17,2026-03-15 18:45:00,lab,canteen,sports,medium,morning
80,2026-03-15 18:45:00,lab,lab,cultural,medium,evening
188,2026-03-15 18:45:00,lab,canteen,cultural,high,morning
159,2026-03-15 18:45:00,canteen,lab,cultural,high,morning
73,2026-03-15 18:45:00,stage,canteen,sports,low,morning
49,2026-03-15 18:45:00,lab,canteen,cultural,high,morning
101,2026-03-15 18:45:00,lab,canteen,sports,medium,evening
2,2026-03-15 18:45:00,lab,canteen,technical,high,afternoon
176,2026-03-15 18:45:00,stage,canteen,cultural,high,morning
142,2026-03-15 18:46:00,lab,canteen,sports,high,evening
59,2026-03-15 18:46:00,lab,lab,technical,high,afternoon
97,2026-03-15 18:46:00,canteen,canteen,cultural,medium,evening
99,2026-03-15 18:46:00,lab,canteen,technical,high,afternoon
186,2026-03-15 18:46:00,canteen,canteen,cultural,high,evening
103,2026-03-15 18:46:00,stage,lab,sports,medium,morning
186,2026-03-15 18:46:00,lab,canteen,cultural,high,afternoon
179,2026-03-15 18:46:00,lab,canteen,cultural,medium,evening
2,2026-03-15 18:47:00,canteen,lab,sports,high,morning
41,2026-03-15 18:47:00,stage,canteen,sports,high,morning
123,2026-03-15 18:47:00,stage,canteen,sports,high,afternoon
82,2026-03-15 18:47:00,canteen,lab,cultural,low,evening
144,2026-03-15 18:47:00,stage,canteen,technical,high,morning
132,2026-03-15 18:47:00,stage,canteen,sports,medium,evening
140,2026-03-15 18:47:00,stage,stage,technical,low,morning
29,2026-03-15 18:47:00,stage,lab,sports,high,morning
135,2026-03-15 18:47:00,stage,stage,sports,medium,morning
14,2026-03-15 18:47:00,stage,canteen,cultural,high,afternoon
12,2026-03-15 18:47:00,stage,stage,sports,medium,evening
99,2026-03-15 18:47:00,stage,canteen,technical,high,afternoon
133,2026-03-15 18:47:00,lab,stage,cultural,medium,afternoon
81,2026-03-15 18:48:00,canteen,canteen,sports,medium,afternoon
106,2026-03-15 18:48:00,stage,canteen,technical,low,afternoon
32,2026-03-15 18:48:00,canteen,stage,cultural,low,afternoon
74,2026-03-15 18:48:00,stage,canteen,technical,medium,morning
171,2026-03-15 18:48:00,stage,lab,cultural,medium,morning
81,2026-03-15 18:48:00,lab,canteen,cultural,low,morning
69,2026-03-15 18:48:00,canteen,lab,cultural,medium,afternoon
45,2026-03-15 18:48:00,canteen,lab,sports,high,morning
106,2026-03-15 18:48:00,lab,lab,cultural,high,morning
137,2026-03-15 18:48:00,lab,lab,sports,medium,morning
177,2026-03-15 18:48:00,canteen,canteen,sports,medium,afternoon
161,2026-03-15 18:48:00,stage,lab,sports,low,evening
100,2026-03-15 18:48:00,stage,lab,sports,low,evening
146,2026-03-15 18:48:00,canteen,lab,cultural,medium,morning
9,2026-03-15 18:48:00,stage,stage,sports,high,afternoon
62,2026-03-15 18:48:00,lab,lab,technical,low,evening
185,2026-03-15 18:49:00,lab,lab,technical,high,morning
29,2026-03-15 18:49:00,lab,lab,cultural,high,afternoon
125,2026-03-15 18:49:00,canteen,stage,sports,high,evening
114,2026-03-15 18:49:00,canteen,stage,technical,high,evening
153,2026-03-15 18:49:00,canteen,lab,technical,low,afternoon
143,2026-03-15 18:49:00,stage,canteen,sports,medium,evening
134,2026-03-15 18:49:00,canteen,canteen,sports,medium,morning
120,2026-03-15 18:49:00,canteen,lab,cultural,low,morning
170,2026-03-15 18:49:00,lab,stage,technical,high,afternoon
157,2026-03-15 18:49:00,stage,canteen,cultural,medium,afternoon
79,2026-03-15 18:50:00,stage,canteen,technical,medium,morning
93,2026-03-15 18:50:00,lab,canteen,sports,medium,afternoon
4,2026-03-15 18:50:00,stage,canteen,technical,high,evening
82,2026-03-15 18:50:00,canteen,stage,technical,medium,evening
185,2026-03-15 18:50:00,stage,canteen,technical,low,evening
177,2026-03-15 18:50:00,lab,lab,sports,medium,evening
172,2026-03-15 18:50:00,stage,lab,sports,medium,afternoon
75,2026-03-15 18:50:00,lab,canteen,technical,low,evening
14,2026-03-15 18:50:00,canteen,canteen,technical,high,afternoon
131,2026-03-15 18:50:00,canteen,stage,sports,medium,morning
114,2026-03-15 18:50:00,lab,lab,sports,high,evening
62,2026-03-15 18:50:00,canteen,lab,sports,high,afternoon
106,2026-03-15 18:50:00,canteen,canteen,technical,high,morning
64,2026-03-15 18:50:00,stage,canteen,cultural,medium,evening
102,2026-03-15 18:51:00,canteen,lab,cultural,medium,evening
173,2026-03-15 18:51:00,lab,lab,sports,low,evening
106,2026-03-15 18:51:00,canteen,canteen,cultural,high,afternoon
186,2026-03-15 18:51:00,stage,canteen,technical,low,afternoon
20,2026-03-15 18:51:00,lab,lab,cultural,medium,morning
58,2026-03-15 18:51:00,canteen,lab,cultural,medium,evening
112,2026-03-15 18:51:00,canteen,stage,cultural,low,morning
57,2026-03-15 18:51:00,canteen,lab,sports,low,afternoon
196,2026-03-15 18:51:00,lab,canteen,technical,high,evening
119,2026-03-15 18:52:00,stage,canteen,sports,medium,morning
97,2026-03-15 18:52:00,lab,lab,cultural,high,evening
92,2026-03-15 18:52:00,lab,canteen,sports,high,afternoon
52,2026-03-15 18:52:00,stage,canteen,technical,medium,morning
37,2026-03-15 18:52:00,lab,canteen,technical,medium,evening
8,2026-03-15 18:52:00,lab,stage,technical,high,evening
44,2026-03-15 18:52:00,canteen,canteen,technical,low,evening
98,2026-03-15 18:52:00,lab,canteen,cultural,medium,morning
133,2026-03-15 18:52:00,canteen,stage,cultural,high,afternoon
118,2026-03-15 18:53:00,lab,lab,cultural,low,afternoon
69,2026-03-15 18:53:00,canteen,stage,cultural,high,morning
159,2026-03-15 18:53:00,canteen,canteen,cultural,medium,evening
45,2026-03-15 18:53:00,canteen,stage,sports,low,morning
137,2026-03-15 18:53:00,stage,canteen,technical,low,morning
32,2026-03-15 18:53:00,lab,canteen,cultural,low,afternoon
33,2026-03-15 18:53:00,lab,canteen,technical,medium,morning
126,2026-03-15 18:53:00,lab,canteen,technical,medium,evening
67,2026-03-15 18:53:00,stage,stage,cultural,high,afternoon
30,2026-03-15 18:53:00,canteen,lab,cultural,high,afternoon
114,2026-03-15 18:53:00,lab,lab,technical,medium,evening
29,2026-03-15 18:53:00,stage,canteen,technical,high,morning
131,2026-03-15 18:53:00,stage,stage,technical,low,afternoon
185,2026-03-15 18:53:00,lab,lab,sports,medium,morning
30,2026-03-15 18:53:00,canteen,stage,sports,medium,evening
137,2026-03-15 18:53:00,stage,lab,technical,high,afternoon
154,2026-03-15 18:53:00,lab,canteen,sports,medium,evening
130,2026-03-15 18:53:00,canteen,canteen,technical,low,afternoon
62,2026-03-15 18:53:00,stage,canteen,technical,medium,evening
3,2026-03-15 18:53:00,stage,lab,cultural,low,morning
174,2026-03-15 18:54:00,lab,canteen,technical,medium,evening
68,2026-03-15 18:54:00,lab,canteen,cultural,medium,evening
25,2026-03-15 18:54:00,canteen,canteen,cultural,medium,evening
179,2026-03-15 18:54:00,lab,lab,technical,high,evening
141,2026-03-15 18:54:00,lab,lab,sports,high,evening
44,2026-03-15 18:54:00,canteen,stage,technical,low,morning
163,2026-03-15 18:54:00,lab,stage,technical,high,morning
55,2026-03-15 18:54:00,canteen,stage,sports,medium,afternoon
137,2026-03-15 18:54:00,canteen,canteen,cultural,high,evening
130,2026-03-15 18:54:00,canteen,stage,sports,high,morning
189,2026-03-15 18:54:00,lab,lab,technical,low,evening
41,2026-03-15 18:54:00,canteen,stage,technical,medium,evening
172,2026-03-15 18:54:00,lab,canteen,sports,low,afternoon
64,2026-03-15 18:55:00,canteen,lab,sports,high,evening
31,2026-03-15 18:55:00,lab,canteen,sports,medium,morning
47,2026-03-15 18:55:00,canteen,stage,cultural,low,afternoon
130,2026-03-15 18:55:00,stage,stage,sports,low,afternoon
96,2026-03-15 18:55:00,stage,stage,technical,medium,afternoon
77,2026-03-15 18:55:00,stage,lab,sports,low,evening
110,2026-03-15 18:55:00,canteen,lab,technical,low,afternoon
69,2026-03-15 18:55:00,lab,stage,cultural,low,morning
58,2026-03-15 18:55:00,canteen,canteen,cultural,high,morning
106,2026-03-15 18:55:00,canteen,canteen,sports,low,afternoon
44,2026-03-15 18:55:00,canteen,lab,technical,high,afternoon
74,2026-03-15 18:55:00,canteen,canteen,cultural,low,afternoon
56,2026-03-15 18:55:00,lab,canteen,sports,low,evening
171,2026-03-15 18:56:00,canteen,canteen,cultural,low,afternoon
127,2026-03-15 18:56:00,stage,stage,sports,low,afternoon
162,2026-03-15 18:56:00,stage,canteen,technical,medium,evening
30,2026-03-15 18:56:00,stage,lab,sports,high,afternoon
71,2026-03-15 18:56:00,canteen,lab,technical,medium,afternoon
198,2026-03-15 18:56:00,lab,stage,cultural,medium,morning
118,2026-03-15 18:56:00,lab,lab,technical,medium,morning
55,2026-03-15 18:56:00,lab,lab,technical,medium,morning
67,2026-03-15 18:56:00,canteen,lab,cultural,low,evening
141,2026-03-15 18:56:00,lab,canteen,technical,low,morning
3,2026-03-15 18:56:00,stage,canteen,technical,medium,morning
26,2026-03-15 18:56:00,lab,stage,sports,medium,afternoon
57,2026-03-15 18:57:00,canteen,lab,technical,high,evening
126,2026-03-15 18:57:00,canteen,canteen,sports,medium,afternoon
152,2026-03-15 18:57:00,lab,lab,technical,low,afternoon
53,2026-03-15 18:57:00,canteen,lab,cultural,high,evening
198,2026-03-15 18:57:00,lab,canteen,technical,medium,evening
43,2026-03-15 18:57:00,lab,canteen,technical,high,afternoon
188,2026-03-15 18:57:00,stage,stage,technical,medium,afternoon
186,2026-03-15 18:57:00,canteen,canteen,sports,high,afternoon
49,2026-03-15 18:57:00,stage,canteen,cultural,high,evening
42,2026-03-15 18:57:00,canteen,stage,cultural,low,afternoon
194,2026-03-15 18:57:00,lab,lab,technical,high,afternoon
11,2026-03-15 18:57:00,canteen,stage,technical,medium,morning
103,2026-03-15 18:58:00,lab,lab,sports,high,morning
98,2026-03-15 18:58:00,canteen,lab,cultural,medium,morning
146,2026-03-15 18:58:00,stage,lab,technical,medium,morning
85,2026-03-15 18:58:00,stage,lab,technical,low,morning
100,2026-03-15 18:58:00,lab,stage,cultural,high,afternoon
104,2026-03-15 18:58:00,stage,lab,technical,low,afternoon
180,2026-03-15 18:58:00,lab,canteen,technical,medium,evening
46,2026-03-15 18:58:00,lab,lab,cultural,high,evening
44,2026-03-15 18:59:00,lab,lab,sports,high,evening
22,2026-03-15 18:59:00,canteen,lab,technical,medium,afternoon
181,2026-03-15 18:59:00,lab,stage,technical,low,morning
187,2026-03-15 18:59:00,stage,canteen,cultural,low,afternoon
114,2026-03-15 18:59:00,canteen,lab,cultural,high,afternoon
125,2026-03-15 18:59:00,stage,lab,sports,low,evening
124,2026-03-15 18:59:00,lab,stage,sports,high,evening
30,2026-03-15 18:59:00,lab,lab,technical,low,evening
8,2026-03-15 18:59:00,stage,stage,sports,medium,evening
98,2026-03-15 18:59:00,canteen,lab,sports,medium,afternoon
57,2026-03-15 18:59:00,stage,canteen,sports,medium,evening
111,2026-03-15 18:59:00,lab,stage,technical,high,morning
73,2026-03-15 18:59:00,canteen,stage,sports,high,afternoon
115,2026-03-15 18:59:00,lab,lab,sports,medium,morning
20,2026-03-15 18:59:00,lab,canteen,sports,medium,afternoon
25,2026-03-15 18:59:00,stage,stage,cultural,low,afternoon
19,2026-03-15 18:59:00,lab,lab,sports,medium,evening
5,2026-03-15 19:00:00,stage,lab,sports,medium,morning
75,2026-03-15 19:00:00,canteen,lab,cultural,medium,afternoon
128,2026-03-15 19:00:00,lab,stage,cultural,high,morning
72,2026-03-15 19:00:00,lab,stage,technical,high,afternoon
155,2026-03-15 19:00:00,canteen,lab,technical,medium,afternoon
40,2026-03-15 19:00:00,stage,canteen,cultural,low,afternoon
26,2026-03-15 19:00:00,lab,lab,technical,low,morning
27,2026-03-15 19:00:00,canteen,lab,sports,medium,afternoon
190,2026-03-15 19:00:00,lab,canteen,technical,high,morning
83,2026-03-15 19:00:00,stage,stage,sports,medium,morning
128,2026-03-15 19:00:00,stage,lab,sports,low,evening
178,2026-03-15 19:00:00,stage,canteen,sports,high,morning
170,2026-03-15 19:00:00,stage,canteen,cultural,high,afternoon
157,2026-03-15 19:00:00,canteen,lab,technical,high,afternoon
167,2026-03-15 19:00:00,lab,lab,technical,medium,afternoon
188,2026-03-15 19:00:00,canteen,lab,cultural,medium,afternoon
169,2026-03-15 19:00:00,stage,canteen,cultural,medium,morning
33,2026-03-15 19:01:00,stage,lab,technical,low,evening
97,2026-03-15 19:01:00,stage,canteen,cultural,high,morning
111,2026-03-15 19:01:00,stage,canteen,cultural,high,afternoon
16,2026-03-15 19:01:00,lab,lab,sports,low,morning
23,2026-03-15 19:01:00,stage,canteen,sports,low,evening
135,2026-03-15 19:01:00,lab,lab,sports,high,evening
26,2026-03-15 19:01:00,stage,canteen,cultural,high,evening
96,2026-03-15 19:01:00,lab,lab,cultural,low,evening
12,2026-03-15 19:01:00,lab,lab,sports,medium,evening
72,2026-03-15 19:01:00,stage,lab,sports,medium,morning
133,2026-03-15 19:01:00,canteen,lab,technical,medium,evening
106,2026-03-15 19:01:00,canteen,lab,sports,low,evening
117,2026-03-15 19:01:00,canteen,canteen,sports,high,afternoon
197,2026-03-15 19:01:00,canteen,stage,technical,low,evening
177,2026-03-15 19:01:00,canteen,lab,technical,medium,morning
26,2026-03-15 19:01:00,stage,canteen,technical,medium,afternoon
133,2026-03-15 19:01:00,stage,stage,technical,medium,morning
22,2026-03-15 19:02:00,stage,stage,cultural,low,afternoon
13,2026-03-15 19:02:00,stage,canteen,technical,low,evening
156,2026-03-15 19:02:00,stage,lab,technical,medium,morning
161,2026-03-15 19:02:00,stage,canteen,cultural,medium,afternoon
107,2026-03-15 19:02:00,lab,canteen,technical,high,morning
23,2026-03-15 19:03:00,lab,lab,technical,low,afternoon
97,2026-03-15 19:03:00,stage,canteen,technical,high,evening
18,2026-03-15 19:03:00,stage,lab,cultural,medium,morning
117,2026-03-15 19:03:00,lab,canteen,sports,medium,morning
30,2026-03-15 19:03:00,lab,lab,technical,medium,morning
26,2026-03-15 19:03:00,stage,canteen,technical,high,evening
144,2026-03-15 19:03:00,lab,canteen,technical,low,evening
39,2026-03-15 19:03:00,canteen,lab,technical,low,afternoon
161,2026-03-15 19:03:00,canteen,stage,cultural,high,morning
154,2026-03-15 19:03:00,canteen,lab,sports,low,afternoon
176,2026-03-15 19:03:00,lab,lab,technical,high,afternoon
193,2026-03-15 19:04:00,stage,canteen,technical,high,evening
166,2026-03-15 19:04:00,stage,canteen,cultural,low,morning
130,2026-03-15 19:04:00,stage,stage,sports,low,evening
113,2026-03-15 19:04:00,lab,canteen,sports,high,morning
134,2026-03-15 19:04:00,lab,lab,sports,low,afternoon
46,2026-03-15 19:04:00,canteen,stage,technical,low,evening
50,2026-03-15 19:04:00,lab,lab,technical,high,evening
166,2026-03-15 19:04:00,canteen,canteen,technical,medium,morning
106,2026-03-15 19:04:00,canteen,lab,cultural,high,afternoon
146,2026-03-15 19:04:00,stage,canteen,cultural,low,evening
155,2026-03-15 19:04:00,lab,canteen,cultural,medium,afternoon
169,2026-03-15 19:04:00,stage,lab,technical,low,evening
72,2026-03-15 19:04:00,stage,canteen,technical,high,evening
74,2026-03-15 19:04:00,lab,lab,technical,high,evening
17,2026-03-15 19:04:00,lab,lab,sports,high,afternoon
190,2026-03-15 19:05:00,canteen,lab,cultural,medium,afternoon
157,2026-03-15 19:05:00,canteen,lab,cultural,low,afternoon
186,2026-03-15 19:05:00,canteen,canteen,sports,medium,afternoon
70,2026-03-15 19:05:00,canteen,stage,sports,high,afternoon
150,2026-03-15 19:05:00,stage,lab,sports,low,afternoon
6,2026-03-15 19:05:00,stage,lab,technical,high,afternoon
26,2026-03-15 19:05:00,lab,stage,sports,low,morning
167,2026-03-15 19:05:00,canteen,canteen,technical,medium,afternoon
140,2026-03-15 19:05:00,canteen,lab,technical,medium,afternoon
99,2026-03-15 19:05:00,canteen,lab,cultural,medium,morning
142,2026-03-15 19:05:00,stage,lab,sports,medium,morning
22,2026-03-15 19:05:00,lab,lab,technical,low,afternoon
51,2026-03-15 19:05:00,stage,canteen,technical,low,afternoon
151,2026-03-15 19:05:00,lab,lab,sports,medium,afternoon
176,2026-03-15 19:05:00,lab,lab,technical,medium,morning
199,2026-03-15 19:05:00,stage,canteen,technical,low,evening
104,2026-03-15 19:05:00,stage,canteen,technical,high,evening
178,2026-03-15 19:05:00,lab,canteen,sports,medium,evening
89,2026-03-15 19:05:00,stage,canteen,technical,low,evening
141,2026-03-15 19:05:00,stage,canteen,cultural,medium,evening
138,2026-03-15 19:06:00,lab,stage,sports,low,afternoon
183,2026-03-15 19:06:00,lab,stage,cultural,medium,evening
9,2026-03-15 19:06:00,canteen,canteen,cultural,medium,afternoon
79,2026-03-15 19:06:00,stage,canteen,cultural,high,morning
52,2026-03-15 19:06:00,lab,lab,technical,high,morning
130,2026-03-15 19:06:00,stage,stage,technical,high,evening
153,2026-03-15 19:06:00,stage,lab,cultural,high,morning
13,2026-03-15 19:06:00,lab,lab,cultural,medium,afternoon
51,2026-03-15 19:06:00,canteen,lab,sports,medium,evening
186,2026-03-15 19:06:00,lab,lab,cultural,high,evening
34,2026-03-15 19:06:00,lab,stage,technical,high,afternoon
35,2026-03-15 19:06:00,stage,canteen,cultural,medium,afternoon
131,2026-03-15 19:06:00,canteen,stage,cultural,low,afternoon
120,2026-03-15 19:06:00,lab,lab,sports,high,evening
187,2026-03-15 19:06:00,stage,canteen,cultural,low,morning
70,2026-03-15 19:06:00,lab,lab,sports,medium,morning
176,2026-03-15 19:06:00,stage,lab,sports,low,morning
192,2026-03-15 19:07:00,lab,lab,cultural,high,morning
147,2026-03-15 19:07:00,canteen,lab,cultural,high,evening
67,2026-03-15 19:07:00,lab,lab,technical,high,afternoon
103,2026-03-15 19:07:00,stage,canteen,technical,high,morning
73,2026-03-15 19:07:00,lab,lab,sports,high,evening
116,2026-03-15 19:07:00,canteen,stage,sports,medium,evening
133,2026-03-15 19:07:00,canteen,lab,technical,low,morning
67,2026-03-15 19:08:00,canteen,canteen,sports,medium,afternoon
139,2026-03-15 19:08:00,canteen,stage,technical,medium,afternoon
121,2026-03-15 19:08:00,stage,lab,sports,medium,evening
94,2026-03-15 19:08:00,lab,canteen,technical,low,afternoon
196,2026-03-15 19:08:00,canteen,lab,technical,low,evening
197,2026-03-15 19:08:00,lab,lab,sports,medium,afternoon
129,2026-03-15 19:08:00,stage,lab,sports,low,morning
91,2026-03-15 19:08:00,lab,stage,sports,medium,afternoon
92,2026-03-15 19:08:00,lab,canteen,cultural,medium,morning
63,2026-03-15 19:08:00,canteen,lab,cultural,high,morning
29,2026-03-15 19:09:00,canteen,lab,sports,low,evening
12,2026-03-15 19:09:00,stage,canteen,sports,high,morning
77,2026-03-15 19:09:00,lab,canteen,sports,medium,evening
41,2026-03-15 19:09:00,stage,canteen,sports,medium,morning
130,2026-03-15 19:09:00,stage,lab,technical,medium,morning
37,2026-03-15 19:09:00,stage,canteen,cultural,high,morning
173,2026-03-15 19:09:00,canteen,stage,sports,high,afternoon
176,2026-03-15 19:09:00,canteen,lab,cultural,medium,afternoon
24,2026-03-15 19:09:00,lab,canteen,cultural,high,morning
99,2026-03-15 19:09:00,lab,lab,technical,medium,evening
150,2026-03-15 19:09:00,lab,stage,sports,medium,morning
100,2026-03-15 19:09:00,canteen,stage,cultural,high,evening
139,2026-03-15 19:09:00,canteen,canteen,technical,low,morning
58,2026-03-15 19:09:00,stage,canteen,sports,medium,morning
174,2026-03-15 19:09:00,canteen,stage,sports,medium,evening
29,2026-03-15 19:10:00,stage,canteen,cultural,high,evening
163,2026-03-15 19:10:00,stage,canteen,technical,high,afternoon
143,2026-03-15 19:10:00,canteen,lab,technical,high,evening
60,2026-03-15 19:10:00,stage,stage,technical,medium,morning
95,2026-03-15 19:10:00,stage,lab,technical,low,evening
42,2026-03-15 19:10:00,lab,lab,sports,low,afternoon
43,2026-03-15 19:10:00,stage,canteen,cultural,low,morning
74,2026-03-15 19:10:00,canteen,stage,cultural,medium,morning
177,2026-03-15 19:10:00,canteen,canteen,technical,high,morning
192,2026-03-15 19:10:00,stage,canteen,technical,low,evening
160,2026-03-15 19:10:00,lab,canteen,technical,low,morning
64,2026-03-15 19:10:00,canteen,stage,cultural,low,morning
2,2026-03-15 19:11:00,canteen,lab,sports,medium,evening
152,2026-03-15 19:11:00,lab,lab,sports,high,morning
66,2026-03-15 19:11:00,stage,stage,technical,high,evening
166,2026-03-15 19:11:00,canteen,canteen,sports,high,evening
31,2026-03-15 19:11:00,stage,lab,sports,high,afternoon
115,2026-03-15 19:11:00,stage,stage,cultural,low,morning
26,2026-03-15 19:11:00,stage,lab,technical,high,evening
29,2026-03-15 19:11:00,stage,canteen,sports,low,afternoon
195,2026-03-15 19:11:00,canteen,lab,technical,medium,evening
78,2026-03-15 19:11:00,lab,stage,technical,medium,morning
25,2026-03-15 19:11:00,canteen,lab,sports,medium,afternoon
48,2026-03-15 19:11:00,lab,lab,cultural,high,evening
65,2026-03-15 19:12:00,stage,canteen,sports,high,afternoon
181,2026-03-15 19:12:00,lab,canteen,cultural,low,morning
67,2026-03-15 19:12:00,stage,stage,sports,high,evening
90,2026-03-15 19:12:00,canteen,lab,technical,medium,morning
146,2026-03-15 19:12:00,canteen,lab,cultural,high,evening
137,2026-03-15 19:12:00,lab,stage,cultural,low,afternoon
38,2026-03-15 19:12:00,stage,stage,technical,medium,morning
87,2026-03-15 19:12:00,stage,stage,sports,medium,afternoon
149,2026-03-15 19:12:00,lab,lab,cultural,low,evening
65,2026-03-15 19:12:00,stage,canteen,sports,medium,evening
149,2026-03-15 19:12:00,stage,canteen,sports,low,morning
27,2026-03-15 19:12:00,stage,canteen,sports,low,morning
106,2026-03-15 19:12:00,canteen,canteen,technical,high,evening
123,2026-03-15 19:12:00,canteen,canteen,sports,medium,afternoon
198,2026-03-15 19:12:00,canteen,stage,technical,high,evening
44,2026-03-15 19:12:00,stage,canteen,cultural,high,afternoon
100,2026-03-15 19:12:00,canteen,stage,sports,low,morning
28,2026-03-15 19:13:00,stage,lab,cultural,low,afternoon
173,2026-03-15 19:13:00,stage,canteen,sports,high,evening
17,2026-03-15 19:13:00,lab,lab,cultural,low,afternoon
127,2026-03-15 19:13:00,stage,canteen,technical,medium,morning
123,2026-03-15 19:13:00,canteen,lab,cultural,medium,afternoon
168,2026-03-15 19:13:00,canteen,lab,cultural,high,evening
131,2026-03-15 19:13:00,stage,canteen,sports,medium,evening
76,2026-03-15 19:13:00,canteen,stage,sports,high,afternoon
194,2026-03-15 19:13:00,stage,canteen,sports,medium,evening
46,2026-03-15 19:13:00,lab,lab,sports,low,morning
158,2026-03-15 19:13:00,stage,canteen,technical,medium,afternoon
69,2026-03-15 19:13:00,stage,canteen,cultural,low,afternoon
137,2026-03-15 19:14:00,lab,lab,cultural,high,afternoon
85,2026-03-15 19:14:00,canteen,lab,technical,medium,evening
11,2026-03-15 19:14:00,lab,lab,cultural,low,afternoon
69,2026-03-15 19:14:00,lab,canteen,sports,low,afternoon
99,2026-03-15 19:14:00,stage,canteen,sports,high,afternoon
91,2026-03-15 19:14:00,stage,canteen,sports,high,afternoon
194,2026-03-15 19:14:00,lab,lab,cultural,medium,morning
159,2026-03-15 19:14:00,canteen,lab,technical,medium,evening
161,2026-03-15 19:14:00,lab,lab,technical,medium,morning
167,2026-03-15 19:14:00,canteen,canteen,cultural,low,afternoon
94,2026-03-15 19:14:00,lab,lab,technical,high,evening
174,2026-03-15 19:14:00,lab,lab,technical,medium,afternoon
165,2026-03-15 19:14:00,canteen,lab,sports,medium,morning
115,2026-03-15 19:14:00,lab,lab,cultural,low,afternoon
188,2026-03-15 19:15:00,stage,lab,technical,medium,morning
31,2026-03-15 19:15:00,lab,lab,cultural,low,morning
11,2026-03-15 19:15:00,stage,canteen,sports,low,evening
87,2026-03-15 19:15:00,canteen,lab,sports,high,afternoon
121,2026-03-15 19:15:00,canteen,stage,technical,low,afternoon
130,2026-03-15 19:15:00,stage,lab,cultural,high,afternoon
105,2026-03-15 19:15:00,lab,lab,cultural,low,evening
27,2026-03-15 19:15:00,stage,canteen,sports,high,morning
2,2026-03-15 19:15:00,stage,canteen,sports,low,evening
103,2026-03-15 19:16:00,canteen,lab,sports,medium,evening
101,2026-03-15 19:16:00,stage,lab,technical,high,morning
21,2026-03-15 19:16:00,lab,lab,cultural,high,afternoon
58,2026-03-15 19:16:00,stage,canteen,technical,low,morning
133,2026-03-15 19:16:00,canteen,lab,cultural,medium,morning
180,2026-03-15 19:16:00,lab,canteen,sports,medium,morning
173,2026-03-15 19:16:00,canteen,stage,technical,high,afternoon
85,2026-03-15 19:16:00,stage,canteen,technical,medium,morning
93,2026-03-15 19:17:00,stage,canteen,technical,medium,evening
20,2026-03-15 19:17:00,canteen,stage,sports,low,morning
61,2026-03-15 19:17:00,canteen,lab,technical,medium,morning
38,2026-03-15 19:17:00,lab,canteen,technical,medium,evening
148,2026-03-15 19:17:00,canteen,lab,sports,medium,afternoon
25,2026-03-15 19:17:00,canteen,stage,cultural,medium,evening
130,2026-03-15 19:17:00,stage,canteen,technical,low,afternoon
121,2026-03-15 19:17:00,stage,canteen,sports,low,afternoon
160,2026-03-15 19:17:00,canteen,lab,technical,medium,afternoon
26,2026-03-15 19:17:00,canteen,lab,technical,low,afternoon
198,2026-03-15 19:17:00,stage,lab,cultural,high,evening
169,2026-03-15 19:17:00,lab,lab,sports,low,afternoon
67,2026-03-15 19:17:00,lab,lab,cultural,low,evening
1,2026-03-15 19:17:00,lab,canteen,cultural,low,morning
51,2026-03-15 19:17:00,lab,lab,sports,high,evening
5,2026-03-15 19:17:00,stage,canteen,cultural,high,morning
13,2026-03-15 19:17:00,canteen,canteen,technical,high,evening
147,2026-03-15 19:18:00,lab,lab,sports,low,morning
140,2026-03-15 19:18:00,stage,lab,sports,high,evening
48,2026-03-15 19:18:00,canteen,lab,technical,high,evening
153,2026-03-15 19:18:00,lab,lab,technical,low,evening
57,2026-03-15 19:18:00,canteen,canteen,technical,medium,evening
115,2026-03-15 19:18:00,lab,canteen,cultural,low,morning
35,2026-03-15 19:18:00,canteen,stage,cultural,low,afternoon
76,2026-03-15 19:18:00,lab,canteen,cultural,low,evening
94,2026-03-15 19:18:00,lab,lab,cultural,medium,morning
5,2026-03-15 19:18:00,canteen,canteen,cultural,low,evening
22,2026-03-15 19:18:00,canteen,lab,cultural,low,afternoon
103,2026-03-15 19:18:00,canteen,lab,sports,medium,morning
185,2026-03-15 19:18:00,stage,lab,sports,low,morning
175,2026-03-15 19:18:00,stage,canteen,sports,low,morning
182,2026-03-15 19:18:00,canteen,canteen,sports,low,evening
131,2026-03-15 19:18:00,stage,canteen,sports,medium,evening
124,2026-03-15 19:18:00,lab,canteen,sports,low,afternoon
53,2026-03-15 19:19:00,canteen,lab,cultural,medium,afternoon
159,2026-03-15 19:19:00,stage,lab,sports,medium,evening
69,2026-03-15 19:19:00,canteen,canteen,technical,high,evening
104,2026-03-15 19:19:00,lab,lab,sports,low,morning
161,2026-03-15 19:19:00,lab,canteen,technical,low,evening
200,2026-03-15 19:19:00,stage,lab,technical,high,morning
178,2026-03-15 19:19:00,lab,canteen,sports,high,afternoon
16,2026-03-15 19:19:00,canteen,lab,cultural,low,evening
116,2026-03-15 19:19:00,stage,canteen,cultural,low,afternoon
76,2026-03-15 19:19:00,canteen,stage,technical,high,evening
109,2026-03-15 19:19:00,canteen,canteen,cultural,low,evening
39,2026-03-15 19:19:00,canteen,canteen,technical,low,morning
89,2026-03-15 19:19:00,lab,lab,cultural,low,evening
174,2026-03-15 19:19:00,canteen,stage,cultural,high,afternoon
112,2026-03-15 19:19:00,lab,lab,cultural,high,evening
47,2026-03-15 19:19:00,canteen,lab,cultural,medium,afternoon
172,2026-03-15 19:19:00,lab,lab,sports,medium,evening
137,2026-03-15 19:19:00,lab,lab,sports,low,afternoon
128,2026-03-15 19:19:00,lab,stage,sports,low,afternoon
178,2026-03-15 19:20:00,canteen,lab,technical,medium,afternoon
77,2026-03-15 19:20:00,canteen,lab,sports,medium,evening
188,2026-03-15 19:20:00,lab,lab,sports,medium,morning
15,2026-03-15 19:20:00,canteen,lab,sports,low,afternoon
36,2026-03-15 19:20:00,lab,lab,cultural,low,afternoon
63,2026-03-15 19:20:00,canteen,canteen,cultural,medium,morning
69,2026-03-15 19:20:00,lab,lab,cultural,high,afternoon
169,2026-03-15 19:20:00,lab,lab,cultural,medium,afternoon
74,2026-03-15 19:20:00,stage,stage,cultural,high,evening
24,2026-03-15 19:20:00,canteen,lab,sports,high,morning
49,2026-03-15 19:20:00,canteen,stage,sports,low,afternoon
146,2026-03-15 19:20:00,stage,canteen,cultural,high,evening
7,2026-03-15 19:20:00,lab,lab,cultural,high,evening
4,2026-03-15 19:20:00,lab,lab,sports,medium,evening
90,2026-03-15 19:21:00,stage,lab,sports,medium,evening
197,2026-03-15 19:21:00,stage,lab,cultural,high,morning
60,2026-03-15 19:21:00,lab,canteen,technical,medium,morning
55,2026-03-15 19:21:00,canteen,lab,cultural,medium,evening
16,2026-03-15 19:21:00,stage,canteen,sports,medium,morning
29,2026-03-15 19:21:00,stage,canteen,technical,medium,evening
151,2026-03-15 19:21:00,stage,canteen,cultural,high,afternoon
14,2026-03-15 19:21:00,stage,canteen,sports,high,afternoon
79,2026-03-15 19:21:00,stage,canteen,sports,high,evening
177,2026-03-15 19:21:00,stage,lab,sports,high,afternoon
33,2026-03-15 19:21:00,lab,lab,cultural,high,evening
153,2026-03-15 19:21:00,lab,stage,cultural,low,afternoon
21,2026-03-15 19:21:00,stage,canteen,technical,medium,afternoon
145,2026-03-15 19:21:00,lab,canteen,sports,low,morning
23,2026-03-15 19:21:00,canteen,canteen,sports,high,evening
57,2026-03-15 19:22:00,canteen,lab,technical,medium,morning
186,2026-03-15 19:22:00,stage,canteen,cultural,high,evening
142,2026-03-15 19:22:00,canteen,lab,sports,low,afternoon
93,2026-03-15 19:22:00,canteen,lab,technical,high,evening
20,2026-03-15 19:22:00,lab,lab,sports,medium,evening
158,2026-03-15 19:22:00,lab,lab,cultural,high,evening
19,2026-03-15 19:22:00,lab,stage,cultural,high,evening
181,2026-03-15 19:22:00,lab,stage,technical,medium,afternoon
103,2026-03-15 19:22:00,canteen,stage,technical,low,afternoon
184,2026-03-15 19:22:00,stage,canteen,sports,low,morning
77,2026-03-15 19:22:00,lab,canteen,cultural,medium,evening
151,2026-03-15 19:22:00,canteen,lab,cultural,medium,morning
190,2026-03-15 19:22:00,lab,canteen,technical,low,afternoon
33,2026-03-15 19:22:00,canteen,lab,technical,medium,afternoon
18,2026-03-15 19:22:00,lab,canteen,sports,low,evening
73,2026-03-15 19:22:00,stage,canteen,cultural,high,evening
161,2026-03-15 19:22:00,lab,canteen,sports,low,morning
160,2026-03-15 19:23:00,stage,canteen,sports,medium,afternoon
189,2026-03-15 19:23:00,lab,canteen,technical,high,morning
182,2026-03-15 19:23:00,lab,canteen,cultural,medium,afternoon
17,2026-03-15 19:23:00,lab,lab,technical,low,afternoon
19,2026-03-15 19:23:00,canteen,lab,sports,high,morning
70,2026-03-15 19:23:00,canteen,stage,sports,low,afternoon
120,2026-03-15 19:23:00,stage,lab,cultural,high,afternoon
101,2026-03-15 19:23:00,stage,canteen,cultural,medium,morning
34,2026-03-15 19:24:00,canteen,lab,cultural,low,afternoon
84,2026-03-15 19:24:00,stage,canteen,cultural,high,morning
153,2026-03-15 19:24:00,stage,canteen,technical,high,evening
196,2026-03-15 19:24:00,canteen,stage,technical,high,afternoon
74,2026-03-15 19:24:00,canteen,lab,technical,low,morning
88,2026-03-15 19:24:00,canteen,canteen,technical,medium,afternoon
85,2026-03-15 19:24:00,canteen,lab,sports,medium,afternoon
11,2026-03-15 19:24:00,lab,canteen,technical,high,morning
91,2026-03-15 19:24:00,canteen,stage,technical,medium,evening
144,2026-03-15 19:25:00,stage,canteen,cultural,low,morning
189,2026-03-15 19:25:00,lab,stage,sports,medium,afternoon
127,2026-03-15 19:25:00,lab,lab,technical,medium,evening
113,2026-03-15 19:25:00,stage,lab,sports,low,evening
80,2026-03-15 19:25:00,lab,lab,sports,low,afternoon
7,2026-03-15 19:25:00,stage,canteen,sports,medium,morning
16,2026-03-15 19:25:00,lab,lab,sports,medium,morning
16,2026-03-15 19:25:00,lab,lab,cultural,medium,afternoon
168,2026-03-15 19:25:00,stage,canteen,cultural,high,morning
12,2026-03-15 19:25:00,stage,lab,sports,low,morning
35,2026-03-15 19:25:00,stage,canteen,sports,high,morning
21,2026-03-15 19:25:00,stage,lab,sports,high,evening
178,2026-03-15 19:25:00,canteen,lab,cultural,high,evening
171,2026-03-15 19:25:00,canteen,lab,cultural,high,morning
17,2026-03-15 19:25:00,stage,canteen,sports,medium,afternoon
32,2026-03-15 19:25:00,canteen,stage,sports,low,afternoon
41,2026-03-15 19:25:00,stage,canteen,sports,medium,afternoon
134,2026-03-15 19:25:00,stage,canteen,sports,low,afternoon
27,2026-03-15 19:25:00,lab,lab,cultural,high,morning
148,2026-03-15 19:26:00,stage,stage,technical,low,morning
153,2026-03-15 19:26:00,stage,canteen,technical,low,afternoon
66,2026-03-15 19:26:00,stage,canteen,cultural,low,morning
137,2026-03-15 19:26:00,stage,lab,cultural,low,afternoon
92,2026-03-15 19:26:00,lab,stage,technical,medium,afternoon
181,2026-03-15 19:26:00,stage,canteen,technical,high,evening
61,2026-03-15 19:26:00,lab,canteen,technical,medium,afternoon
166,2026-03-15 19:26:00,stage,canteen,sports,high,evening
3,2026-03-15 19:26:00,lab,lab,technical,medium,afternoon
198,2026-03-15 19:26:00,canteen,stage,technical,medium,morning
103,2026-03-15 19:26:00,lab,stage,sports,medium,evening
55,2026-03-15 19:27:00,lab,stage,sports,low,morning
1,2026-03-15 19:27:00,stage,canteen,cultural,low,afternoon
101,2026-03-15 19:27:00,lab,lab,sports,low,evening
198,2026-03-15 19:27:00,lab,canteen,technical,low,afternoon
45,2026-03-15 19:27:00,stage,canteen,sports,medium,afternoon
175,2026-03-15 19:27:00,canteen,stage,cultural,medium,morning
26,2026-03-15 19:27:00,canteen,lab,technical,high,evening
121,2026-03-15 19:27:00,canteen,lab,cultural,low,morning
142,2026-03-15 19:28:00,lab,lab,cultural,low,morning
182,2026-03-15 19:28:00,stage,lab,cultural,low,evening
199,2026-03-15 19:28:00,canteen,canteen,sports,low,morning
46,2026-03-15 19:28:00,canteen,canteen,sports,low,afternoon
122,2026-03-15 19:28:00,canteen,lab,cultural,low,evening
31,2026-03-15 19:28:00,canteen,stage,cultural,medium,evening
59,2026-03-15 19:29:00,stage,canteen,cultural,low,evening
29,2026-03-15 19:29:00,canteen,stage,cultural,low,evening
106,2026-03-15 19:29:00,lab,canteen,sports,medium,evening
17,2026-03-15 19:29:00,lab,lab,sports,high,evening
142,2026-03-15 19:29:00,stage,canteen,cultural,medium,afternoon
164,2026-03-15 19:29:00,canteen,stage,sports,low,evening
186,2026-03-15 19:29:00,canteen,lab,technical,medium,morning
24,2026-03-15 19:29:00,lab,stage,sports,low,morning
109,2026-03-15 19:29:00,stage,lab,cultural,medium,morning
191,2026-03-15 19:29:00,lab,canteen,sports,high,evening
91,2026-03-15 19:29:00,stage,canteen,technical,low,morning
25,2026-03-15 19:29:00,stage,canteen,technical,medium,afternoon
187,2026-03-15 19:29:00,stage,stage,sports,medium,morning
32,2026-03-15 19:29:00,lab,canteen,technical,medium,evening
116,2026-03-15 19:30:00,stage,canteen,technical,low,afternoon
82,2026-03-15 19:30:00,lab,lab,sports,medium,afternoon
110,2026-03-15 19:30:00,lab,lab,sports,low,afternoon
146,2026-03-15 19:30:00,canteen,stage,sports,low,morning
37,2026-03-15 19:30:00,lab,canteen,cultural,high,morning
26,2026-03-15 19:30:00,lab,canteen,cultural,high,evening
137,2026-03-15 19:30:00,canteen,stage,technical,medium,afternoon
64,2026-03-15 19:30:00,canteen,canteen,technical,low,evening
72,2026-03-15 19:30:00,canteen,lab,sports,medium,evening
148,2026-03-15 19:30:00,stage,canteen,technical,low,evening
182,2026-03-15 19:31:00,stage,canteen,sports,low,afternoon
106,2026-03-15 19:31:00,canteen,lab,cultural,medium,afternoon
86,2026-03-15 19:31:00,stage,lab,sports,low,evening
158,2026-03-15 19:31:00,canteen,stage,technical,medium,afternoon
53,2026-03-15 19:31:00,stage,lab,sports,low,morning
92,2026-03-15 19:31:00,lab,lab,sports,medium,afternoon
99,2026-03-15 19:31:00,stage,canteen,sports,medium,morning
191,2026-03-15 19:31:00,stage,canteen,technical,high,afternoon
11,2026-03-15 19:32:00,lab,lab,sports,high,evening
31,2026-03-15 19:32:00,canteen,lab,sports,low,evening
177,2026-03-15 19:32:00,stage,canteen,technical,medium,morning
100,2026-03-15 19:32:00,stage,canteen,cultural,medium,morning
87,2026-03-15 19:32:00,lab,canteen,cultural,medium,afternoon
147,2026-03-15 19:32:00,lab,canteen,technical,medium,morning
140,2026-03-15 19:32:00,lab,canteen,cultural,medium,evening
15,2026-03-15 19:32:00,lab,canteen,sports,low,afternoon
159,2026-03-15 19:32:00,canteen,lab,technical,high,morning
171,2026-03-15 19:32:00,stage,lab,sports,medium,evening
101,2026-03-15 19:32:00,stage,lab,sports,medium,evening
165,2026-03-15 19:32:00,stage,canteen,technical,medium,afternoon
29,2026-03-15 19:33:00,stage,lab,sports,low,afternoon
114,2026-03-15 19:33:00,canteen,canteen,technical,high,afternoon
107,2026-03-15 19:33:00,stage,canteen,sports,high,afternoon
154,2026-03-15 19:33:00,canteen,lab,cultural,medium,morning
108,2026-03-15 19:33:00,canteen,canteen,sports,low,afternoon
130,2026-03-15 19:33:00,lab,stage,sports,high,morning
84,2026-03-15 19:33:00,lab,stage,technical,high,evening
15,2026-03-15 19:33:00,stage,canteen,cultural,low,afternoon
132,2026-03-15 19:33:00,canteen,lab,sports,high,afternoon
50,2026-03-15 19:33:00,lab,lab,sports,low,afternoon
166,2026-03-15 19:33:00,canteen,lab,cultural,high,afternoon
23,2026-03-15 19:34:00,lab,lab,cultural,low,afternoon
59,2026-03-15 19:34:00,canteen,lab,cultural,medium,afternoon
90,2026-03-15 19:34:00,stage,lab,cultural,high,afternoon
115,2026-03-15 19:34:00,stage,stage,cultural,high,morning
75,2026-03-15 19:34:00,canteen,lab,sports,high,afternoon
156,2026-03-15 19:34:00,lab,canteen,cultural,low,afternoon
194,2026-03-15 19:34:00,lab,lab,cultural,high,afternoon
123,2026-03-15 19:34:00,stage,stage,sports,high,morning
136,2026-03-15 19:35:00,stage,canteen,technical,low,afternoon
157,2026-03-15 19:35:00,stage,canteen,sports,high,afternoon
139,2026-03-15 19:35:00,lab,lab,technical,high,evening
18,2026-03-15 19:35:00,lab,lab,cultural,low,afternoon
183,2026-03-15 19:35:00,stage,canteen,technical,low,evening
50,2026-03-15 19:35:00,canteen,lab,sports,low,evening
142,2026-03-15 19:35:00,lab,canteen,technical,high,afternoon
118,2026-03-15 19:35:00,stage,canteen,technical,medium,afternoon
137,2026-03-15 19:35:00,canteen,stage,technical,low,afternoon
139,2026-03-15 19:35:00,lab,canteen,cultural,high,evening
191,2026-03-15 19:36:00,canteen,canteen,sports,medium,morning
108,2026-03-15 19:36:00,canteen,lab,technical,medium,morning
67,2026-03-15 19:36:00,lab,lab,cultural,low,afternoon
181,2026-03-15 19:36:00,stage,stage,sports,low,afternoon
167,2026-03-15 19:36:00,canteen,stage,sports,low,evening
78,2026-03-15 19:36:00,stage,canteen,sports,low,evening
184,2026-03-15 19:36:00,lab,canteen,sports,low,morning
156,2026-03-15 19:36:00,canteen,stage,cultural,high,evening
75,2026-03-15 19:36:00,canteen,canteen,sports,high,morning
39,2026-03-15 19:36:00,canteen,lab,technical,low,afternoon
25,2026-03-15 19:36:00,canteen,lab,sports,high,morning
21,2026-03-15 19:36:00,canteen,canteen,sports,low,morning
138,2026-03-15 19:37:00,lab,canteen,cultural,low,afternoon
171,2026-03-15 19:37:00,canteen,lab,technical,medium,morning
15,2026-03-15 19:37:00,lab,lab,technical,low,evening
48,2026-03-15 19:37:00,stage,canteen,cultural,medium,evening
86,2026-03-15 19:37:00,lab,stage,cultural,high,afternoon
149,2026-03-15 19:37:00,canteen,canteen,technical,low,afternoon
188,2026-03-15 19:37:00,stage,stage,technical,medium,evening
116,2026-03-15 19:37:00,lab,canteen,sports,medium,evening
50,2026-03-15 19:37:00,lab,stage,cultural,high,evening
151,2026-03-15 19:37:00,lab,canteen,technical,medium,evening
141,2026-03-15 19:37:00,canteen,stage,technical,low,morning
69,2026-03-15 19:37:00,canteen,lab,cultural,low,evening
4,2026-03-15 19:37:00,lab,stage,cultural,medium,afternoon
78,2026-03-15 19:37:00,lab,lab,technical,low,afternoon
200,2026-03-15 19:38:00,stage,canteen,cultural,low,evening
9,2026-03-15 19:38:00,canteen,stage,technical,medium,morning
121,2026-03-15 19:38:00,canteen,lab,technical,high,evening
115,2026-03-15 19:38:00,stage,canteen,sports,high,evening
163,2026-03-15 19:38:00,lab,stage,sports,low,afternoon
101,2026-03-15 19:38:00,lab,lab,cultural,medium,afternoon
149,2026-03-15 19:38:00,stage,canteen,cultural,low,morning
186,2026-03-15 19:38:00,lab,canteen,technical,low,morning
146,2026-03-15 19:38:00,lab,canteen,sports,medium,morning
97,2026-03-15 19:38:00,stage,lab,cultural,high,afternoon
200,2026-03-15 19:38:00,stage,canteen,technical,low,morning
81,2026-03-15 19:38:00,stage,canteen,sports,high,evening
43,2026-03-15 19:38:00,lab,canteen,technical,low,evening
95,2026-03-15 19:38:00,stage,lab,sports,medium,afternoon
6,2026-03-15 19:39:00,lab,lab,technical,medium,evening
67,2026-03-15 19:39:00,canteen,lab,sports,high,morning
140,2026-03-15 19:39:00,canteen,lab,technical,low,evening
100,2026-03-15 19:39:00,stage,lab,technical,medium,morning
12,2026-03-15 19:39:00,lab,lab,cultural,low,morning
66,2026-03-15 19:39:00,lab,lab,sports,low,morning
2,2026-03-15 19:39:00,lab,lab,sports,high,evening
143,2026-03-15 19:39:00,stage,stage,cultural,low,afternoon
151,2026-03-15 19:39:00,lab,lab,cultural,low,morning
157,2026-03-15 19:39:00,lab,lab,technical,high,evening
81,2026-03-15 19:39:00,lab,lab,sports,medium,afternoon
135,2026-03-15 19:39:00,canteen,lab,technical,low,evening
156,2026-03-15 19:39:00,lab,lab,technical,low,afternoon
142,2026-03-15 19:39:00,canteen,lab,technical,medium,evening
172,2026-03-15 19:39:00,lab,canteen,cultural,high,morning
158,2026-03-15 19:39:00,lab,stage,sports,medium,evening
160,2026-03-15 19:39:00,lab,stage,cultural,low,afternoon
70,2026-03-15 19:40:00,canteen,canteen,cultural,low,morning
115,2026-03-15 19:40:00,lab,canteen,sports,high,morning
88,2026-03-15 19:40:00,stage,canteen,sports,high,evening
6,2026-03-15 19:40:00,lab,canteen,cultural,medium,morning
27,2026-03-15 19:40:00,canteen,lab,cultural,high,afternoon
82,2026-03-15 19:40:00,canteen,canteen,cultural,medium,morning
88,2026-03-15 19:40:00,stage,lab,sports,medium,afternoon
120,2026-03-15 19:40:00,stage,lab,sports,low,afternoon
24,2026-03-15 19:40:00,stage,canteen,technical,medium,afternoon
102,2026-03-15 19:40:00,canteen,canteen,sports,medium,morning
34,2026-03-15 19:40:00,lab,lab,cultural,high,morning
168,2026-03-15 19:40:00,lab,lab,sports,high,evening
47,2026-03-15 19:40:00,stage,canteen,sports,low,afternoon
24,2026-03-15 19:40:00,stage,stage,sports,low,afternoon
65,2026-03-15 19:40:00,lab,canteen,cultural,low,evening
18,2026-03-15 19:40:00,stage,stage,technical,medium,evening
44,2026-03-15 19:40:00,lab,canteen,technical,high,afternoon
76,2026-03-15 19:40:00,lab,canteen,cultural,medium,afternoon
57,2026-03-15 19:40:00,lab,lab,cultural,low,evening
107,2026-03-15 19:40:00,lab,lab,technical,high,morning
156,2026-03-15 19:40:00,canteen,lab,cultural,medium,evening
124,2026-03-15 19:40:00,lab,lab,sports,high,afternoon
199,2026-03-15 19:41:00,stage,lab,sports,medium,afternoon
151,2026-03-15 19:41:00,stage,canteen,technical,low,morning
162,2026-03-15 19:41:00,stage,canteen,sports,medium,afternoon
139,2026-03-15 19:41:00,stage,canteen,technical,medium,afternoon
163,2026-03-15 19:41:00,canteen,lab,cultural,low,evening
116,2026-03-15 19:41:00,lab,lab,technical,low,morning
93,2026-03-15 19:41:00,lab,canteen,technical,medium,evening
42,2026-03-15 19:41:00,stage,stage,sports,medium,morning
28,2026-03-15 19:41:00,stage,lab,technical,medium,afternoon
123,2026-03-15 19:41:00,stage,canteen,technical,low,evening
24,2026-03-15 19:41:00,lab,stage,technical,low,evening
136,2026-03-15 19:41:00,canteen,lab,cultural,low,evening
106,2026-03-15 19:41:00,canteen,canteen,sports,high,morning
118,2026-03-15 19:41:00,canteen,lab,sports,high,afternoon
53,2026-03-15 19:42:00,canteen,lab,technical,low,afternoon
200,2026-03-15 19:42:00,stage,canteen,technical,high,morning
132,2026-03-15 19:42:00,lab,canteen,cultural,high,evening
100,2026-03-15 19:42:00,stage,canteen,sports,medium,afternoon
5,2026-03-15 19:42:00,canteen,canteen,sports,medium,afternoon
49,2026-03-15 19:42:00,stage,lab,technical,medium,evening
98,2026-03-15 19:42:00,canteen,canteen,cultural,high,morning
30,2026-03-15 19:42:00,lab,stage,cultural,high,afternoon
72,2026-03-15 19:42:00,canteen,stage,technical,medium,evening
103,2026-03-15 19:42:00,stage,canteen,technical,medium,evening
63,2026-03-15 19:42:00,lab,canteen,technical,low,evening
175,2026-03-15 19:42:00,canteen,lab,technical,high,morning
26,2026-03-15 19:42:00,canteen,canteen,technical,medium,afternoon
185,2026-03-15 19:42:00,lab,stage,cultural,medium,morning
37,2026-03-15 19:43:00,stage,canteen,cultural,medium,morning
7,2026-03-15 19:43:00,lab,lab,technical,high,evening
127,2026-03-15 19:43:00,stage,canteen,technical,medium,evening
168,2026-03-15 19:43:00,canteen,lab,sports,medium,evening
92,2026-03-15 19:43:00,canteen,lab,cultural,medium,morning
167,2026-03-15 19:43:00,lab,lab,cultural,medium,afternoon
190,2026-03-15 19:43:00,canteen,stage,technical,medium,evening
103,2026-03-15 19:43:00,lab,lab,cultural,low,afternoon
53,2026-03-15 19:43:00,canteen,lab,cultural,medium,afternoon
132,2026-03-15 19:43:00,canteen,lab,cultural,low,afternoon
108,2026-03-15 19:44:00,stage,canteen,sports,high,evening
112,2026-03-15 19:44:00,lab,lab,cultural,high,afternoon
153,2026-03-15 19:44:00,lab,lab,technical,high,morning
7,2026-03-15 19:44:00,canteen,canteen,cultural,high,morning
156,2026-03-15 19:44:00,stage,canteen,cultural,high,morning
197,2026-03-15 19:44:00,stage,canteen,sports,medium,evening
67,2026-03-15 19:44:00,lab,stage,cultural,medium,morning
108,2026-03-15 19:44:00,lab,lab,sports,high,afternoon
111,2026-03-15 19:44:00,canteen,stage,sports,medium,evening
148,2026-03-15 19:44:00,lab,stage,sports,low,evening
83,2026-03-15 19:44:00,canteen,lab,cultural,low,afternoon
124,2026-03-15 19:44:00,stage,stage,technical,medium,morning
139,2026-03-15 19:44:00,lab,lab,technical,high,afternoon
104,2026-03-15 19:44:00,stage,lab,cultural,high,afternoon
67,2026-03-15 19:44:00,stage,canteen,sports,low,evening
7,2026-03-15 19:44:00,canteen,lab,technical,medium,morning
151,2026-03-15 19:44:00,stage,lab,cultural,low,morning
189,2026-03-15 19:44:00,canteen,canteen,technical,medium,morning
199,2026-03-15 19:45:00,canteen,lab,cultural,high,afternoon
110,2026-03-15 19:45:00,stage,canteen,sports,low,evening
34,2026-03-15 19:45:00,stage,canteen,technical,medium,evening
106,2026-03-15 19:45:00,canteen,lab,cultural,high,evening
147,2026-03-15 19:45:00,canteen,lab,cultural,medium,morning
58,2026-03-15 19:45:00,stage,stage,technical,high,morning
9,2026-03-15 19:45:00,canteen,canteen,cultural,medium,evening
48,2026-03-15 19:45:00,canteen,lab,technical,low,afternoon
115,2026-03-15 19:45:00,lab,canteen,cultural,medium,evening
41,2026-03-15 19:45:00,lab,lab,technical,low,afternoon
48,2026-03-15 19:45:00,lab,lab,sports,low,evening
173,2026-03-15 19:45:00,lab,canteen,technical,low,afternoon
25,2026-03-15 19:45:00,lab,stage,cultural,high,evening
116,2026-03-15 19:45:00,canteen,lab,sports,low,morning
78,2026-03-15 19:46:00,canteen,canteen,sports,low,morning
108,2026-03-15 19:46:00,lab,stage,technical,low,morning
25,2026-03-15 19:46:00,stage,canteen,technical,high,morning
147,2026-03-15 19:46:00,lab,canteen,technical,medium,evening
39,2026-03-15 19:46:00,stage,stage,sports,high,morning
119,2026-03-15 19:46:00,canteen,canteen,sports,high,afternoon
79,2026-03-15 19:46:00,stage,lab,technical,medium,afternoon
80,2026-03-15 19:46:00,canteen,lab,cultural,medium,morning
27,2026-03-15 19:46:00,stage,lab,sports,low,morning
104,2026-03-15 19:46:00,canteen,stage,technical,low,morning
74,2026-03-15 19:46:00,canteen,canteen,cultural,medium,evening
191,2026-03-15 19:46:00,lab,lab,technical,medium,afternoon
68,2026-03-15 19:46:00,canteen,lab,sports,high,afternoon
147,2026-03-15 19:46:00,lab,lab,sports,high,afternoon
28,2026-03-15 19:46:00,lab,lab,technical,high,evening
123,2026-03-15 19:46:00,lab,lab,cultural,medium,evening
161,2026-03-15 19:46:00,stage,stage,sports,low,afternoon
138,2026-03-15 19:46:00,stage,canteen,technical,high,afternoon
83,2026-03-15 19:46:00,canteen,lab,technical,high,afternoon
30,2026-03-15 19:47:00,lab,lab,cultural,medium,morning
22,2026-03-15 19:47:00,lab,lab,cultural,high,evening
3,2026-03-15 19:47:00,canteen,lab,sports,medium,afternoon
101,2026-03-15 19:47:00,lab,canteen,cultural,low,morning
105,2026-03-15 19:47:00,canteen,lab,cultural,high,afternoon
176,2026-03-15 19:47:00,lab,lab,sports,high,afternoon
2,2026-03-15 19:47:00,stage,lab,technical,high,evening
54,2026-03-15 19:47:00,canteen,lab,sports,medium,afternoon
6,2026-03-15 19:47:00,canteen,stage,sports,medium,evening
107,2026-03-15 19:48:00,stage,canteen,cultural,low,evening
168,2026-03-15 19:48:00,canteen,lab,cultural,medium,afternoon
123,2026-03-15 19:48:00,stage,lab,technical,high,morning
2,2026-03-15 19:48:00,lab,stage,cultural,high,afternoon
111,2026-03-15 19:48:00,stage,canteen,technical,medium,afternoon
2,2026-03-15 19:48:00,stage,canteen,technical,low,afternoon
93,2026-03-15 19:48:00,canteen,lab,technical,medium,morning
183,2026-03-15 19:48:00,lab,canteen,sports,medium,evening
200,2026-03-15 19:48:00,stage,canteen,cultural,high,morning
101,2026-03-15 19:48:00,lab,canteen,cultural,high,morning
188,2026-03-15 19:48:00,stage,stage,technical,high,afternoon
97,2026-03-15 19:48:00,canteen,lab,cultural,medium,afternoon
111,2026-03-15 19:48:00,stage,stage,technical,medium,morning
6,2026-03-15 19:48:00,stage,canteen,cultural,low,evening
127,2026-03-15 19:48:00,lab,lab,sports,high,evening
104,2026-03-15 19:48:00,stage,lab,cultural,low,afternoon
147,2026-03-15 19:49:00,canteen,stage,technical,high,evening
155,2026-03-15 19:49:00,canteen,lab,sports,low,evening
1,2026-03-15 19:49:00,stage,canteen,cultural,high,evening
33,2026-03-15 19:49:00,stage,lab,sports,medium,morning
40,2026-03-15 19:49:00,lab,lab,technical,high,morning
32,2026-03-15 19:49:00,lab,stage,technical,low,afternoon
197,2026-03-15 19:49:00,canteen,canteen,cultural,low,evening
17,2026-03-15 19:49:00,lab,canteen,technical,high,afternoon
126,2026-03-15 19:49:00,stage,lab,cultural,medium,morning
8,2026-03-15 19:49:00,canteen,canteen,technical,high,afternoon
57,2026-03-15 19:49:00,lab,lab,technical,medium,morning
42,2026-03-15 19:49:00,canteen,lab,technical,high,morning
98,2026-03-15 19:49:00,stage,lab,cultural,medium,afternoon
137,2026-03-15 19:49:00,lab,lab,cultural,high,evening
120,2026-03-15 19:49:00,stage,canteen,cultural,high,afternoon
87,2026-03-15 19:49:00,stage,canteen,cultural,medium,evening
163,2026-03-15 19:49:00,canteen,lab,technical,medium,afternoon
199,2026-03-15 19:49:00,canteen,lab,sports,high,afternoon
181,2026-03-15 19:50:00,canteen,stage,cultural,low,afternoon
54,2026-03-15 19:50:00,lab,canteen,technical,medium,morning
84,2026-03-15 19:50:00,lab,canteen,technical,low,afternoon
25,2026-03-15 19:50:00,canteen,canteen,cultural,low,morning
67,2026-03-15 19:50:00,lab,stage,cultural,low,morning
190,2026-03-15 19:50:00,lab,canteen,technical,low,morning
183,2026-03-15 19:50:00,canteen,lab,cultural,high,afternoon
174,2026-03-15 19:50:00,stage,canteen,cultural,medium,afternoon
152,2026-03-15 19:50:00,lab,lab,sports,high,afternoon
46,2026-03-15 19:50:00,lab,stage,sports,high,afternoon
22,2026-03-15 19:50:00,stage,lab,cultural,high,morning
139,2026-03-15 19:50:00,stage,lab,sports,high,evening
176,2026-03-15 19:50:00,stage,canteen,sports,high,evening
8,2026-03-15 19:50:00,canteen,lab,cultural,medium,morning
39,2026-03-15 19:50:00,stage,stage,technical,high,morning
163,2026-03-15 19:51:00,canteen,lab,technical,high,evening
49,2026-03-15 19:51:00,stage,stage,technical,high,evening
46,2026-03-15 19:51:00,stage,canteen,technical,low,evening
38,2026-03-15 19:51:00,canteen,canteen,sports,high,evening
136,2026-03-15 19:51:00,canteen,lab,sports,medium,evening
54,2026-03-15 19:51:00,stage,canteen,cultural,medium,afternoon
165,2026-03-15 19:52:00,stage,canteen,cultural,medium,evening
92,2026-03-15 19:52:00,stage,canteen,technical,low,afternoon
40,2026-03-15 19:52:00,lab,lab,technical,medium,afternoon
34,2026-03-15 19:52:00,stage,canteen,cultural,low,morning
96,2026-03-15 19:52:00,canteen,stage,cultural,medium,morning
79,2026-03-15 19:52:00,lab,canteen,technical,low,evening
127,2026-03-15 19:52:00,canteen,lab,sports,medium,morning
17,2026-03-15 19:52:00,lab,canteen,sports,high,evening
161,2026-03-15 19:52:00,lab,canteen,sports,medium,morning
175,2026-03-15 19:52:00,canteen,lab,sports,medium,morning
110,2026-03-15 19:52:00,lab,canteen,sports,medium,evening
52,2026-03-15 19:52:00,canteen,canteen,cultural,high,morning
118,2026-03-15 19:53:00,stage,canteen,cultural,low,evening
9,2026-03-15 19:53:00,lab,canteen,technical,low,morning
33,2026-03-15 19:53:00,canteen,canteen,cultural,high,evening
188,2026-03-15 19:53:00,lab,stage,cultural,high,afternoon
113,2026-03-15 19:53:00,canteen,canteen,cultural,low,evening
149,2026-03-15 19:53:00,stage,canteen,cultural,low,morning
186,2026-03-15 19:53:00,stage,lab,technical,low,afternoon
85,2026-03-15 19:53:00,lab,lab,cultural,low,afternoon
197,2026-03-15 19:53:00,lab,lab,cultural,low,evening
10,2026-03-15 19:53:00,canteen,stage,technical,high,evening
6,2026-03-15 19:53:00,canteen,stage,cultural,low,afternoon
115,2026-03-15 19:53:00,lab,lab,technical,low,evening
121,2026-03-15 19:54:00,canteen,lab,sports,medium,evening
141,2026-03-15 19:54:00,canteen,stage,sports,high,evening
65,2026-03-15 19:54:00,canteen,canteen,cultural,high,morning
20,2026-03-15 19:54:00,lab,canteen,cultural,low,morning
57,2026-03-15 19:54:00,stage,lab,cultural,medium,afternoon
46,2026-03-15 19:54:00,stage,stage,cultural,medium,afternoon
136,2026-03-15 19:54:00,canteen,lab,sports,low,afternoon
10,2026-03-15 19:54:00,lab,lab,sports,medium,evening
113,2026-03-15 19:54:00,canteen,lab,cultural,low,evening
195,2026-03-15 19:54:00,stage,lab,technical,high,evening
139,2026-03-15 19:54:00,canteen,canteen,technical,medium,afternoon
12,2026-03-15 19:54:00,stage,canteen,sports,low,afternoon
138,2026-03-15 19:54:00,lab,lab,technical,low,morning
153,2026-03-15 19:54:00,canteen,lab,cultural,low,evening
177,2026-03-15 19:54:00,lab,lab,cultural,high,evening
177,2026-03-15 19:54:00,canteen,lab,cultural,medium,morning
11,2026-03-15 19:54:00,canteen,stage,cultural,high,afternoon
190,2026-03-15 19:54:00,canteen,stage,cultural,high,afternoon
118,2026-03-15 19:54:00,canteen,lab,technical,medium,afternoon
164,2026-03-15 19:54:00,canteen,canteen,technical,high,evening
39,2026-03-15 19:54:00,lab,stage,sports,low,morning
53,2026-03-15 19:55:00,lab,canteen,sports,medium,morning
56,2026-03-15 19:55:00,stage,lab,technical,high,afternoon
104,2026-03-15 19:55:00,canteen,stage,technical,medium,evening
129,2026-03-15 19:55:00,stage,canteen,sports,high,morning
56,2026-03-15 19:55:00,lab,stage,cultural,low,evening
118,2026-03-15 19:55:00,stage,stage,sports,high,afternoon
132,2026-03-15 19:55:00,lab,canteen,sports,medium,afternoon
30,2026-03-15 19:55:00,canteen,stage,technical,high,morning
12,2026-03-15 19:55:00,stage,lab,sports,low,afternoon
35,2026-03-15 19:55:00,stage,lab,sports,low,morning
77,2026-03-15 19:55:00,stage,lab,technical,low,afternoon
180,2026-03-15 19:55:00,stage,canteen,cultural,high,morning
159,2026-03-15 19:55:00,canteen,canteen,cultural,medium,afternoon
102,2026-03-15 19:56:00,lab,stage,cultural,high,afternoon
87,2026-03-15 19:56:00,lab,canteen,technical,high,evening
196,2026-03-15 19:56:00,canteen,canteen,sports,high,evening
52,2026-03-15 19:56:00,lab,lab,cultural,medium,afternoon
80,2026-03-15 19:56:00,stage,stage,sports,low,morning
135,2026-03-15 19:56:00,canteen,canteen,technical,low,afternoon
22,2026-03-15 19:56:00,lab,lab,cultural,low,evening
75,2026-03-15 19:56:00,canteen,canteen,cultural,medium,morning
184,2026-03-15 19:56:00,canteen,lab,sports,high,afternoon
58,2026-03-15 19:56:00,lab,lab,cultural,high,afternoon
93,2026-03-15 19:56:00,lab,canteen,technical,high,evening
192,2026-03-15 19:56:00,canteen,canteen,sports,medium,morning
103,2026-03-15 19:56:00,canteen,lab,sports,high,morning
140,2026-03-15 19:57:00,lab,stage,cultural,medium,morning
7,2026-03-15 19:57:00,canteen,canteen,cultural,low,afternoon
128,2026-03-15 19:57:00,lab,lab,cultural,low,evening
55,2026-03-15 19:57:00,canteen,canteen,cultural,medium,afternoon
106,2026-03-15 19:57:00,canteen,stage,sports,low,evening
62,2026-03-15 19:57:00,canteen,lab,sports,medium,evening
90,2026-03-15 19:57:00,lab,lab,cultural,high,morning
98,2026-03-15 19:57:00,stage,stage,sports,low,afternoon
77,2026-03-15 19:57:00,lab,canteen,technical,low,morning
183,2026-03-15 19:57:00,canteen,stage,sports,high,evening
119,2026-03-15 19:58:00,stage,canteen,technical,high,evening
36,2026-03-15 19:58:00,stage,lab,technical,medium,morning
89,2026-03-15 19:58:00,canteen,lab,technical,low,morning
152,2026-03-15 19:58:00,lab,lab,cultural,high,evening
172,2026-03-15 19:58:00,stage,stage,sports,low,afternoon
145,2026-03-15 19:58:00,stage,stage,technical,low,morning
130,2026-03-15 19:58:00,lab,canteen,cultural,low,afternoon
141,2026-03-15 19:58:00,lab,canteen,sports,low,evening
159,2026-03-15 19:58:00,stage,stage,sports,medium,morning
93,2026-03-15 19:58:00,lab,canteen,cultural,high,morning
114,2026-03-15 19:58:00,stage,stage,sports,low,evening
28,2026-03-15 19:58:00,canteen,lab,cultural,high,morning
188,2026-03-15 19:58:00,lab,lab,cultural,high,morning
155,2026-03-15 19:58:00,stage,canteen,cultural,medium,afternoon
143,2026-03-15 19:59:00,lab,stage,sports,medium,morning
33,2026-03-15 19:59:00,lab,lab,cultural,low,afternoon
20,2026-03-15 19:59:00,stage,lab,cultural,low,morning
170,2026-03-15 19:59:00,canteen,stage,sports,medium,morning
140,2026-03-15 19:59:00,stage,canteen,technical,high,evening
101,2026-03-15 19:59:00,lab,lab,cultural,high,evening
23,2026-03-15 19:59:00,stage,canteen,cultural,medium,morning
200,2026-03-15 19:59:00,lab,canteen,technical,low,afternoon
112,2026-03-15 19:59:00,stage,canteen,sports,low,evening
